{"type":"FeatureCollection","total":185,"metadata":{"region":"경기","sourceName":"경기도 경기부동산포털 소규모 주택정비사업 정보","sourceUrl":"https://data.gg.go.kr/portal/data/service/selectServicePage.do?infId=13H5REOHIUBGL1CYYHSG35587037&infSeq=2","sourceLicense":"출처표시 + 상업적 이용 허용 + 변경 금지","sourceBaseDate":"","boundary":"PNU 기준 대표 1필지 (구역 전체 경계 아님)","generatedBy":"scripts/convert-gyeonggi-small-scale-zones.py"},"features":[{"type":"Feature","id":"gyeonggi-small-4113310300140220000","geometry":{"type":"MultiPolygon","coordinates":[[[[127.16157155460051,37.45112890810012],[127.16169516439584,37.45109429520858],[127.16166221080638,37.45102080881324],[127.16153829689848,37.451055854564906],[127.16157155460051,37.45112890810012]]]]},"properties":{"projectName":"(가칭)금광동 4022번지 가로주택정비사업","normalizedName":"금광동4022번지가로주택정비사업","projectType":"가로주택정비","category":"small-scale","programTags":[],"stageName":"","districtCode":"41133","districtName":"성남시","regionName":"경기도 성남시","areaSquareMeters":8935.0,"noticeDate":"","sourceBaseDate":"","partCount":1,"pnu":"4113310300140220000","parcelAddress":"경기도 성남시 중원구 금광동 4022","representativeParcelOnly":true,"bounds":[127.161538,37.451021,127.161695,37.451129]}},{"type":"Feature","id":"gyeonggi-small-4141010100100670008","geometry":{"type":"MultiPolygon","coordinates":[[[[126.94792083227865,37.35641798466679],[126.94792524305156,37.356580368613024],[126.94830724518202,37.3565726571022],[126.94829709157784,37.356389718304335],[126.9480711299748,37.35640756477676],[126.94792083227865,37.35641798466679]]]]},"properties":{"projectName":"(가칭)당동 67-8번지일원 가로주택정비사업","normalizedName":"당동678번지일원가로주택정비사업","projectType":"가로주택정비","category":"small-scale","programTags":[],"stageName":"","districtCode":"41410","districtName":"군포시","regionName":"경기도 군포시","areaSquareMeters":5192.0,"noticeDate":"","sourceBaseDate":"","partCount":1,"pnu":"4141010100100670008","parcelAddress":"경기도 군포시 당동 67-8","representativeParcelOnly":true,"bounds":[126.947921,37.35639,126.948307,37.35658]}},{"type":"Feature","id":"gyeonggi-small-4141010100107400002","geometry":{"type":"MultiPolygon","coordinates":[[[[126.94396019976186,37.35638890432481],[126.9444068666617,37.35633587045747],[126.94437490093489,37.35615736282017],[126.94392726567418,37.35620868415807],[126.94396019976186,37.35638890432481]]]]},"properties":{"projectName":"(가칭)당동 740-2번지 일대 가로주택정비사업","normalizedName":"당동7402번지일대가로주택정비사업","projectType":"가로주택정비","category":"small-scale","programTags":[],"stageName":"","districtCode":"41410","districtName":"군포시","regionName":"경기도 군포시","areaSquareMeters":6458.3,"noticeDate":"","sourceBaseDate":"","partCount":1,"pnu":"4141010100107400002","parcelAddress":"경기도 군포시 당동 740-2","representativeParcelOnly":true,"bounds":[126.943927,37.356157,126.944407,37.356389]}},{"type":"Feature","id":"gyeonggi-small-4141010100107410001","geometry":{"type":"MultiPolygon","coordinates":[[[[126.94450231672401,37.356359352042325],[126.94465003478837,37.35634256503928],[126.94462821803694,37.3562208266535],[126.94448053400679,37.356237694738],[126.94450231672401,37.356359352042325]]]]},"properties":{"projectName":"(가칭)당동 741-1번지 일원 가로주택정비사업","normalizedName":"당동7411번지일원가로주택정비사업","projectType":"가로주택정비","category":"small-scale","programTags":[],"stageName":"","districtCode":"41410","districtName":"군포시","regionName":"경기도 군포시","areaSquareMeters":1169.0,"noticeDate":"","sourceBaseDate":"","partCount":1,"pnu":"4141010100107410001","parcelAddress":"경기도 군포시 당동 741-1","representativeParcelOnly":true,"bounds":[126.944481,37.356221,126.94465,37.356359]}},{"type":"Feature","id":"gyeonggi-small-4145010600103810008","geometry":{"type":"MultiPolygon","coordinates":[[[[127.21227363044629,37.54226455462491],[127.21239295971333,37.54214762726417],[127.21253838999537,37.54200964203981],[127.21214651614733,37.54179026561061],[127.21210980159863,37.54181552279036],[127.21206754448977,37.54184950242157],[127.21203197706896,37.5418763072359],[127.21199239436397,37.54185941213226],[127.21198207897656,37.54185682665304],[127.21196257521588,37.54185810477769],[127.21193258731908,37.54188130466595],[127.2118472222422,37.54195259896711],[127.2117933086345,37.542002105310935],[127.21187790460527,37.54205171637203],[127.21201327442378,37.54213035690322],[127.21210558654755,37.54218359404861],[127.21218186991422,37.5422304897109],[127.21219144783701,37.542236374114125],[127.21226228375053,37.5422734766626],[127.21227363044629,37.54226455462491]]]]},"properties":{"projectName":"(가칭)동아아파트 가로주택정비사업","normalizedName":"동아아파트가로주택정비사업","projectType":"가로주택정비","category":"small-scale","programTags":[],"stageName":"","districtCode":"41450","districtName":"하남시","regionName":"경기도 하남시","areaSquareMeters":4162.0,"noticeDate":"","sourceBaseDate":"","partCount":1,"pnu":"4145010600103810008","parcelAddress":"경기도 하남시 신장동 381-8","representativeParcelOnly":true,"bounds":[127.211793,37.54179,127.212538,37.542273]}},{"type":"Feature","id":"gyeonggi-small-4119210200104370003","geometry":{"type":"MultiPolygon","coordinates":[[[[126.7799630275048,37.49280880155771],[126.7799775130397,37.49287379067918],[126.78039536477915,37.492813909253805],[126.78037278839584,37.49271241461704],[126.78035062368261,37.49261321829],[126.7803283711432,37.49251314782464],[126.78030599698863,37.49241215810767],[126.78028295420248,37.49231168971171],[126.78012830138232,37.492333852896216],[126.77986526228383,37.49237197649727],[126.77987898142709,37.49243222494762],[126.77989309717938,37.49249602407227],[126.77990680029484,37.492557885274685],[126.77992082627131,37.49262146798676],[126.77993456229049,37.492683689645645],[126.77994877261648,37.49274612843129],[126.7799630275048,37.49280880155771]]]]},"properties":{"projectName":"(가칭)무지개연립","normalizedName":"무지개연립","projectType":"소규모주택정비","category":"small-scale","programTags":[],"stageName":"","districtCode":"41192","districtName":"부천시","regionName":"경기도 부천시","areaSquareMeters":2114.0,"noticeDate":"","sourceBaseDate":"","partCount":1,"pnu":"4119210200104370003","parcelAddress":"경기도 부천시 원미구 심곡동 437-3","representativeParcelOnly":true,"bounds":[126.779865,37.492312,126.780395,37.492874]}},{"type":"Feature","id":"gyeonggi-small-4117110100103420050","geometry":{"type":"MultiPolygon","coordinates":[[[[126.93702202214938,37.37817295562209],[126.93714368026578,37.378236183207605],[126.93723092994041,37.37813477611028],[126.9370996763495,37.378069921556914],[126.93702202214938,37.37817295562209]]]]},"properties":{"projectName":"(가칭)안양동342-50번지 일원 가로주택정비사업","normalizedName":"안양동34250번지일원가로주택정비사업","projectType":"가로주택정비","category":"small-scale","programTags":[],"stageName":"","districtCode":"41171","districtName":"안양시","regionName":"경기도 안양시","areaSquareMeters":6883.0,"noticeDate":"","sourceBaseDate":"","partCount":1,"pnu":"4117110100103420050","parcelAddress":"경기도 안양시 만안구 안양동 342-50","representativeParcelOnly":true,"bounds":[126.937022,37.37807,126.937231,37.378236]}},{"type":"Feature","id":"gyeonggi-small-4115011000107080000","geometry":{"type":"MultiPolygon","coordinates":[[[[127.03048150869701,37.74486763931359],[127.0303545117767,37.74477757433533],[127.03031073199506,37.744818398571134],[127.03019656072443,37.74473968239879],[127.0301026490869,37.74482619746697],[127.03010538241958,37.7448529553479],[127.03031681308813,37.74499318353061],[127.03035085030007,37.744990832713256],[127.03048150869701,37.74486763931359]]]]},"properties":{"projectName":"가능동 708번지 일원 가로주택정비사업(2)","normalizedName":"가능동708번지일원가로주택정비사업","projectType":"가로주택정비","category":"small-scale","programTags":[],"stageName":"","districtCode":"41150","districtName":"의정부시","regionName":"경기도 의정부시","areaSquareMeters":5734.0,"noticeDate":"","sourceBaseDate":"","partCount":1,"pnu":"4115011000107080000","parcelAddress":"경기도 의정부시 가능동 708","representativeParcelOnly":true,"bounds":[127.030103,37.74474,127.030482,37.744993]}},{"type":"Feature","id":"gyeonggi-small-4115011000106510000","geometry":{"type":"MultiPolygon","coordinates":[[[[127.04065415426754,37.747724891669925],[127.04069263622651,37.74775803423927],[127.04079316748968,37.74776106405756],[127.04079709809382,37.7476841207129],[127.04079528261424,37.747684031221695],[127.04065651330444,37.74767984285668],[127.04065415426754,37.747724891669925]]]]},"properties":{"projectName":"가능동 수정아파트 일원 가로주택정비사업","normalizedName":"가능동수정아파트일원가로주택정비사업","projectType":"가로주택정비","category":"small-scale","programTags":[],"stageName":"","districtCode":"41150","districtName":"의정부시","regionName":"경기도 의정부시","areaSquareMeters":9987.8,"noticeDate":"","sourceBaseDate":"","partCount":1,"pnu":"4115011000106510000","parcelAddress":"경기도 의정부시 가능동 651","representativeParcelOnly":true,"bounds":[127.040654,37.74768,127.040797,37.747761]}},{"type":"Feature","id":"gyeonggi-small-4119610500103870004","geometry":{"type":"MultiPolygon","coordinates":[[[[126.82026724336767,37.52555086007373],[126.82035993706056,37.52572038907782],[126.82046885684305,37.52568262425552],[126.82037616294976,37.525513095335306],[126.82026724336767,37.52555086007373]]]]},"properties":{"projectName":"강서,청실 가로주택정비사업","normalizedName":"강서청실가로주택정비사업","projectType":"가로주택정비","category":"small-scale","programTags":[],"stageName":"","districtCode":"41196","districtName":"부천시","regionName":"경기도 부천시","areaSquareMeters":3046.0,"noticeDate":"","sourceBaseDate":"","partCount":1,"pnu":"4119610500103870004","parcelAddress":"경기도 부천시 오정구 고강동 387-4","representativeParcelOnly":true,"bounds":[126.820267,37.525513,126.820469,37.52572]}},{"type":"Feature","id":"gyeonggi-small-4121010400108890002","geometry":{"type":"MultiPolygon","coordinates":[[[[126.8781735827071,37.438164560163045],[126.87822261407813,37.43814230236283],[126.8783535490066,37.43766909444827],[126.87833953727603,37.43763485056385],[126.87806347017033,37.43744124234841],[126.87793770897044,37.43741277424867],[126.87789657504352,37.43739457593277],[126.87762848143939,37.43802033347192],[126.8781735827071,37.438164560163045]]]]},"properties":{"projectName":"개운1차","normalizedName":"개운1차","projectType":"소규모주택정비","category":"small-scale","programTags":[],"stageName":"","districtCode":"41210","districtName":"광명시","regionName":"경기도 광명시","areaSquareMeters":3467.0,"noticeDate":"","sourceBaseDate":"","partCount":1,"pnu":"4121010400108890002","parcelAddress":"경기도 광명시 소하동 889-2","representativeParcelOnly":true,"bounds":[126.877628,37.437395,126.878354,37.438165]}},{"type":"Feature","id":"gyeonggi-small-4139012700114670004","geometry":{"type":"MultiPolygon","coordinates":[[[[126.78327829381024,37.346656196905215],[126.7833802693939,37.34657530212774],[126.78351978115215,37.34643589207299],[126.78367668865104,37.346224459264285],[126.78375107109933,37.346096146698464],[126.78372088388102,37.34604852625425],[126.78342571177798,37.34598404609817],[126.7833278524647,37.34604677492957],[126.78337912729246,37.3461273936891],[126.78343476046248,37.34615270680493],[126.78356042824734,37.34621089202133],[126.78347989513973,37.346315604410925],[126.7833594579112,37.34645452700288],[126.78332651012789,37.34649121887383],[126.78326955686791,37.346539804977795],[126.78313397354671,37.346569531747384],[126.78314777142364,37.346637395049974],[126.78322297534902,37.34666241100609],[126.78327829381024,37.346656196905215]]]]},"properties":{"projectName":"거모동 아주1차아파트 가로주택정비사업","normalizedName":"거모동아주1차아파트가로주택정비사업","projectType":"가로주택정비","category":"small-scale","programTags":[],"stageName":"","districtCode":"41390","districtName":"시흥시","regionName":"경기도 시흥시","areaSquareMeters":2833.0,"noticeDate":"","sourceBaseDate":"","partCount":1,"pnu":"4139012700114670004","parcelAddress":"경기도 시흥시 거모동 1467-4","representativeParcelOnly":true,"bounds":[126.783134,37.345984,126.783751,37.346662]}},{"type":"Feature","id":"gyeonggi-small-4119210200100950001","geometry":{"type":"MultiPolygon","coordinates":[[[[126.78383643439263,37.495321901996746],[126.78440216531783,37.495241303583065],[126.78443305502054,37.49520365358886],[126.78434004104886,37.494799096822256],[126.78429317837049,37.4947724762842],[126.78373080649739,37.494854062466565],[126.78383643439263,37.495321901996746]]]]},"properties":{"projectName":"건부아파트 소규모 재건축사업","normalizedName":"건부아파트소규모재건축사업","projectType":"소규모주택정비","category":"small-scale","programTags":[],"stageName":"","districtCode":"41192","districtName":"부천시","regionName":"경기도 부천시","areaSquareMeters":2851.0,"noticeDate":"","sourceBaseDate":"","partCount":1,"pnu":"4119210200100950001","parcelAddress":"경기도 부천시 원미구 심곡동 95-1","representativeParcelOnly":true,"bounds":[126.783731,37.494772,126.784433,37.495322]}},{"type":"Feature","id":"gyeonggi-small-4111513800102080000","geometry":{"type":"MultiPolygon","coordinates":[[[[126.99728926315808,37.28163625712568],[126.99761917224075,37.2817835781932],[126.99763974114568,37.281759638439866],[126.99764920246419,37.281747105389755],[126.99777181178776,37.28166798967925],[126.99786340039661,37.28158631395774],[126.99791562326975,37.28151890031736],[126.99795558824555,37.28146624519525],[126.99802660926343,37.28137538720602],[126.99803581106445,37.281364061499914],[126.9980020627665,37.28134246275988],[126.99789818604236,37.28137444628499],[126.99786436995063,37.28135641559173],[126.99783462363449,37.28135696430192],[126.99776464424123,37.28135823256483],[126.99769813912873,37.28133467745735],[126.99764558312125,37.28130005809132],[126.99753454904888,37.281274023591195],[126.99728101016152,37.28161619985237],[126.99728926315808,37.28163625712568]]]]},"properties":{"projectName":"경일아파트 가로주택정비사업","normalizedName":"경일아파트가로주택정비사업","projectType":"가로주택정비","category":"small-scale","programTags":[],"stageName":"","districtCode":"41115","districtName":"수원시","regionName":"경기도 수원시","areaSquareMeters":4093.0,"noticeDate":"","sourceBaseDate":"","partCount":1,"pnu":"4111513800102080000","parcelAddress":"경기도 수원시 팔달구 화서동 208","representativeParcelOnly":true,"bounds":[126.997281,37.281274,126.998036,37.281784]}},{"type":"Feature","id":"gyeonggi-small-4119610500104020000","geometry":{"type":"MultiPolygon","coordinates":[[[[126.81953203302709,37.52387307032984],[126.81956557204181,37.52371102419274],[126.81939324414128,37.52368075550489],[126.81935569966477,37.52386161717791],[126.81934139112349,37.52393070133832],[126.81933955944774,37.523939618352294],[126.81951200104548,37.523969887293006],[126.81953203302709,37.52387307032984]]]]},"properties":{"projectName":"고강동 402번지 일원 가로주택정비사업","normalizedName":"고강동402번지일원가로주택정비사업","projectType":"가로주택정비","category":"small-scale","programTags":[],"stageName":"","districtCode":"41196","districtName":"부천시","regionName":"경기도 부천시","areaSquareMeters":4563.0,"noticeDate":"","sourceBaseDate":"","partCount":1,"pnu":"4119610500104020000","parcelAddress":"경기도 부천시 오정구 고강동 402","representativeParcelOnly":true,"bounds":[126.81934,37.523681,126.819566,37.52397]}},{"type":"Feature","id":"gyeonggi-small-4119610500103990003","geometry":{"type":"MultiPolygon","coordinates":[[[[126.82210919887687,37.525070108988174],[126.82195669077161,37.525123044875606],[126.82201537237393,37.52523043341029],[126.82216799374001,37.52517751564012],[126.82210919887687,37.525070108988174]]]]},"properties":{"projectName":"고강동 강서주택외","normalizedName":"고강동강서주택외","projectType":"소규모주택정비","category":"small-scale","programTags":[],"stageName":"","districtCode":"41196","districtName":"부천시","regionName":"경기도 부천시","areaSquareMeters":3789.2,"noticeDate":"","sourceBaseDate":"","partCount":1,"pnu":"4119610500103990003","parcelAddress":"경기도 부천시 오정구 고강동 399-3","representativeParcelOnly":true,"bounds":[126.821957,37.52507,126.822168,37.52523]}},{"type":"Feature","id":"gyeonggi-small-4119610500103970000","geometry":{"type":"MultiPolygon","coordinates":[[[[126.82262866260768,37.52602298588038],[126.82257632485643,37.52600605801991],[126.82170066220417,37.526311156037416],[126.82167308043418,37.52634931616775],[126.82170861440753,37.5265329927429],[126.82175414085596,37.526559821548354],[126.82279599977932,37.52644093981105],[126.82282403567325,37.52640187911201],[126.82262866260768,37.52602298588038]]]]},"properties":{"projectName":"고강동 새보미아파트","normalizedName":"고강동새보미아파트","projectType":"소규모주택정비","category":"small-scale","programTags":[],"stageName":"","districtCode":"41196","districtName":"부천시","regionName":"경기도 부천시","areaSquareMeters":3762.0,"noticeDate":"","sourceBaseDate":"","partCount":1,"pnu":"4119610500103970000","parcelAddress":"경기도 부천시 오정구 고강동 397","representativeParcelOnly":true,"bounds":[126.821673,37.526006,126.822824,37.52656]}},{"type":"Feature","id":"gyeonggi-small-4119610500103610004","geometry":{"type":"MultiPolygon","coordinates":[[[[126.82030398896062,37.5302831041911],[126.82055702690838,37.530254227910035],[126.82056675913496,37.53025311657993],[126.82060942243245,37.530248271524776],[126.82060363347901,37.53020933976435],[126.82060006055256,37.53018504352272],[126.8205928358176,37.53013632477898],[126.82028434092722,37.530174153012275],[126.82030398896062,37.5302831041911]]]]},"properties":{"projectName":"고강동 여명빌라외 가로주택정비사업","normalizedName":"고강동여명빌라외가로주택정비사업","projectType":"가로주택정비","category":"small-scale","programTags":[],"stageName":"","districtCode":"41196","districtName":"부천시","regionName":"경기도 부천시","areaSquareMeters":1432.1,"noticeDate":"","sourceBaseDate":"","partCount":1,"pnu":"4119610500103610004","parcelAddress":"경기도 부천시 오정구 고강동 361-4","representativeParcelOnly":true,"bounds":[126.820284,37.530136,126.820609,37.530283]}},{"type":"Feature","id":"gyeonggi-small-4119610500102880000","geometry":{"type":"MultiPolygon","coordinates":[[[[126.81340200012075,37.529745610325165],[126.81333031384428,37.52950439042739],[126.81332805010561,37.529504819297046],[126.8131270300382,37.52954289013534],[126.81317246590602,37.529695239408575],[126.8132143623398,37.529725489474195],[126.81340200012075,37.529745610325165]]]]},"properties":{"projectName":"고강동 한솔빌라외","normalizedName":"고강동한솔빌라외","projectType":"소규모주택정비","category":"small-scale","programTags":[],"stageName":"","districtCode":"41196","districtName":"부천시","regionName":"경기도 부천시","areaSquareMeters":1819.7,"noticeDate":"","sourceBaseDate":"","partCount":1,"pnu":"4119610500102880000","parcelAddress":"경기도 부천시 오정구 고강동 288","representativeParcelOnly":true,"bounds":[126.813127,37.529504,126.813402,37.529746]}},{"type":"Feature","id":"gyeonggi-small-4128111600101940000","geometry":{"type":"MultiPolygon","coordinates":[[[[126.9028610380068,37.704491268084745],[126.90303441502905,37.704455554534725],[126.90308276468222,37.70433814485521],[126.90296952181224,37.70434916819775],[126.90280824666031,37.704366241768675],[126.90281475419664,37.704384500806654],[126.90282885371035,37.704424182182905],[126.9028610380068,37.704491268084745]]]]},"properties":{"projectName":"고양동 수정계명빌라 가로주택정비사업","normalizedName":"고양동수정계명빌라가로주택정비사업","projectType":"가로주택정비","category":"small-scale","programTags":[],"stageName":"","districtCode":"41281","districtName":"고양시","regionName":"경기도 고양시","areaSquareMeters":2921.0,"noticeDate":"","sourceBaseDate":"","partCount":1,"pnu":"4128111600101940000","parcelAddress":"경기도 고양시 덕양구 고양동 194","representativeParcelOnly":true,"bounds":[126.902808,37.704338,126.903083,37.704491]}},{"type":"Feature","id":"gyeonggi-small-4119610400102960005","geometry":{"type":"MultiPolygon","coordinates":[[[[126.81032506476353,37.52701514750369],[126.81032484218392,37.5268807189486],[126.81021770840525,37.52688092389405],[126.8102125709456,37.52672198035774],[126.80967305612893,37.52672326765667],[126.80963303988604,37.52675518791436],[126.80963327822889,37.527015485255205],[126.8099582990181,37.52701536412496],[126.81032506476353,37.52701514750369]]]]},"properties":{"projectName":"공항주택296-5 가로주택정비사업","normalizedName":"공항주택2965가로주택정비사업","projectType":"가로주택정비","category":"small-scale","programTags":[],"stageName":"","districtCode":"41196","districtName":"부천시","regionName":"경기도 부천시","areaSquareMeters":1809.0,"noticeDate":"","sourceBaseDate":"","partCount":1,"pnu":"4119610400102960005","parcelAddress":"경기도 부천시 오정구 원종동 296-5","representativeParcelOnly":true,"bounds":[126.809633,37.526722,126.810325,37.527015]}},{"type":"Feature","id":"gyeonggi-small-4121010100100240017","geometry":{"type":"MultiPolygon","coordinates":[[[[126.86118648529403,37.480003878290105],[126.86117595158724,37.480002090807666],[126.86105984306975,37.47998261736671],[126.86103240183543,37.479977620228986],[126.86101990437366,37.480034377448675],[126.86103068478539,37.4800372464396],[126.8609760234373,37.480150644504576],[126.86100004130651,37.480160475960105],[126.86105013634064,37.480173239636315],[126.86114152914568,37.48019344056815],[126.8611765759517,37.48007327964502],[126.86116615736637,37.48007038406711],[126.86118648529403,37.480003878290105]]]]},"properties":{"projectName":"광명3동 LH참여형 가로주택정비사업","normalizedName":"광명3동LH참여형가로주택정비사업","projectType":"가로주택정비","category":"small-scale","programTags":[],"stageName":"","districtCode":"41210","districtName":"광명시","regionName":"경기도 광명시","areaSquareMeters":19252.0,"noticeDate":"","sourceBaseDate":"","partCount":1,"pnu":"4121010100100240017","parcelAddress":"경기도 광명시 광명동 24-17","representativeParcelOnly":true,"bounds":[126.860976,37.479978,126.861186,37.480193]}},{"type":"Feature","id":"gyeonggi-small-4121010100102950021","geometry":{"type":"MultiPolygon","coordinates":[[[[126.85307461123028,37.475200873160915],[126.85312706118151,37.475312465031045],[126.853226937808,37.475286019867696],[126.85318238831258,37.475169563539346],[126.85307461123028,37.475200873160915]]]]},"properties":{"projectName":"광명시 광명7동","normalizedName":"광명시광명7동","projectType":"소규모주택정비","category":"small-scale","programTags":[],"stageName":"","districtCode":"41210","districtName":"광명시","regionName":"경기도 광명시","areaSquareMeters":null,"noticeDate":"","sourceBaseDate":"","partCount":1,"pnu":"4121010100102950021","parcelAddress":"경기도 광명시 광명동 295-21","representativeParcelOnly":true,"bounds":[126.853075,37.47517,126.853227,37.475312]}},{"type":"Feature","id":"gyeonggi-small-4119610400101310000","geometry":{"type":"MultiPolygon","coordinates":[[[[126.80190136837926,37.527388295884805],[126.80170708813536,37.5273594869848],[126.80151292138807,37.52733059686806],[126.80154081978152,37.5272201823545],[126.80158106511406,37.52706141441311],[126.80109197498396,37.52698877632361],[126.8010484561608,37.52701762434656],[126.80104883907788,37.52746640965225],[126.80108494793821,37.52750106906737],[126.80203859629509,37.52764268886288],[126.80209553542876,37.52741718536352],[126.80190136837926,37.527388295884805]]]]},"properties":{"projectName":"광성보원 가로주택정비사업","normalizedName":"광성보원가로주택정비사업","projectType":"가로주택정비","category":"small-scale","programTags":[],"stageName":"","districtCode":"41196","districtName":"부천시","regionName":"경기도 부천시","areaSquareMeters":5288.0,"noticeDate":"","sourceBaseDate":"","partCount":1,"pnu":"4119610400101310000","parcelAddress":"경기도 부천시 오정구 원종동 131","representativeParcelOnly":true,"bounds":[126.801048,37.526989,126.802096,37.527643]}},{"type":"Feature","id":"gyeonggi-small-4119410200106170140","geometry":{"type":"MultiPolygon","coordinates":[[[[126.77871569513748,37.476201876765565],[126.77884090973312,37.47626748939035],[126.77887477297045,37.47628521280924],[126.77898245797942,37.47634163808838],[126.77903872386362,37.4763913891669],[126.77917570331861,37.47644327431701],[126.77924359839128,37.47634555338812],[126.77935646593808,37.47614078800804],[126.77944298793248,37.476090134208754],[126.77949239516808,37.47597435837165],[126.7795695939178,37.4757121320079],[126.77965992612138,37.47571086003831],[126.7796475762744,37.47552883471382],[126.77950086725997,37.475288712775665],[126.7793832434287,37.47534399336767],[126.77910168665485,37.47528760171297],[126.77897871399148,37.475621641447624],[126.77888103357509,37.47577534836304],[126.77874249461182,37.475944655582474],[126.77869996750991,37.47602737735652],[126.77859129058696,37.47596257064088],[126.77859258026125,37.476137367189544],[126.77871569513748,37.476201876765565]]]]},"properties":{"projectName":"광희아파트 소규모재건축사업","normalizedName":"광희아파트소규모재건축사업","projectType":"소규모재건축","category":"small-scale","programTags":[],"stageName":"","districtCode":"41194","districtName":"부천시","regionName":"경기도 부천시","areaSquareMeters":6300.0,"noticeDate":"","sourceBaseDate":"","partCount":1,"pnu":"4119410200106170140","parcelAddress":"경기도 부천시 소사구 심곡본동 617-140","representativeParcelOnly":true,"bounds":[126.778591,37.475288,126.77966,37.476443]}},{"type":"Feature","id":"gyeonggi-small-4119410400101250000","geometry":{"type":"MultiPolygon","coordinates":[[[[126.81315037513336,37.4833865011673],[126.81362597847226,37.48358899230196],[126.8137487722855,37.48340565380301],[126.81367052513502,37.4833633626336],[126.81346254352094,37.48325112760577],[126.8132999524775,37.48316338162294],[126.81315037513336,37.4833865011673]]]]},"properties":{"projectName":"괴안동 125번지 일원 가로주택정비사업","normalizedName":"괴안동125번지일원가로주택정비사업","projectType":"가로주택정비","category":"small-scale","programTags":[],"stageName":"","districtCode":"41194","districtName":"부천시","regionName":"경기도 부천시","areaSquareMeters":6528.9,"noticeDate":"","sourceBaseDate":"","partCount":1,"pnu":"4119410400101250000","parcelAddress":"경기도 부천시 소사구 괴안동 125","representativeParcelOnly":true,"bounds":[126.81315,37.483163,126.813749,37.483589]}},{"type":"Feature","id":"gyeonggi-small-4119410400200150000","geometry":{"type":"MultiPolygon","coordinates":[[[[126.80580568186811,37.47722565114795],[126.80553390532961,37.47773865402817],[126.80561509460843,37.47812240773417],[126.80562735434978,37.47814666497714],[126.8058800371928,37.478145281594216],[126.80609620252893,37.47814410758426],[126.80614617006324,37.4781018431769],[126.80624038347041,37.47800027592882],[126.80630850451332,37.477933083729944],[126.80637163837754,37.47787074865892],[126.80642709285586,37.47780515727229],[126.80648699218459,37.47772578788334],[126.80650616464307,37.477700321203855],[126.80653562059435,37.477633065053965],[126.8065518608788,37.47759608774824],[126.80612643328642,37.47743638544589],[126.80580568186811,37.47722565114795]]]]},"properties":{"projectName":"괴안동 현대허니문아파트 소규모재건축사업","normalizedName":"괴안동현대허니문아파트소규모재건축사업","projectType":"소규모재건축","category":"small-scale","programTags":[],"stageName":"","districtCode":"41194","districtName":"부천시","regionName":"경기도 부천시","areaSquareMeters":5752.0,"noticeDate":"","sourceBaseDate":"","partCount":1,"pnu":"4119410400200150000","parcelAddress":"경기도 부천시 소사구 괴안동 산 15","representativeParcelOnly":true,"bounds":[126.805534,37.477226,126.806552,37.478147]}},{"type":"Feature","id":"gyeonggi-small-4119410400101190018","geometry":{"type":"MultiPolygon","coordinates":[[[[126.8134512582408,37.4804006152023],[126.81331297755078,37.48044949956017],[126.81317056214256,37.48038890561136],[126.81312074261578,37.480463248827206],[126.81347168241096,37.48073221586488],[126.81358418267511,37.48063950170384],[126.8134512582408,37.4804006152023]]]]},"properties":{"projectName":"괴안동삼협연립 소규모재건축사업","normalizedName":"괴안동삼협연립소규모재건축사업","projectType":"소규모재건축","category":"small-scale","programTags":[],"stageName":"","districtCode":"41194","districtName":"부천시","regionName":"경기도 부천시","areaSquareMeters":2549.9,"noticeDate":"","sourceBaseDate":"","partCount":1,"pnu":"4119410400101190018","parcelAddress":"경기도 부천시 소사구 괴안동 119-18","representativeParcelOnly":true,"bounds":[126.813121,37.480389,126.813584,37.480732]}},{"type":"Feature","id":"gyeonggi-small-4141010500107110015","geometry":{"type":"MultiPolygon","coordinates":[[[[126.94027033878224,37.36316998544526],[126.94031508185952,37.36309120542378],[126.94029976498908,37.36304785845388],[126.94018662670196,37.362987206282945],[126.94010666210812,37.3630822764346],[126.94019730139166,37.36313089741932],[126.94027033878224,37.36316998544526]]]]},"properties":{"projectName":"군포시 금정동 711-15 일원 가로주택정비사업","normalizedName":"군포시금정동71115일원가로주택정비사업","projectType":"가로주택정비","category":"small-scale","programTags":[],"stageName":"","districtCode":"41410","districtName":"군포시","regionName":"경기도 군포시","areaSquareMeters":3602.0,"noticeDate":"","sourceBaseDate":"","partCount":1,"pnu":"4141010500107110015","parcelAddress":"경기도 군포시 금정동 711-15","representativeParcelOnly":true,"bounds":[126.940107,37.362987,126.940315,37.36317]}},{"type":"Feature","id":"gyeonggi-small-4113310300129500000","geometry":{"type":"MultiPolygon","coordinates":[[[[127.1658679894132,37.449966967807555],[127.16591480491128,37.4498300039204],[127.16581895828823,37.449809206837635],[127.16579143791763,37.44989111946375],[127.16568389773923,37.44986668044123],[127.16567035374743,37.44990575784239],[127.16568872405804,37.44992904134032],[127.1658679894132,37.449966967807555]]]]},"properties":{"projectName":"금광동 2950번지 일원 가로주택정비사업","normalizedName":"금광동2950번지일원가로주택정비사업","projectType":"가로주택정비","category":"small-scale","programTags":[],"stageName":"","districtCode":"41133","districtName":"성남시","regionName":"경기도 성남시","areaSquareMeters":6844.0,"noticeDate":"","sourceBaseDate":"","partCount":1,"pnu":"4113310300129500000","parcelAddress":"경기도 성남시 중원구 금광동 2950","representativeParcelOnly":true,"bounds":[127.16567,37.449809,127.165915,37.449967]}},{"type":"Feature","id":"gyeonggi-small-4113310300132890000","geometry":{"type":"MultiPolygon","coordinates":[[[[127.16462855901399,37.449569989804935],[127.16458581287807,37.44968754892649],[127.16464963841118,37.4497012732664],[127.16470246153118,37.44967568386962],[127.16473187985741,37.44959295796707],[127.16462855901399,37.449569989804935]]]]},"properties":{"projectName":"금광동 3289번지 일원 가로주택정비사업","normalizedName":"금광동3289번지일원가로주택정비사업","projectType":"가로주택정비","category":"small-scale","programTags":[],"stageName":"","districtCode":"41133","districtName":"성남시","regionName":"경기도 성남시","areaSquareMeters":8099.0,"noticeDate":"","sourceBaseDate":"","partCount":1,"pnu":"4113310300132890000","parcelAddress":"경기도 성남시 중원구 금광동 3289","representativeParcelOnly":true,"bounds":[127.164586,37.44957,127.164732,37.449701]}},{"type":"Feature","id":"gyeonggi-small-4113310300133350000","geometry":{"type":"MultiPolygon","coordinates":[[[[127.16402714521212,37.44964046597771],[127.16384966627471,37.44960212880867],[127.1638229769207,37.44961455428891],[127.16379483339949,37.44969671058213],[127.16399480430955,37.44973607109224],[127.16402714521212,37.44964046597771]]]]},"properties":{"projectName":"금광동 3335번지 일원 가로주택정비사업","normalizedName":"금광동3335번지일원가로주택정비사업","projectType":"가로주택정비","category":"small-scale","programTags":[],"stageName":"","districtCode":"41133","districtName":"성남시","regionName":"경기도 성남시","areaSquareMeters":7962.0,"noticeDate":"","sourceBaseDate":"","partCount":1,"pnu":"4113310300133350000","parcelAddress":"경기도 성남시 중원구 금광동 3335","representativeParcelOnly":true,"bounds":[127.163795,37.449602,127.164027,37.449736]}},{"type":"Feature","id":"gyeonggi-small-4113310300139360001","geometry":{"type":"MultiPolygon","coordinates":[[[[127.1610130256724,37.44855363408469],[127.16107189164778,37.44853695810782],[127.1610038164292,37.448383824937785],[127.16085369107397,37.448425635862634],[127.16088976871588,37.448507695880544],[127.1609209194762,37.4485792568035],[127.1610130256724,37.44855363408469]]]]},"properties":{"projectName":"금광동 3936-1번지 일대 가로주택정비사업","normalizedName":"금광동39361번지일대가로주택정비사업","projectType":"가로주택정비","category":"small-scale","programTags":[],"stageName":"","districtCode":"41133","districtName":"성남시","regionName":"경기도 성남시","areaSquareMeters":5294.0,"noticeDate":"","sourceBaseDate":"","partCount":1,"pnu":"4113310300139360001","parcelAddress":"경기도 성남시 중원구 금광동 3936-1","representativeParcelOnly":true,"bounds":[127.160854,37.448384,127.161072,37.448579]}},{"type":"Feature","id":"gyeonggi-small-4113310300140710000","geometry":{"type":"MultiPolygon","coordinates":[[[[127.16052798718724,37.45032879123052],[127.16064092670989,37.45029906823226],[127.16060618169877,37.45022218715211],[127.16056982445608,37.45014175826841],[127.16047330037678,37.45016881917733],[127.1604640009231,37.450185581376765],[127.16049485080433,37.450253673924585],[127.16052798718724,37.45032879123052]]]]},"properties":{"projectName":"금광동 4071번지 일원 가로주택정비사업","normalizedName":"금광동4071번지일원가로주택정비사업","projectType":"가로주택정비","category":"small-scale","programTags":[],"stageName":"","districtCode":"41133","districtName":"성남시","regionName":"경기도 성남시","areaSquareMeters":9979.0,"noticeDate":"","sourceBaseDate":"","partCount":1,"pnu":"4113310300140710000","parcelAddress":"경기도 성남시 중원구 금광동 4071","representativeParcelOnly":true,"bounds":[127.160464,37.450142,127.160641,37.450329]}},{"type":"Feature","id":"gyeonggi-small-4113310300142320000","geometry":{"type":"MultiPolygon","coordinates":[[[[127.16031991485065,37.44825309981955],[127.16035589030764,37.44833525024134],[127.16047095070017,37.448305146125506],[127.160435338099,37.448223625954654],[127.16040024719425,37.448142943006005],[127.16028518580272,37.44817247041124],[127.16031991485065,37.44825309981955]]]]},"properties":{"projectName":"금광동 4232번지 일대 가로주택정비사업","normalizedName":"금광동4232번지일대가로주택정비사업","projectType":"가로주택정비","category":"small-scale","programTags":[],"stageName":"","districtCode":"41133","districtName":"성남시","regionName":"경기도 성남시","areaSquareMeters":8350.0,"noticeDate":"","sourceBaseDate":"","partCount":1,"pnu":"4113310300142320000","parcelAddress":"경기도 성남시 중원구 금광동 4232","representativeParcelOnly":true,"bounds":[127.160285,37.448143,127.160471,37.448335]}},{"type":"Feature","id":"gyeonggi-small-4113310300142460000","geometry":{"type":"MultiPolygon","coordinates":[[[[127.15961118147018,37.44735699941763],[127.15966003944325,37.44734281529345],[127.159493674047,37.44695911009185],[127.1592981930182,37.44701361176582],[127.15946584983867,37.44739921663669],[127.15961118147018,37.44735699941763]]]]},"properties":{"projectName":"금광동 4246번지 일대 가로주택정비사업","normalizedName":"금광동4246번지일대가로주택정비사업","projectType":"가로주택정비","category":"small-scale","programTags":[],"stageName":"","districtCode":"41133","districtName":"성남시","regionName":"경기도 성남시","areaSquareMeters":5700.0,"noticeDate":"","sourceBaseDate":"","partCount":1,"pnu":"4113310300142460000","parcelAddress":"경기도 성남시 중원구 금광동 4246","representativeParcelOnly":true,"bounds":[127.159298,37.446959,127.15966,37.447399]}},{"type":"Feature","id":"gyeonggi-small-4115010900102700013","geometry":{"type":"MultiPolygon","coordinates":[[[[127.05886263839454,37.75555703568711],[127.0589217337701,37.755347236558734],[127.05891407099465,37.75528441639288],[127.05889659588333,37.75525529688338],[127.05891252367574,37.755220412991704],[127.05897811502236,37.755179243232355],[127.05900760849286,37.75507795200605],[127.05937280268923,37.75491123999967],[127.0594278187539,37.7548861212654],[127.05942243418993,37.75487864594714],[127.05941532176787,37.754867279332494],[127.05946462383952,37.7546014630571],[127.059309618905,37.75457487074942],[127.05929332387564,37.754574851708135],[127.0591685352838,37.75457472360086],[127.05916279364888,37.75447258463081],[127.05905880440989,37.754530089623245],[127.05902174181614,37.75454259500701],[127.05893551197855,37.75457171100172],[127.05883608892957,37.75459131020716],[127.05879375144248,37.75460610652095],[127.0587973745808,37.754683974688085],[127.05879918180192,37.7547172642623],[127.05877899859908,37.754766691694456],[127.0586955531012,37.75484596257268],[127.05862024162137,37.75486355877734],[127.0585067832015,37.754885795303686],[127.05848021992738,37.754902349757735],[127.05849081644665,37.754914417493325],[127.05849846042263,37.754923639623335],[127.05840457355262,37.754942136617146],[127.05824627661833,37.75497385459578],[127.05816355025183,37.755268138709525],[127.05808304762336,37.75551803141673],[127.05834049004915,37.755575235645445],[127.0584761077073,37.75557761179527],[127.05886263839454,37.75555703568711]]]]},"properties":{"projectName":"금오동 270-13 일원(산장연립)\n소규모재건축사업","normalizedName":"금오동27013일원소규모재건축사업","projectType":"소규모재건축","category":"small-scale","programTags":[],"stageName":"","districtCode":"41150","districtName":"의정부시","regionName":"경기도 의정부시","areaSquareMeters":7905.62,"noticeDate":"","sourceBaseDate":"","partCount":1,"pnu":"4115010900102700013","parcelAddress":"경기도 의정부시 금오동 270-13","representativeParcelOnly":true,"bounds":[127.058083,37.754473,127.059465,37.755578]}},{"type":"Feature","id":"gyeonggi-small-4115010900103980000","geometry":{"type":"MultiPolygon","coordinates":[[[[127.05530506696576,37.750473560699895],[127.05562194003822,37.75045822550998],[127.0556219718161,37.7504551171829],[127.05562362691283,37.75031271066285],[127.05578537991907,37.750333214243454],[127.05589655526326,37.75034715492445],[127.05592787904378,37.750355969880815],[127.05600677782449,37.75037699788751],[127.05608727317919,37.75037796972948],[127.0562216110184,37.750381141915554],[127.05627357726631,37.75033170012595],[127.05629709008468,37.7501806432313],[127.05630588908328,37.75012613105159],[127.0562970054216,37.75008116825705],[127.0563431414844,37.75008103869459],[127.05639492971684,37.75008287958599],[127.05639181351927,37.75007316868567],[127.0557512123608,37.7500192273263],[127.05522586931905,37.749976005515315],[127.05480140597955,37.7499412769124],[127.0543215079768,37.749898120616685],[127.05422492833469,37.74988808209146],[127.05423043553076,37.74995772385413],[127.05419998845825,37.75001666026208],[127.05425248307998,37.75011866152435],[127.05425458388571,37.75018494422538],[127.05436052762326,37.750230512398026],[127.0543910293656,37.750248481886835],[127.05449079535978,37.750270789921],[127.05458395711841,37.75029249720025],[127.05465455642542,37.75032313408336],[127.05471030799238,37.75023425624936],[127.05486286834089,37.75028457801563],[127.05489381160497,37.750221947277886],[127.0550387790807,37.750253829599586],[127.05512471107612,37.750272818833906],[127.05524042481686,37.75027088315206],[127.05529468457618,37.75026969617426],[127.05538093254935,37.75025486303308],[127.05531897801794,37.75039488251278],[127.0553731013316,37.75040884070117],[127.05534551220016,37.75043341347504],[127.05530764085417,37.75047100079873],[127.05530506696576,37.750473560699895]]]]},"properties":{"projectName":"금오동 398 일원(한양빌라)\n 소규모재건축사업","normalizedName":"금오동398일원소규모재건축사업","projectType":"소규모재건축","category":"small-scale","programTags":[],"stageName":"","districtCode":"41150","districtName":"의정부시","regionName":"경기도 의정부시","areaSquareMeters":8176.0,"noticeDate":"","sourceBaseDate":"","partCount":1,"pnu":"4115010900103980000","parcelAddress":"경기도 의정부시 금오동 398","representativeParcelOnly":true,"bounds":[127.0542,37.749888,127.056395,37.750474]}},{"type":"Feature","id":"gyeonggi-small-4119410400101670010","geometry":{"type":"MultiPolygon","coordinates":[[[[126.8159649451422,37.484515330416194],[126.81573294405976,37.48485885947393],[126.81586949797621,37.48491646779156],[126.81600752039435,37.484974708956535],[126.81627757984724,37.485088568519],[126.81650897242484,37.4847434877308],[126.81617984543767,37.48460340706007],[126.81596671545844,37.484512702276625],[126.8159649451422,37.484515330416194]]]]},"properties":{"projectName":"금호아파트 소규모재건축사업","normalizedName":"금호아파트소규모재건축사업","projectType":"소규모재건축","category":"small-scale","programTags":[],"stageName":"","districtCode":"41194","districtName":"부천시","regionName":"경기도 부천시","areaSquareMeters":2369.0,"noticeDate":"","sourceBaseDate":"","partCount":1,"pnu":"4119410400101670010","parcelAddress":"경기도 부천시 소사구 괴안동 167-10","representativeParcelOnly":true,"bounds":[126.815733,37.484513,126.816509,37.485089]}},{"type":"Feature","id":"gyeonggi-small-4146110100103420005","geometry":{"type":"MultiPolygon","coordinates":[[[[127.2038676316433,37.23341718273536],[127.20379260762259,37.23355381818558],[127.2037624577961,37.233572881582305],[127.2040100947575,37.23359471407698],[127.20409103629633,37.233311289242366],[127.2041699220885,37.2333125959454],[127.20417674799496,37.233042002477866],[127.20393559213836,37.23304115344225],[127.20396687780524,37.2330676805952],[127.20391667027243,37.23317129570697],[127.20391076306421,37.233195723938934],[127.20390963193191,37.233320609772655],[127.20387591256727,37.23339545356525],[127.2038676316433,37.23341718273536]]]]},"properties":{"projectName":"김량장동 342-5번지 일원 가로주택 정비사업 조합","normalizedName":"김량장동3425번지일원가로주택정비사업조합","projectType":"가로주택정비","category":"small-scale","programTags":[],"stageName":"","districtCode":"41461","districtName":"용인시","regionName":"경기도 용인시","areaSquareMeters":7147.8,"noticeDate":"","sourceBaseDate":"","partCount":1,"pnu":"4146110100103420005","parcelAddress":"경기도 용인시 처인구 김량장동 342-5","representativeParcelOnly":true,"bounds":[127.203762,37.233041,127.204177,37.233595]}},{"type":"Feature","id":"gyeonggi-small-4115011000100800007","geometry":{"type":"MultiPolygon","coordinates":[[[[127.04346499731939,37.75549910170326],[127.04360763867531,37.75554174732705],[127.04362333500423,37.75544606884378],[127.04363369364906,37.75538291689872],[127.04348625830455,37.755370572277144],[127.04346499731939,37.75549910170326]]]]},"properties":{"projectName":"녹양역세권 가능동 80-7번지 일원 가로주택정비사업","normalizedName":"녹양역세권가능동807번지일원가로주택정비사업","projectType":"가로주택정비","category":"small-scale","programTags":[],"stageName":"","districtCode":"41150","districtName":"의정부시","regionName":"경기도 의정부시","areaSquareMeters":8026.0,"noticeDate":"","sourceBaseDate":"","partCount":1,"pnu":"4115011000100800007","parcelAddress":"경기도 의정부시 가능동 80-7","representativeParcelOnly":true,"bounds":[127.043465,37.755371,127.043634,37.755542]}},{"type":"Feature","id":"gyeonggi-small-4113110400100530001","geometry":{"type":"MultiPolygon","coordinates":[[[[127.15859535471043,37.457573302196565],[127.15869892325495,37.457618430962285],[127.15873641587032,37.4576033343187],[127.15875204375043,37.45754770353483],[127.15864873094864,37.45750052919493],[127.15859535471043,37.457573302196565]]]]},"properties":{"projectName":"단대동 53-1번지 일원 가로주택정비사업","normalizedName":"단대동531번지일원가로주택정비사업","projectType":"가로주택정비","category":"small-scale","programTags":[],"stageName":"","districtCode":"41131","districtName":"성남시","regionName":"경기도 성남시","areaSquareMeters":4188.0,"noticeDate":"","sourceBaseDate":"","partCount":1,"pnu":"4113110400100530001","parcelAddress":"경기도 성남시 수정구 단대동 53-1","representativeParcelOnly":true,"bounds":[127.158595,37.457501,127.158752,37.457618]}},{"type":"Feature","id":"gyeonggi-small-4141010100107360001","geometry":{"type":"MultiPolygon","coordinates":[[[[126.94362388535912,37.35662193339209],[126.94388208864868,37.35658486532537],[126.94381256739835,37.35620492507595],[126.94366721732334,37.35622486576408],[126.94361483488795,37.35623727422507],[126.94345840742591,37.35629232201135],[126.94362388535912,37.35662193339209]]]]},"properties":{"projectName":"당동736-1번지 일대 가로주택정비사업","normalizedName":"당동7361번지일대가로주택정비사업","projectType":"가로주택정비","category":"small-scale","programTags":[],"stageName":"","districtCode":"41410","districtName":"군포시","regionName":"경기도 군포시","areaSquareMeters":3298.0,"noticeDate":"","sourceBaseDate":"","partCount":1,"pnu":"4141010100107360001","parcelAddress":"경기도 군포시 당동 736-1","representativeParcelOnly":true,"bounds":[126.943458,37.356205,126.943882,37.356622]}},{"type":"Feature","id":"gyeonggi-small-4117110100101900011","geometry":{"type":"MultiPolygon","coordinates":[[[[126.9405421640709,37.39061785871048],[126.94073777839576,37.39065108072604],[126.94084265134244,37.39025843600372],[126.94085502536188,37.390205363529425],[126.9408641249471,37.390151838866366],[126.94086971282074,37.390098042096774],[126.94087192441832,37.39004407240229],[126.94087079093265,37.39003533197062],[126.94081135534896,37.389998332812134],[126.94021350574738,37.39008159362505],[126.9396310029244,37.3901626699777],[126.93973035440946,37.39061509474848],[126.94016719488685,37.390554017068176],[126.9405421640709,37.39061785871048]]]]},"properties":{"projectName":"대동아아파트 소규모재건축사업","normalizedName":"대동아아파트소규모재건축사업","projectType":"소규모재건축","category":"small-scale","programTags":[],"stageName":"","districtCode":"41171","districtName":"안양시","regionName":"경기도 안양시","areaSquareMeters":5485.6,"noticeDate":"","sourceBaseDate":"","partCount":1,"pnu":"4117110100101900011","parcelAddress":"경기도 안양시 만안구 안양동 190-11","representativeParcelOnly":true,"bounds":[126.939631,37.389998,126.940872,37.390651]}},{"type":"Feature","id":"gyeonggi-small-4119410200108030000","geometry":{"type":"MultiPolygon","coordinates":[[[[126.77205077887375,37.47657602984453],[126.77166320353737,37.47678119120808],[126.7720667944786,37.47702850729125],[126.7721473067449,37.477078128518045],[126.77220294026627,37.477115231567765],[126.77227077766092,37.47711729133508],[126.77316943999084,37.47657970153749],[126.77318049475417,37.47652456365313],[126.77278474442969,37.476074613500195],[126.77265904295109,37.4761408639529],[126.77234257459578,37.476307638480414],[126.77205077887375,37.47657602984453]]]]},"properties":{"projectName":"대진빌라 소규모재건축사업","normalizedName":"대진빌라소규모재건축사업","projectType":"소규모재건축","category":"small-scale","programTags":[],"stageName":"","districtCode":"41194","districtName":"부천시","regionName":"경기도 부천시","areaSquareMeters":7464.5,"noticeDate":"","sourceBaseDate":"","partCount":1,"pnu":"4119410200108030000","parcelAddress":"경기도 부천시 소사구 심곡본동 803","representativeParcelOnly":true,"bounds":[126.771663,37.476075,126.77318,37.477117]}},{"type":"Feature","id":"gyeonggi-small-4119410400101180000","geometry":{"type":"MultiPolygon","coordinates":[[[[126.812811844721,37.48123572414394],[126.8127480543986,37.48111056340782],[126.81274602929807,37.48110659577115],[126.81270198297938,37.481087874689145],[126.81239942720056,37.481539332586465],[126.81241582546915,37.48158242664332],[126.81292168349313,37.48179776327777],[126.81298886710938,37.48169767926298],[126.8130527600292,37.481602275160846],[126.81305593748559,37.4815975950274],[126.8130508552009,37.48159542452069],[126.81297970301921,37.48156512750317],[126.81292733153931,37.4814623479166],[126.8128815979916,37.481372607366566],[126.812811844721,37.48123572414394]]]]},"properties":{"projectName":"대현9차 아파트 일대 가로주택정비사업","normalizedName":"대현9차아파트일대가로주택정비사업","projectType":"가로주택정비","category":"small-scale","programTags":[],"stageName":"","districtCode":"41194","districtName":"부천시","regionName":"경기도 부천시","areaSquareMeters":8514.4,"noticeDate":"","sourceBaseDate":"","partCount":1,"pnu":"4119410400101180000","parcelAddress":"경기도 부천시 소사구 괴안동 118","representativeParcelOnly":true,"bounds":[126.812399,37.481088,126.813056,37.481798]}},{"type":"Feature","id":"gyeonggi-small-4119210700100790013","geometry":{"type":"MultiPolygon","coordinates":[[[[126.80967661097807,37.484934866705544],[126.80975410679152,37.48478425524966],[126.80958464992315,37.484728929025906],[126.80950726758468,37.48487927025624],[126.80965898752785,37.48492907169268],[126.80967661097807,37.484934866705544]]]]},"properties":{"projectName":"대흥연립 소규모재건축사업","normalizedName":"대흥연립소규모재건축사업","projectType":"소규모재건축","category":"small-scale","programTags":[],"stageName":"","districtCode":"41192","districtName":"부천시","regionName":"경기도 부천시","areaSquareMeters":870.6,"noticeDate":"","sourceBaseDate":"","partCount":1,"pnu":"4119210700100790013","parcelAddress":"경기도 부천시 원미구 역곡동 79-13","representativeParcelOnly":true,"bounds":[126.809507,37.484729,126.809754,37.484935]}},{"type":"Feature","id":"gyeonggi-small-4119210400101200000","geometry":{"type":"MultiPolygon","coordinates":[[[[126.79347936419694,37.51873729646104],[126.79347928060298,37.51860034518189],[126.79347909067661,37.51831833362484],[126.79263275471389,37.518318696041014],[126.79259273576909,37.51835060155323],[126.79259296725232,37.51870577391459],[126.79263303483943,37.51873764987492],[126.79347936419694,37.51873729646104]]]]},"properties":{"projectName":"도당동 동아아파트","normalizedName":"도당동동아아파트","projectType":"소규모주택정비","category":"small-scale","programTags":[],"stageName":"","districtCode":"41192","districtName":"부천시","regionName":"경기도 부천시","areaSquareMeters":3631.2,"noticeDate":"","sourceBaseDate":"","partCount":1,"pnu":"4119210400101200000","parcelAddress":"경기도 부천시 원미구 도당동 120","representativeParcelOnly":true,"bounds":[126.792593,37.518318,126.793479,37.518738]}},{"type":"Feature","id":"gyeonggi-small-4139010200100370003","geometry":{"type":"MultiPolygon","coordinates":[[[[126.790138808078,37.435432038244365],[126.78989302544608,37.435252856727146],[126.78963503545312,37.43519990192318],[126.78941940165059,37.43540881015025],[126.78967408137511,37.435594135438585],[126.78988412796919,37.43559177260546],[126.78990723860854,37.43561046482218],[126.789931573351,37.43559168634496],[126.79003825379195,37.43550953421244],[126.790138808078,37.435432038244365]]]]},"properties":{"projectName":"동경 1·2차아파트 가로주택정비사업","normalizedName":"동경12차아파트가로주택정비사업","projectType":"가로주택정비","category":"small-scale","programTags":[],"stageName":"","districtCode":"41390","districtName":"시흥시","regionName":"경기도 시흥시","areaSquareMeters":3035.0,"noticeDate":"","sourceBaseDate":"","partCount":1,"pnu":"4139010200100370003","parcelAddress":"경기도 시흥시 신천동 37-3","representativeParcelOnly":true,"bounds":[126.789419,37.4352,126.790139,37.43561]}},{"type":"Feature","id":"gyeonggi-small-4125010300106240020","geometry":{"type":"MultiPolygon","coordinates":[[[[127.05707157064263,37.907681944052754],[127.05715937624494,37.90772584123182],[127.05720255225094,37.90768108034261],[127.05721685741922,37.907666631573505],[127.05717294719074,37.907642363106945],[127.0571293288941,37.90761312131988],[127.05712704538507,37.90761585223425],[127.05707157064263,37.907681944052754]]]]},"properties":{"projectName":"동두천시 생연동","normalizedName":"동두천시생연동","projectType":"소규모주택정비","category":"small-scale","programTags":[],"stageName":"","districtCode":"41250","districtName":"동두천시","regionName":"경기도 동두천시","areaSquareMeters":null,"noticeDate":"","sourceBaseDate":"","partCount":1,"pnu":"4125010300106240020","parcelAddress":"경기도 동두천시 생연동 624-20","representativeParcelOnly":true,"bounds":[127.057072,37.907613,127.057217,37.907726]}},{"type":"Feature","id":"gyeonggi-small-4119610400102690001","geometry":{"type":"MultiPolygon","coordinates":[[[[126.80724950977074,37.52615104081738],[126.80794298516163,37.52615072879643],[126.80794271873131,37.52572843276056],[126.80761363074586,37.5257286317731],[126.8076137157669,37.52582691227321],[126.80724933172225,37.525827052319755],[126.80724950977074,37.52615104081738]]]]},"properties":{"projectName":"동화 ？ 태양아파트","normalizedName":"동화태양아파트","projectType":"소규모주택정비","category":"small-scale","programTags":[],"stageName":"","districtCode":"41196","districtName":"부천시","regionName":"경기도 부천시","areaSquareMeters":5321.0,"noticeDate":"","sourceBaseDate":"","partCount":1,"pnu":"4119610400102690001","parcelAddress":"경기도 부천시 오정구 원종동 269-1","representativeParcelOnly":true,"bounds":[126.807249,37.525728,126.807943,37.526151]}},{"type":"Feature","id":"gyeonggi-small-4119610100106120001","geometry":{"type":"MultiPolygon","coordinates":[[[[126.78669133318913,37.52351409931633],[126.78673581224155,37.52373554528059],[126.78677937658952,37.52395257468953],[126.78699237737167,37.52392547243662],[126.78694846692449,37.52370663147899],[126.78738124557339,37.52365151023814],[126.78738113126614,37.52345401226767],[126.78734637890166,37.523430514418266],[126.78669133318913,37.52351409931633]]]]},"properties":{"projectName":"라이프아파트 일원 가로주택정비사업","normalizedName":"라이프아파트일원가로주택정비사업","projectType":"가로주택정비","category":"small-scale","programTags":[],"stageName":"","districtCode":"41196","districtName":"부천시","regionName":"경기도 부천시","areaSquareMeters":3293.5,"noticeDate":"","sourceBaseDate":"","partCount":1,"pnu":"4119610100106120001","parcelAddress":"경기도 부천시 오정구 오정동 612-1","representativeParcelOnly":true,"bounds":[126.786691,37.523431,126.787381,37.523953]}},{"type":"Feature","id":"gyeonggi-small-4146311300102980001","geometry":{"type":"MultiPolygon","coordinates":[[[[127.11774580410133,37.296462880068766],[127.1176975433938,37.29647705559455],[127.11761226152994,37.296516901710206],[127.11768316717249,37.29667011528321],[127.11775735607134,37.29667003343491],[127.11779364703614,37.296660897389664],[127.11781071623514,37.29667882912747],[127.11785206542176,37.296687924931724],[127.11789722971761,37.296706297574154],[127.11790352700395,37.29670886832637],[127.11792831164726,37.29669085940293],[127.11778956220962,37.29647637055384],[127.11774580410133,37.296462880068766]]]]},"properties":{"projectName":"마북동 298-1번지 일원 가로주택정비사업 조합","normalizedName":"마북동2981번지일원가로주택정비사업조합","projectType":"가로주택정비","category":"small-scale","programTags":[],"stageName":"","districtCode":"41463","districtName":"용인시","regionName":"경기도 용인시","areaSquareMeters":6178.0,"noticeDate":"","sourceBaseDate":"","partCount":1,"pnu":"4146311300102980001","parcelAddress":"경기도 용인시 기흥구 마북동 298-1","representativeParcelOnly":true,"bounds":[127.117612,37.296463,127.117928,37.296709]}},{"type":"Feature","id":"gyeonggi-small-4146110700107300008","geometry":{"type":"MultiPolygon","coordinates":[[[[127.2115990569202,37.236082668446265],[127.2114645480316,37.23594913891838],[127.21145908713149,37.23591426041864],[127.21137508620072,37.235849327344155],[127.21105407144874,37.235870349308726],[127.2110689835761,37.23599760351299],[127.21109228622267,37.236061923401955],[127.211100508318,37.236206849775336],[127.2111022797973,37.23629313000839],[127.21110051604184,37.23630326980349],[127.21162254473818,37.236254148311936],[127.2115990569202,37.236082668446265]]]]},"properties":{"projectName":"마평 가로주택 정비사업 조합","normalizedName":"마평가로주택정비사업조합","projectType":"가로주택정비","category":"small-scale","programTags":[],"stageName":"","districtCode":"41461","districtName":"용인시","regionName":"경기도 용인시","areaSquareMeters":2857.6,"noticeDate":"","sourceBaseDate":"","partCount":1,"pnu":"4146110700107300008","parcelAddress":"경기도 용인시 처인구 마평동 730-8","representativeParcelOnly":true,"bounds":[127.211054,37.235849,127.211623,37.236303]}},{"type":"Feature","id":"gyeonggi-small-4119210100101170002","geometry":{"type":"MultiPolygon","coordinates":[[[[126.78871977456829,37.49267614304834],[126.78876933043449,37.49288557021254],[126.78903603155067,37.492847100004006],[126.7890100118142,37.49273553666028],[126.78891602781427,37.49274936008131],[126.78889397047392,37.492652174761986],[126.78871977456829,37.49267614304834]]]]},"properties":{"projectName":"명성연립","normalizedName":"명성연립","projectType":"소규모주택정비","category":"small-scale","programTags":[],"stageName":"","districtCode":"41192","districtName":"부천시","regionName":"경기도 부천시","areaSquareMeters":2627.0,"noticeDate":"","sourceBaseDate":"","partCount":1,"pnu":"4119210100101170002","parcelAddress":"경기도 부천시 원미구 원미동 117-2","representativeParcelOnly":true,"bounds":[126.78872,37.492652,126.789036,37.492886]}},{"type":"Feature","id":"gyeonggi-small-4117110100104340003","geometry":{"type":"MultiPolygon","coordinates":[[[[126.93042204785363,37.39065190692135],[126.93045388323472,37.390613849145154],[126.93058831381188,37.39045201737966],[126.93029213919125,37.390294450014714],[126.93023656038304,37.39030402135471],[126.92985633821104,37.39076336348574],[126.92986858504044,37.39080470948932],[126.93016471585612,37.39096201658096],[126.93024262244643,37.390866745146695],[126.93033228431736,37.39075947921111],[126.93042204785363,37.39065190692135]]]]},"properties":{"projectName":"명학시장구역 가로주택정비사업조합","normalizedName":"명학시장구역가로주택정비사업조합","projectType":"가로주택정비","category":"small-scale","programTags":[],"stageName":"","districtCode":"41171","districtName":"안양시","regionName":"경기도 안양시","areaSquareMeters":5672.7,"noticeDate":"","sourceBaseDate":"","partCount":1,"pnu":"4117110100104340003","parcelAddress":"경기도 안양시 만안구 안양동 434-3","representativeParcelOnly":true,"bounds":[126.929856,37.390294,126.930588,37.390962]}},{"type":"Feature","id":"gyeonggi-small-4119210200101160001","geometry":{"type":"MultiPolygon","coordinates":[[[[126.78209811619367,37.494126287906234],[126.78219292219684,37.49420361638696],[126.78259768273513,37.4938887925639],[126.78250174823907,37.4938106694337],[126.7824117478397,37.493737359548824],[126.78232019084798,37.49366277629966],[126.7819138520458,37.49397596544446],[126.78209811619367,37.494126287906234]]]]},"properties":{"projectName":"무궁화연립 소규모재건축사업","normalizedName":"무궁화연립소규모재건축사업","projectType":"소규모재건축","category":"small-scale","programTags":[],"stageName":"","districtCode":"41192","districtName":"부천시","regionName":"경기도 부천시","areaSquareMeters":1744.8,"noticeDate":"","sourceBaseDate":"","partCount":1,"pnu":"4119210200101160001","parcelAddress":"경기도 부천시 원미구 심곡동 116-1","representativeParcelOnly":true,"bounds":[126.781914,37.493663,126.782598,37.494204]}},{"type":"Feature","id":"gyeonggi-small-4119610400200270001","geometry":{"type":"MultiPolygon","coordinates":[[[[126.8083736781759,37.52882172530412],[126.80838214245325,37.52878145575064],[126.80838434166222,37.528770953768955],[126.80842543881985,37.52864948602325],[126.80778590565254,37.52855734835388],[126.80769070175873,37.52868992643903],[126.8075848271254,37.528836407264265],[126.80755537341746,37.52887783160272],[126.80753665911288,37.52892676082349],[126.8077034894904,37.528968300182086],[126.807853801393,37.52900598300078],[126.80787031355264,37.52894670672094],[126.80798026984391,37.52891923547754],[126.80808140667813,37.52889423642806],[126.80827936704286,37.52884531220329],[126.8083736781759,37.52882172530412]]]]},"properties":{"projectName":"문화아파트 소규모재건축사업","normalizedName":"문화아파트소규모재건축사업","projectType":"소규모재건축","category":"small-scale","programTags":[],"stageName":"","districtCode":"41196","districtName":"부천시","regionName":"경기도 부천시","areaSquareMeters":2380.0,"noticeDate":"","sourceBaseDate":"","partCount":1,"pnu":"4119610400200270001","parcelAddress":"경기도 부천시 오정구 원종동 산 27-1","representativeParcelOnly":true,"bounds":[126.807537,37.528557,126.808425,37.529006]}},{"type":"Feature","id":"gyeonggi-small-4121010400108890000","geometry":{"type":"MultiPolygon","coordinates":[[[[126.87657444109162,37.43767897656515],[126.87689874753663,37.43780159465292],[126.87720785912626,37.4370895202896],[126.87686175307103,37.43693626380428],[126.87680944278009,37.43695321064957],[126.87655161680144,37.43763780341532],[126.87657444109162,37.43767897656515]]]]},"properties":{"projectName":"미도1차","normalizedName":"미도1차","projectType":"소규모주택정비","category":"small-scale","programTags":[],"stageName":"","districtCode":"41210","districtName":"광명시","regionName":"경기도 광명시","areaSquareMeters":3094.0,"noticeDate":"","sourceBaseDate":"","partCount":1,"pnu":"4121010400108890000","parcelAddress":"경기도 광명시 소하동 889","representativeParcelOnly":true,"bounds":[126.876552,37.436936,126.877208,37.437802]}},{"type":"Feature","id":"gyeonggi-small-4150010800106140002","geometry":{"type":"MultiPolygon","coordinates":[[[[127.45507196959585,37.28217331591778],[127.45522595301583,37.28220849652516],[127.45527214582354,37.281985955576765],[127.45529622273233,37.28175722824898],[127.45528811830654,37.28175397958508],[127.45519760605795,37.281752191075455],[127.45510677662682,37.28175391770865],[127.45503388792942,37.28172003011277],[127.45470547437908,37.28168258881828],[127.45460791279487,37.28164474079981],[127.45455429136753,37.28155754661294],[127.4545551449366,37.28150430178795],[127.4545881986256,37.281418388709234],[127.45456255221124,37.28143639923727],[127.45434352457355,37.28195354252072],[127.45438850897695,37.28199752065013],[127.45444808266454,37.282026107500485],[127.45487038021469,37.28212336042523],[127.45487299441677,37.282138091178446],[127.45493459001366,37.28212773675995],[127.45504760341763,37.282156650212066],[127.45507196959585,37.28217331591778]]]]},"properties":{"projectName":"보은아파트, 연립주택 소규모재건축사업","normalizedName":"보은아파트연립주택소규모재건축사업","projectType":"소규모재건축","category":"small-scale","programTags":[],"stageName":"","districtCode":"41500","districtName":"이천시","regionName":"경기도 이천시","areaSquareMeters":7887.0,"noticeDate":"","sourceBaseDate":"","partCount":1,"pnu":"4150010800106140002","parcelAddress":"경기도 이천시 갈산동 614-2","representativeParcelOnly":true,"bounds":[127.454344,37.281418,127.455296,37.282208]}},{"type":"Feature","id":"gyeonggi-small-4139010200100270002","geometry":{"type":"MultiPolygon","coordinates":[[[[126.78764605378042,37.437285583877006],[126.78764946995794,37.43729617688621],[126.78799264006796,37.437285723882574],[126.78829348920243,37.43727689645587],[126.78818486834031,37.437101616855514],[126.78804032304141,37.43686817536488],[126.78741229570737,37.43687162566879],[126.78741287074735,37.43690775708083],[126.78752826477309,37.43700916710344],[126.78759182340013,37.437092643284245],[126.7876118094934,37.43711337557554],[126.78760673573423,37.437173049078815],[126.78764605378042,37.437285583877006]]]]},"properties":{"projectName":"부강·제성아파트 가로주택정비사업","normalizedName":"부강제성아파트가로주택정비사업","projectType":"가로주택정비","category":"small-scale","programTags":[],"stageName":"","districtCode":"41390","districtName":"시흥시","regionName":"경기도 시흥시","areaSquareMeters":4872.0,"noticeDate":"","sourceBaseDate":"","partCount":1,"pnu":"4139010200100270002","parcelAddress":"경기도 시흥시 신천동 27-2","representativeParcelOnly":true,"bounds":[126.787412,37.436868,126.788293,37.437296]}},{"type":"Feature","id":"gyeonggi-small-4119210700102470000","geometry":{"type":"MultiPolygon","coordinates":[[[[126.81839594525258,37.48959866983807],[126.81859824513981,37.48936166003341],[126.81842807041309,37.489222912883285],[126.81789565851443,37.48878852584881],[126.81780026433272,37.4889575852106],[126.81766071720826,37.48914883047182],[126.81768270970991,37.48921806142781],[126.81839594525258,37.48959866983807]]]]},"properties":{"projectName":"부천동성아파트 소규모재건축사업","normalizedName":"부천동성아파트소규모재건축사업","projectType":"소규모재건축","category":"small-scale","programTags":[],"stageName":"","districtCode":"41192","districtName":"부천시","regionName":"경기도 부천시","areaSquareMeters":4128.0,"noticeDate":"","sourceBaseDate":"","partCount":1,"pnu":"4119210700102470000","parcelAddress":"경기도 부천시 원미구 역곡동 247","representativeParcelOnly":true,"bounds":[126.817661,37.488789,126.818598,37.489599]}},{"type":"Feature","id":"gyeonggi-small-4119610400103340002","geometry":{"type":"MultiPolygon","coordinates":[[[[126.80829742368458,37.53053366712771],[126.80826556931378,37.53042673925744],[126.80823068659797,37.530309661242775],[126.80818243939349,37.53028597626538],[126.80808147431492,37.53030508318222],[126.80794609971893,37.53033062977978],[126.80791304834173,37.53033688255467],[126.80777778655579,37.53036251023327],[126.80767693461605,37.53038153590004],[126.80764719419756,37.53041986937437],[126.80768207600451,37.530536965576545],[126.80771392958789,37.53064389360001],[126.80790986151086,37.5306068958293],[126.80810137886807,37.53057071941697],[126.80829742368458,37.53053366712771]]]]},"properties":{"projectName":"부천원종엘리트주택가로주택정비사업","normalizedName":"부천원종엘리트주택가로주택정비사업","projectType":"가로주택정비","category":"small-scale","programTags":[],"stageName":"","districtCode":"41196","districtName":"부천시","regionName":"경기도 부천시","areaSquareMeters":1529.0,"noticeDate":"","sourceBaseDate":"","partCount":1,"pnu":"4119610400103340002","parcelAddress":"경기도 부천시 오정구 원종동 334-2","representativeParcelOnly":true,"bounds":[126.807647,37.530286,126.808297,37.530644]}},{"type":"Feature","id":"gyeonggi-small-4119610100101400006","geometry":{"type":"MultiPolygon","coordinates":[[[[126.79709741965638,37.52278707627734],[126.79710746425263,37.522837098811635],[126.79688973992171,37.522864832821774],[126.79699643377403,37.523396693970994],[126.79702395814941,37.52342521302566],[126.79742640352687,37.52356790569075],[126.79747127528465,37.52354050291163],[126.79731446473129,37.52275942179877],[126.79709741965638,37.52278707627734]]]]},"properties":{"projectName":"부촌4차아파트외 가로주택정비사업","normalizedName":"부촌4차아파트외가로주택정비사업","projectType":"가로주택정비","category":"small-scale","programTags":[],"stageName":"","districtCode":"41196","districtName":"부천시","regionName":"경기도 부천시","areaSquareMeters":5195.7,"noticeDate":"","sourceBaseDate":"","partCount":1,"pnu":"4119610100101400006","parcelAddress":"경기도 부천시 오정구 오정동 140-6","representativeParcelOnly":true,"bounds":[126.79689,37.522759,126.797471,37.523568]}},{"type":"Feature","id":"gyeonggi-small-4117310100105570007","geometry":{"type":"MultiPolygon","coordinates":[[[[126.93187017670829,37.398403423787435],[126.93157330317769,37.39824439977473],[126.93143356769109,37.39840235493507],[126.9315503991163,37.39846387328114],[126.93166610195814,37.39852476013461],[126.93177503216263,37.398582038823896],[126.93190416818727,37.398650051376435],[126.9320911959601,37.39852176680546],[126.93197470355902,37.39845943828074],[126.93187017670829,37.398403423787435]]]]},"properties":{"projectName":"비산동 557의7 일원 가로주택정비사업조합","normalizedName":"비산동557의7일원가로주택정비사업조합","projectType":"가로주택정비","category":"small-scale","programTags":[],"stageName":"","districtCode":"41173","districtName":"안양시","regionName":"경기도 안양시","areaSquareMeters":2789.9,"noticeDate":"","sourceBaseDate":"","partCount":1,"pnu":"4117310100105570007","parcelAddress":"경기도 안양시 동안구 비산동 557-7","representativeParcelOnly":true,"bounds":[126.931434,37.398244,126.932091,37.39865]}},{"type":"Feature","id":"gyeonggi-small-4117310100105710002","geometry":{"type":"MultiPolygon","coordinates":[[[[126.93363385064875,37.39757704793574],[126.93335740800553,37.397678253039885],[126.93332091801369,37.397691567014746],[126.93336279593389,37.39776452826337],[126.9335175668029,37.39803415577455],[126.93373831496035,37.39795355162193],[126.93356962883335,37.39766008457316],[126.93366203994184,37.39762625949474],[126.93363503459278,37.39757912094824],[126.93363385064875,37.39757704793574]]]]},"properties":{"projectName":"비산동 571의 2 일원 가로주택정비사업조합","normalizedName":"비산동571의2일원가로주택정비사업조합","projectType":"가로주택정비","category":"small-scale","programTags":[],"stageName":"","districtCode":"41173","districtName":"안양시","regionName":"경기도 안양시","areaSquareMeters":3926.0,"noticeDate":"","sourceBaseDate":"","partCount":1,"pnu":"4117310100105710002","parcelAddress":"경기도 안양시 동안구 비산동 571-2","representativeParcelOnly":true,"bounds":[126.933321,37.397577,126.933738,37.398034]}},{"type":"Feature","id":"gyeonggi-small-4150011100100240000","geometry":{"type":"MultiPolygon","coordinates":[[[[127.42686358879122,37.302926017259715],[127.42691982725866,37.30295410724094],[127.42696042842786,37.30296140374692],[127.42699179389787,37.30296704852869],[127.42712875416545,37.302928433829685],[127.42713500872885,37.30279537536894],[127.42715114089303,37.30270582780069],[127.42713169616405,37.302611858007864],[127.42708922179226,37.302532315299125],[127.42703112749416,37.302461064078045],[127.42702148711733,37.30241159655827],[127.42697733422375,37.3023724256513],[127.42693058092382,37.30232613698582],[127.42687800553308,37.30227346295518],[127.42687398931379,37.30237745539334],[127.42687251282882,37.30241570009698],[127.42686256281453,37.30258361437557],[127.4268627274398,37.30290926133715],[127.42686358879122,37.302926017259715]]]]},"properties":{"projectName":"사음동 향림주택 소규모재건축사업","normalizedName":"사음동향림주택소규모재건축사업","projectType":"소규모재건축","category":"small-scale","programTags":[],"stageName":"","districtCode":"41500","districtName":"이천시","regionName":"경기도 이천시","areaSquareMeters":3927.0,"noticeDate":"","sourceBaseDate":"","partCount":1,"pnu":"4150011100100240000","parcelAddress":"경기도 이천시 사음동 24","representativeParcelOnly":true,"bounds":[127.426863,37.302273,127.427151,37.302967]}},{"type":"Feature","id":"gyeonggi-small-4117310400109690003","geometry":{"type":"MultiPolygon","coordinates":[[[[126.95743752724893,37.36806767557547],[126.95734789520714,37.36806268653966],[126.95723805644077,37.36805660865164],[126.95718429765068,37.36867135371394],[126.95734900067242,37.36868051561238],[126.95749304525955,37.36868858837283],[126.95768156763616,37.36869911019824],[126.9576911142772,37.36858945974013],[126.95780095375272,37.36859571741114],[126.95784516123693,37.368090442336474],[126.9576065186591,37.36807710901943],[126.95743752724893,37.36806767557547]]]]},"properties":{"projectName":"삼덕진주아파트 가로주택정비사업 조합","normalizedName":"삼덕진주아파트가로주택정비사업조합","projectType":"가로주택정비","category":"small-scale","programTags":[],"stageName":"","districtCode":"41173","districtName":"안양시","regionName":"경기도 안양시","areaSquareMeters":3568.0,"noticeDate":"","sourceBaseDate":"","partCount":1,"pnu":"4117310400109690003","parcelAddress":"경기도 안양시 동안구 호계동 969-3","representativeParcelOnly":true,"bounds":[126.957184,37.368057,126.957845,37.368699]}},{"type":"Feature","id":"gyeonggi-small-4143010300101350019","geometry":{"type":"MultiPolygon","coordinates":[[[[126.95421336388345,37.31865756053817],[126.95428549624702,37.31867954736118],[126.95445354758519,37.31867969539607],[126.95447596171903,37.318738027752715],[126.95451003633676,37.31873158093057],[126.95455052960344,37.31872610975443],[126.95461344884498,37.31872377401563],[126.95470225812547,37.318705428235155],[126.95477119210982,37.31870043676312],[126.95475783353089,37.31872043427499],[126.9547389215058,37.31876326160221],[126.95447831236163,37.318912584549736],[126.95448624864092,37.318958476982075],[126.95451542257412,37.31897742814747],[126.95453813470795,37.318992204988454],[126.95500705866543,37.3190100142633],[126.9550085241609,37.318663885511235],[126.95424272780515,37.31864305673302],[126.95421336388345,37.31865756053817]]]]},"properties":{"projectName":"삼신8차 아파트 가로주택정비사업","normalizedName":"삼신8차아파트가로주택정비사업","projectType":"가로주택정비","category":"small-scale","programTags":[],"stageName":"","districtCode":"41430","districtName":"의왕시","regionName":"경기도 의왕시","areaSquareMeters":9580.0,"noticeDate":"","sourceBaseDate":"","partCount":1,"pnu":"4143010300101350019","parcelAddress":"경기도 의왕시 삼동 135-19","representativeParcelOnly":true,"bounds":[126.954213,37.318643,126.955009,37.31901]}},{"type":"Feature","id":"gyeonggi-small-4119410100100550008","geometry":{"type":"MultiPolygon","coordinates":[[[[126.80271031763034,37.48121060061592],[126.80270649193561,37.4811183227503],[126.80268958894334,37.480713132529615],[126.80266053078931,37.48071384047107],[126.80263147261084,37.480714557415304],[126.80233998611087,37.48072180602979],[126.80235819668565,37.48118740155354],[126.80239938169804,37.48121828516879],[126.80271031763034,37.48121060061592]]]]},"properties":{"projectName":"삼신아파트 가로주택정비사업","normalizedName":"삼신아파트가로주택정비사업","projectType":"가로주택정비","category":"small-scale","programTags":[],"stageName":"","districtCode":"41194","districtName":"부천시","regionName":"경기도 부천시","areaSquareMeters":1706.0,"noticeDate":"","sourceBaseDate":"","partCount":1,"pnu":"4119410100100550008","parcelAddress":"경기도 부천시 소사구 소사본동 55-8","representativeParcelOnly":true,"bounds":[126.80234,37.480713,126.80271,37.481218]}},{"type":"Feature","id":"gyeonggi-small-4117110100104610001","geometry":{"type":"MultiPolygon","coordinates":[[[[126.92796808933481,37.38304681396244],[126.9277751797811,37.38304477468162],[126.9277702116644,37.38304472653321],[126.92759934114693,37.38299825356036],[126.9274987629073,37.38297076371788],[126.92740318545692,37.38294461042786],[126.92666459180633,37.383783343027794],[126.92669810224652,37.383808502587875],[126.92670302141646,37.38381240710051],[126.92672779327499,37.38382525324045],[126.9268300181854,37.38387827056891],[126.92700242853124,37.383967688057275],[126.92705280398383,37.38392894904909],[126.92710932904109,37.38389442163455],[126.92714092548147,37.383845570379165],[126.92723998855668,37.38377321794464],[126.92727293164593,37.383732665859675],[126.92731270301952,37.38362636187138],[126.92731315296447,37.38357079647067],[126.92730095457001,37.38355166023823],[126.92733631469733,37.38345295804938],[126.92734804292543,37.38343355751023],[126.9274327313279,37.383292403286546],[126.9274539377667,37.38325659215255],[126.92749771360005,37.38321123535604],[126.92755754413899,37.383167375260385],[126.92761501310255,37.38312517152892],[126.92765707953038,37.38307263250272],[126.92774420262919,37.38309615835611],[126.92815405964103,37.38310180136494],[126.92819953578551,37.383049120097624],[126.92796808933481,37.38304681396244]]]]},"properties":{"projectName":"삼아연립주변지구 일원 가로주택정비사업","normalizedName":"삼아연립주변지구일원가로주택정비사업","projectType":"가로주택정비","category":"small-scale","programTags":[],"stageName":"","districtCode":"41171","districtName":"안양시","regionName":"경기도 안양시","areaSquareMeters":9551.0,"noticeDate":"","sourceBaseDate":"","partCount":1,"pnu":"4117110100104610001","parcelAddress":"경기도 안양시 만안구 안양동 461-1","representativeParcelOnly":true,"bounds":[126.926665,37.382945,126.9282,37.383968]}},{"type":"Feature","id":"gyeonggi-small-4119610500103090003","geometry":{"type":"MultiPolygon","coordinates":[[[[126.81328968011192,37.5270355144814],[126.81328959788243,37.526933161511685],[126.81328951565254,37.5268308085402],[126.81328944342783,37.52672447319227],[126.81305198575603,37.52672454502573],[126.81305236457447,37.5270686349747],[126.81328971043433,37.52706847286419],[126.81328968011192,37.5270355144814]]]]},"properties":{"projectName":"삼양연립 소규모재건축사업","normalizedName":"삼양연립소규모재건축사업","projectType":"소규모재건축","category":"small-scale","programTags":[],"stageName":"","districtCode":"41196","districtName":"부천시","regionName":"경기도 부천시","areaSquareMeters":3205.0,"noticeDate":"","sourceBaseDate":"","partCount":1,"pnu":"4119610500103090003","parcelAddress":"경기도 부천시 오정구 고강동 309-3","representativeParcelOnly":true,"bounds":[126.813052,37.526724,126.81329,37.527069]}},{"type":"Feature","id":"gyeonggi-small-4131010400107680000","geometry":{"type":"MultiPolygon","coordinates":[[[[127.13882807791683,37.5924815213306],[127.13874498283359,37.59248945652054],[127.13871090578208,37.59249201888622],[127.1386768287282,37.592494581242086],[127.1386428640737,37.59249669296556],[127.13860889875615,37.59249844428649],[127.13857470631977,37.592499835467756],[127.13854051338652,37.59250095634455],[127.13850631962654,37.592501626720455],[127.13847223843376,37.59250193656227],[127.13843826881829,37.59250134528092],[127.13840418597512,37.59250075412111],[127.13836998891446,37.592499622493534],[127.13833590442329,37.59249813033198],[127.13830181943875,37.59249636786602],[127.13826422273345,37.59249370847451],[127.13806762682758,37.59247654706956],[127.1379943321369,37.59251888797914],[127.13781980120707,37.5932387955421],[127.13784931610179,37.593280026515366],[127.13836143955128,37.593358891686165],[127.13836170933894,37.59335781920272],[127.13847556357942,37.59335876833783],[127.13855402266573,37.59301414107318],[127.13854375376054,37.59297144636049],[127.13865926910596,37.59281044154434],[127.1388369457982,37.592562779762744],[127.13882807791683,37.5924815213306]]]]},"properties":{"projectName":"삼용주택소규모재건축정비사업","normalizedName":"삼용주택소규모재건축정비사업","projectType":"소규모재건축","category":"small-scale","programTags":[],"stageName":"","districtCode":"41310","districtName":"구리시","regionName":"경기도 구리시","areaSquareMeters":5940.3,"noticeDate":"","sourceBaseDate":"","partCount":1,"pnu":"4131010400107680000","parcelAddress":"경기도 구리시 교문동 768","representativeParcelOnly":true,"bounds":[127.13782,37.592477,127.138837,37.593359]}},{"type":"Feature","id":"gyeonggi-small-4119210700100500001","geometry":{"type":"MultiPolygon","coordinates":[[[[126.8077873928582,37.48502296543395],[126.80766029872342,37.484982302098224],[126.80760462353604,37.485087898000835],[126.80754678969393,37.48519745472986],[126.80863549419196,37.48555323971544],[126.80874469673317,37.48534096222077],[126.80857275770313,37.485283378001704],[126.80845515698067,37.48524399242309],[126.8083312300357,37.485202524085025],[126.80821362956766,37.4851631382662],[126.80809388283477,37.4851230280171],[126.80795560928321,37.48507676050025],[126.8077873928582,37.48502296543395]]]]},"properties":{"projectName":"삼원연립 가로주택정비사업조합(역곡동삼원연립)","normalizedName":"삼원연립가로주택정비사업조합","projectType":"가로주택정비","category":"small-scale","programTags":[],"stageName":"","districtCode":"41192","districtName":"부천시","regionName":"경기도 부천시","areaSquareMeters":2687.0,"noticeDate":"","sourceBaseDate":"","partCount":1,"pnu":"4119210700100500001","parcelAddress":"경기도 부천시 원미구 역곡동 50-1","representativeParcelOnly":true,"bounds":[126.807547,37.484982,126.808745,37.485553]}},{"type":"Feature","id":"gyeonggi-small-4119410400101070011","geometry":{"type":"MultiPolygon","coordinates":[[[[126.81077428647916,37.482031009077254],[126.81080218254475,37.482042857207794],[126.81094245305985,37.48210263963606],[126.81112789958117,37.48218168600021],[126.81113682181633,37.48218548457668],[126.81133043704803,37.481896665415675],[126.81096767658137,37.48174219014082],[126.81087086808375,37.48188682471761],[126.81077428647916,37.482031009077254]]]]},"properties":{"projectName":"삼융연립 외 3필지 가로주택정비사업","normalizedName":"삼융연립외3필지가로주택정비사업","projectType":"가로주택정비","category":"small-scale","programTags":[],"stageName":"","districtCode":"41194","districtName":"부천시","regionName":"경기도 부천시","areaSquareMeters":3056.0,"noticeDate":"","sourceBaseDate":"","partCount":1,"pnu":"4119410400101070011","parcelAddress":"경기도 부천시 소사구 괴안동 107-11","representativeParcelOnly":true,"bounds":[126.810774,37.481742,126.81133,37.482185]}},{"type":"Feature","id":"gyeonggi-small-4119410500105800000","geometry":{"type":"MultiPolygon","coordinates":[[[[126.77017909825065,37.48335585516804],[126.77068131675628,37.48333671805644],[126.77071928422754,37.48330337415784],[126.77066331062476,37.48236860405034],[126.77062146937737,37.48233824871299],[126.77011937060301,37.48235738581732],[126.77017909825065,37.48335585516804]]]]},"properties":{"projectName":"삼익아파트1동 가로주택정비사업","normalizedName":"삼익아파트1동가로주택정비사업","projectType":"가로주택정비","category":"small-scale","programTags":[],"stageName":"","districtCode":"41194","districtName":"부천시","regionName":"경기도 부천시","areaSquareMeters":5313.0,"noticeDate":"","sourceBaseDate":"","partCount":1,"pnu":"4119410500105800000","parcelAddress":"경기도 부천시 소사구 송내동 580","representativeParcelOnly":true,"bounds":[126.770119,37.482338,126.770719,37.483356]}},{"type":"Feature","id":"gyeonggi-small-4119410500105890000","geometry":{"type":"MultiPolygon","coordinates":[[[[126.77011493445224,37.482285396280226],[126.77061714580687,37.48226625941382],[126.7706551240685,37.482232915550135],[126.77059914068711,37.48129814522501],[126.77055730006037,37.481267789861434],[126.7700552084628,37.481286917710726],[126.77011493445224,37.482285396280226]]]]},"properties":{"projectName":"삼익아파트2동 가로주택정비사업","normalizedName":"삼익아파트2동가로주택정비사업","projectType":"가로주택정비","category":"small-scale","programTags":[],"stageName":"","districtCode":"41194","districtName":"부천시","regionName":"경기도 부천시","areaSquareMeters":5313.0,"noticeDate":"","sourceBaseDate":"","partCount":1,"pnu":"4119410500105890000","parcelAddress":"경기도 부천시 소사구 송내동 589","representativeParcelOnly":true,"bounds":[126.770055,37.481268,126.770655,37.482285]}},{"type":"Feature","id":"gyeonggi-small-4119410500106070000","geometry":{"type":"MultiPolygon","coordinates":[[[[126.76999104804459,37.48021645839009],[126.77003587575066,37.48096418680526],[126.77005077240364,37.481214937168446],[126.77042047711296,37.48120088441067],[126.77055297660766,37.481195800547226],[126.77059095435344,37.48116245669637],[126.77058333072436,37.48103496836105],[126.77057786872395,37.480943515225945],[126.77053498380536,37.480227686197736],[126.77049313249348,37.48019733078592],[126.76999104804459,37.48021645839009]]]]},"properties":{"projectName":"삼익아파트5동 가로주택정비사업","normalizedName":"삼익아파트5동가로주택정비사업","projectType":"가로주택정비","category":"small-scale","programTags":[],"stageName":"","districtCode":"41194","districtName":"부천시","regionName":"경기도 부천시","areaSquareMeters":5312.0,"noticeDate":"","sourceBaseDate":"","partCount":1,"pnu":"4119410500106070000","parcelAddress":"경기도 부천시 소사구 송내동 607","representativeParcelOnly":true,"bounds":[126.769991,37.480197,126.770591,37.481215]}},{"type":"Feature","id":"gyeonggi-small-4119210900102400000","geometry":{"type":"MultiPolygon","coordinates":[[[[126.76296711710694,37.491615844517185],[126.7629623224996,37.49159457128501],[126.76253764275859,37.491655251214375],[126.76255568883657,37.49174070231783],[126.76260196733394,37.4917666545488],[126.76298863776827,37.49171112344849],[126.76296711710694,37.491615844517185]]]]},"properties":{"projectName":"상동 현대연립 외 가로주택정비사업","normalizedName":"상동현대연립외가로주택정비사업","projectType":"가로주택정비","category":"small-scale","programTags":[],"stageName":"","districtCode":"41192","districtName":"부천시","regionName":"경기도 부천시","areaSquareMeters":2564.0,"noticeDate":"","sourceBaseDate":"","partCount":1,"pnu":"4119210900102400000","parcelAddress":"경기도 부천시 원미구 상동 240","representativeParcelOnly":true,"bounds":[126.762538,37.491595,126.762989,37.491767]}},{"type":"Feature","id":"gyeonggi-small-4119610100101390002","geometry":{"type":"MultiPolygon","coordinates":[[[[126.79817842838295,37.526494539029365],[126.79819734178139,37.52648682304775],[126.79823891205587,37.52646761334695],[126.79827856548977,37.526446057750825],[126.79831607558086,37.526422245970934],[126.79835121582788,37.526396267718944],[126.79838398598588,37.52636821309594],[126.79841404569456,37.52633844191577],[126.79872628117047,37.52600353864563],[126.79872742100906,37.52595858103976],[126.79840974252275,37.52558889823732],[126.79835775217364,37.525571149353866],[126.7979973180049,37.5256169299925],[126.79796418564227,37.52565345322472],[126.79812870980435,37.5264731899855],[126.79817842838295,37.526494539029365]]]]},"properties":{"projectName":"상신빌라 가로주택정비사업","normalizedName":"상신빌라가로주택정비사업","projectType":"가로주택정비","category":"small-scale","programTags":[],"stageName":"","districtCode":"41196","districtName":"부천시","regionName":"경기도 부천시","areaSquareMeters":4326.6,"noticeDate":"","sourceBaseDate":"","partCount":1,"pnu":"4119610100101390002","parcelAddress":"경기도 부천시 오정구 오정동 139-2","representativeParcelOnly":true,"bounds":[126.797964,37.525571,126.798727,37.526495]}},{"type":"Feature","id":"gyeonggi-small-4125010300104890010","geometry":{"type":"MultiPolygon","coordinates":[[[[127.05806565470596,37.9088402904554],[127.05809395316771,37.908804915133366],[127.05812419252607,37.90875006965017],[127.05812871795123,37.90872000324906],[127.05798937830497,37.908678284767355],[127.05797212404568,37.90870248316666],[127.05789316413168,37.90874881107995],[127.05784096012373,37.90874998025406],[127.05784762360301,37.9088096460389],[127.05784531056383,37.90881840424072],[127.05793771042687,37.90883054965757],[127.05803341965533,37.90884312586241],[127.05803497243889,37.90883650323954],[127.05806565470596,37.9088402904554]]]]},"properties":{"projectName":"생연동 489-10번지 일원 가로주택정비사업","normalizedName":"생연동48910번지일원가로주택정비사업","projectType":"가로주택정비","category":"small-scale","programTags":[],"stageName":"관리계획 승인","districtCode":"41250","districtName":"동두천시","regionName":"경기도 동두천시","areaSquareMeters":10984.0,"noticeDate":"","sourceBaseDate":"","partCount":1,"pnu":"4125010300104890010","parcelAddress":"경기도 동두천시 생연동 489-10","representativeParcelOnly":true,"bounds":[127.057841,37.908678,127.058129,37.908843]}},{"type":"Feature","id":"gyeonggi-small-4117110200102840001","geometry":{"type":"MultiPolygon","coordinates":[[[[126.90670741774679,37.41348902040156],[126.90656961422474,37.41350230786893],[126.90641092200295,37.413517668722854],[126.9064610090933,37.413847425211166],[126.90648922867497,37.414033299563854],[126.9069885921242,37.41398493709317],[126.9070234846572,37.413949420074445],[126.90700002457382,37.41379535536222],[126.90694982218464,37.41346560801582],[126.90670741774679,37.41348902040156]]]]},"properties":{"projectName":"석수동 적성아파트 가로주택정비사업","normalizedName":"석수동적성아파트가로주택정비사업","projectType":"가로주택정비","category":"small-scale","programTags":[],"stageName":"","districtCode":"41171","districtName":"안양시","regionName":"경기도 안양시","areaSquareMeters":2764.0,"noticeDate":"","sourceBaseDate":"","partCount":1,"pnu":"4117110200102840001","parcelAddress":"경기도 안양시 만안구 석수동 284-1","representativeParcelOnly":true,"bounds":[126.906411,37.413466,126.907023,37.414033]}},{"type":"Feature","id":"gyeonggi-small-4113310100127090000","geometry":{"type":"MultiPolygon","coordinates":[[[[127.14457210593022,37.43657808520815],[127.14451611731693,37.43664908028625],[127.14460299445498,37.436694800412845],[127.1446594482815,37.43662484989984],[127.14457210593022,37.43657808520815]]]]},"properties":{"projectName":"성남동 2709번지 일원 가로주택정비사업","normalizedName":"성남동2709번지일원가로주택정비사업","projectType":"가로주택정비","category":"small-scale","programTags":[],"stageName":"","districtCode":"41133","districtName":"성남시","regionName":"경기도 성남시","areaSquareMeters":7865.0,"noticeDate":"","sourceBaseDate":"","partCount":1,"pnu":"4113310100127090000","parcelAddress":"경기도 성남시 중원구 성남동 2709","representativeParcelOnly":true,"bounds":[127.144516,37.436578,127.144659,37.436695]}},{"type":"Feature","id":"gyeonggi-small-4113310100128010000","geometry":{"type":"MultiPolygon","coordinates":[[[[127.14499020596516,37.437378709514775],[127.1449864921768,37.43741025830102],[127.14498584718183,37.43741569216011],[127.14507345471553,37.43745275236384],[127.14500954683889,37.437536542581135],[127.14516634785303,37.437588943951],[127.14517209108465,37.437590567795304],[127.14522032907325,37.43751404064338],[127.14524546190319,37.437474167528286],[127.14522945074238,37.43746833945554],[127.14499020596516,37.437378709514775]]]]},"properties":{"projectName":"성남동 2801번지 일원 가로주택정비사업","normalizedName":"성남동2801번지일원가로주택정비사업","projectType":"가로주택정비","category":"small-scale","programTags":[],"stageName":"","districtCode":"41133","districtName":"성남시","regionName":"경기도 성남시","areaSquareMeters":3746.0,"noticeDate":"","sourceBaseDate":"","partCount":1,"pnu":"4113310100128010000","parcelAddress":"경기도 성남시 중원구 성남동 2801","representativeParcelOnly":true,"bounds":[127.144986,37.437379,127.145245,37.437591]}},{"type":"Feature","id":"gyeonggi-small-4113313200113720000","geometry":{"type":"MultiPolygon","coordinates":[[[[127.1579020109848,37.443808434448414],[127.15781717877805,37.4438246746727],[127.15765430615522,37.4437648738858],[127.15761816218397,37.44375143355662],[127.15752340397749,37.44371663564645],[127.15748052012519,37.44370083452317],[127.1574472037334,37.443688561719064],[127.15705562679724,37.44354300645128],[127.15700344497175,37.443522721366],[127.15674693378469,37.44341117151267],[127.15634624894442,37.44323142363355],[127.15631595854293,37.443217749985195],[127.15616717664214,37.44315087380398],[127.15610832701516,37.4431245422806],[127.15595537176337,37.443055761155335],[127.15584758091225,37.443007490853255],[127.15583136140746,37.443000231895205],[127.15580385351304,37.44298775282114],[127.15578634440169,37.44297981978519],[127.1557706902353,37.44297271325204],[127.15565692764542,37.442921792598405],[127.1555251241927,37.44286252498967],[127.15548538976239,37.44284464672041],[127.15538323176378,37.442798684242405],[127.15531083223468,37.442766116970674],[127.15529613974493,37.44275953170701],[127.15521219227733,37.44272184365932],[127.15519231953925,37.44271293151087],[127.15512119840531,37.4426810021751],[127.15505583445068,37.44265166922761],[127.15504255579984,37.44264570379038],[127.1550325006879,37.44264119379606],[127.15501570447874,37.44263366517245],[127.15500635062588,37.442629469617586],[127.15499605799343,37.44262485180777],[127.15494288808026,37.44260154871888],[127.15488224055919,37.44257422780802],[127.1548658514807,37.442566842795856],[127.15486092007863,37.44256463271684],[127.15479426667281,37.44253459851151],[127.15472144906859,37.442501797157185],[127.15470632668774,37.442494924054834],[127.15462822642027,37.442459399438434],[127.15455351977921,37.44242559129941],[127.15453800161154,37.442418565516704],[127.15447135950733,37.44238840497271],[127.15439828274005,37.44235582900533],[127.15438147543118,37.44234833634572],[127.15430743716695,37.44231523898136],[127.15423100201997,37.44228149594222],[127.15414270243228,37.442242515303874],[127.1540695600504,37.44221087626402],[127.1540024559268,37.442181166553965],[127.15399707227786,37.44217881286104],[127.15397768660971,37.442170332362274],[127.1539015578109,37.44213705723743],[127.15383151330637,37.44210612585115],[127.15381420877695,37.44209857068071],[127.15374407454561,37.44206793669027],[127.1536753532125,37.44203746302042],[127.15365638632272,37.44202927926185],[127.1535866375174,37.44199918528554],[127.1535116850213,37.44196627780778],[127.15349626945701,37.44195960314831],[127.15342309352103,37.44192786463882],[127.15335395468865,37.44189756250901],[127.15333511215172,37.441889369528845],[127.15325979863633,37.441856642555614],[127.15319225477266,37.441827095129],[127.15317272323948,37.44181903815797],[127.1531033017245,37.44178854703206],[127.15303175372887,37.44175700441284],[127.15302542054177,37.44172643235573],[127.15307700863028,37.44166638618898],[127.15315489346504,37.44157351862421],[127.15324979194206,37.441461861193154],[127.15321605309205,37.441446596389454],[127.15323941269752,37.44141421124762],[127.15327672443377,37.4414305076156],[127.15334549998745,37.4413483465698],[127.15337333233803,37.441314982568265],[127.15332792565495,37.441291029057766],[127.15326299182638,37.441255513649814],[127.15322247121763,37.44122254375574],[127.15318623240026,37.4411947040935],[127.15315801983452,37.4411740621796],[127.15310117539671,37.44113215717416],[127.15302682466489,37.44122904768161],[127.15297229844587,37.44130011691088],[127.15304506781588,37.441332369798744],[127.15311848400212,37.44136593728221],[127.1530978963281,37.44139443550572],[127.15302347478635,37.44136104949966],[127.15295061321845,37.44132791372997],[127.15289840484552,37.44139971878035],[127.15284655699384,37.44147103680154],[127.15279571048399,37.44154023615133],[127.15273483433211,37.44162310757526],[127.15271514254299,37.441613978534996],[127.1526469969474,37.44158280975241],[127.15257675894662,37.441550670516826],[127.15255559734076,37.44154111985494],[127.15248284931037,37.44150823593474],[127.15241306397475,37.44147635731525],[127.15238883701261,37.44146526981458],[127.15232191348036,37.44143479305907],[127.15224509378469,37.44139998603147],[127.15222801521551,37.44139225013812],[127.15216023241715,37.44136147705384],[127.15208809520372,37.44132872726199],[127.15207108453902,37.44132102729962],[127.15200169593508,37.441289589424066],[127.15192538548588,37.44125500679095],[127.1519078206864,37.44124707324826],[127.15183656617221,37.44121486278323],[127.15176349080176,37.441181843683154],[127.15174623135185,37.441174017848994],[127.15167670723946,37.44114248985315],[127.15160564500455,37.441110269993835],[127.15158938084784,37.441102875356265],[127.15151381702418,37.44106851675987],[127.15144128453288,37.44103559588143],[127.15142217007077,37.44102682629513],[127.15135032604029,37.440993444973806],[127.15128447759675,37.44096334468798],[127.15126200450347,37.44095328188089],[127.15118773033846,37.44091950709572],[127.15112064982985,37.440889155996175],[127.15109944330536,37.44087956007866],[127.15102492194244,37.440846416208416],[127.15095747887425,37.440815515859995],[127.15093493799763,37.44080541703586],[127.15086671595367,37.4407748419826],[127.15079876451857,37.44074394218547],[127.15077669840615,37.440733905801885],[127.15070450661209,37.44070151563285],[127.15064158889591,37.44067319528201],[127.15063626188784,37.44067080532344],[127.1506163336084,37.440661829401165],[127.15054070194319,37.440627001741184],[127.15044570606592,37.44057697141137],[127.15037003525471,37.440545117014416],[127.1503004277158,37.44051652559301],[127.15028065908886,37.4405082431884],[127.1502756830064,37.44050615911429],[127.15023750282211,37.44049013319026],[127.15021117477558,37.44047907491454],[127.15014715287741,37.44045218828946],[127.15014223333733,37.44045012215878],[127.15012204625828,37.44044164203209],[127.14997410931434,37.44037935208848],[127.14995391093773,37.440370853926936],[127.1498794733637,37.44033957431041],[127.14980700366011,37.440309121104654],[127.14976181183707,37.440290094458355],[127.14968772489529,37.44025890438145],[127.14961753970641,37.440229358212555],[127.14959674202214,37.44022060845859],[127.14952391077554,37.44019006543064],[127.14945235753211,37.44016006136252],[127.14942981833052,37.44015061097293],[127.14927922471922,37.440087125140344],[127.14925733004002,37.44007787213364],[127.14918471349992,37.44004719347632],[127.14910336626492,37.44001280451548],[127.14908203711424,37.44000380305208],[127.14901273374953,37.43997423740135],[127.14893542348933,37.439941266878414],[127.14890275024824,37.43992695457691],[127.14882850317355,37.439894412647746],[127.14875395080429,37.4398617359009],[127.14873423832991,37.43985310177364],[127.14865754789827,37.43981915720824],[127.14858542481024,37.43978631514926],[127.14856600578099,37.43977748240711],[127.14849372443514,37.43974456840816],[127.14842431536874,37.43971271398367],[127.14840343724744,37.43970313519198],[127.14832930161793,37.43966957467092],[127.14825994975197,37.43963800840066],[127.1482389472696,37.43962837567373],[127.14817203831521,37.43959787851801],[127.14810332015716,37.439566716822426],[127.14808619714279,37.43955893533224],[127.14800840843708,37.43952355910366],[127.14793762009019,37.4394911294565],[127.14789865857017,37.43947373421005],[127.14782547430421,37.439441064190376],[127.1477543154148,37.43940976115066],[127.14773432008474,37.43940082086323],[127.14765941681152,37.43936733294993],[127.1475853508335,37.439334384558656],[127.14756377239517,37.439324833513474],[127.14750171750312,37.43929739340383],[127.14743220958337,37.4392665746742],[127.14741539241042,37.43925910806134],[127.14734535293427,37.439228010624184],[127.14727507618775,37.43919689541771],[127.14725552223514,37.43918825183706],[127.14718346940121,37.439156048546685],[127.1471091330837,37.43912332544046],[127.14709043874663,37.43911509523698],[127.1470186811703,37.439083576247626],[127.1469483931848,37.43905235273894],[127.14690879897374,37.43903476873139],[127.1468368943932,37.43900311466086],[127.14676676426573,37.43897163856746],[127.14674749292105,37.43896299455501],[127.14667717221889,37.43893226647847],[127.14660751840901,37.438901618631974],[127.14658918608323,37.43889355008573],[127.14652354640785,37.43886429382446],[127.14645176636115,37.4388325943153],[127.14643064059503,37.43882324973891],[127.14642577758772,37.43882109328274],[127.1463615068383,37.43879263714945],[127.14628223073727,37.43875858608248],[127.14626108262189,37.43874934962388],[127.14619361181347,37.43871965392703],[127.14612602877301,37.43869032774179],[127.14610427018816,37.43868092081041],[127.14602924558545,37.438648224893775],[127.14595866537202,37.43861738858398],[127.14593749492731,37.43860825120532],[127.14579270378935,37.43854462767857],[127.14577120465984,37.43853495006666],[127.14570512522542,37.4385058470565],[127.14563529027245,37.43847460419023],[127.14561399580188,37.43846556601536],[127.14554264621262,37.438434027607975],[127.14554013558549,37.43843292242773],[127.14547268808224,37.4384032983695],[127.14550900490816,37.438350193803096],[127.14552048700733,37.43833340305559],[127.14557227541512,37.43825804275411],[127.14562105636793,37.43818770470748],[127.14566776340645,37.43812012625217],[127.14569060390716,37.43808693230808],[127.1457375800551,37.43801833535738],[127.1457875780166,37.43794641899132],[127.14583735022167,37.437874674070386],[127.14588557835437,37.43780503937128],[127.14590812686797,37.437772881898894],[127.14595763009801,37.43770240767468],[127.1460105475785,37.43762704579415],[127.14605756044237,37.4375602146415],[127.1461036343827,37.43749287104358],[127.14615181634137,37.43742298400609],[127.14619942351939,37.43735391756869],[127.1462216673566,37.43732211180018],[127.14627175282747,37.43724917697577],[127.14632213424177,37.437177413076775],[127.14637084736938,37.43710778658815],[127.14641890692037,37.437039133968206],[127.1464405980851,37.437007941519674],[127.14649006598118,37.43693724185553],[127.14653727791703,37.436868617255406],[127.14658743068074,37.436795736270035],[127.14663802429862,37.43672299888257],[127.14668579053577,37.43665484206442],[127.14671492338172,37.43661554937463],[127.14672125709937,37.436607009050896],[127.1469733261408,37.43624701683032],[127.14731779403266,37.435756984783694],[127.14766530066095,37.43526307360504],[127.14767689464153,37.43524620141099],[127.14762543426227,37.435214964010754],[127.14758439613796,37.4351860112803],[127.14750245323161,37.43530143251733],[127.1474195667552,37.43541984620648],[127.14730853261575,37.43557841643755],[127.14709654828657,37.43588138932285],[127.1469053757856,37.43615531475587],[127.146693701474,37.436456673706495],[127.14647517875359,37.436770105156306],[127.14587816023791,37.43763149634403],[127.14570376519039,37.437879387179606],[127.14562436656237,37.43799292986744],[127.14546946169766,37.438217280284206],[127.14532112724804,37.43843309896599],[127.14537478220767,37.43845906378644],[127.1452096283999,37.43868421019549],[127.14487157457316,37.43914480119705],[127.14479363880822,37.439250574846795],[127.14470061128114,37.43937671147183],[127.14475109945225,37.43939500382397],[127.14473669066707,37.43941787082975],[127.14478035266276,37.43944147837314],[127.14481477324792,37.4393948906101],[127.14485275600755,37.4393438475408],[127.14490797197465,37.439269735786134],[127.14495734888918,37.43920311846205],[127.14498021600208,37.439171690602976],[127.14503078726675,37.43910335087352],[127.14508229374648,37.439033667484765],[127.14513552456876,37.43896167539875],[127.14518573528923,37.43889402981458],[127.14520976538564,37.438862240093115],[127.14526231070325,37.43879234812881],[127.14531292629334,37.438723819009155],[127.14536499709408,37.43865406272602],[127.14538017876095,37.43863372653137],[127.14541924304645,37.438581393517104],[127.14548887473752,37.43861269982856],[127.14555813354808,37.43864397952292],[127.14557690702611,37.43865238106462],[127.14557908973096,37.438653360502634],[127.14564565673646,37.43868330092489],[127.1457149838205,37.43871476064512],[127.1457361886167,37.438724132283504],[127.14580545977977,37.43875585331076],[127.14587285296288,37.43878637825077],[127.14589516530009,37.43879582058848],[127.14596682019335,37.43882721424646],[127.14603831705546,37.43885866211444],[127.1460570904673,37.438866973478824],[127.14612392833227,37.43889654388612],[127.14619571913387,37.43892800030887],[127.14621583808754,37.43893675149467],[127.14629447111759,37.43897124488625],[127.1463648706071,37.439001873983024],[127.14638664075606,37.43901135293222],[127.14645549146844,37.43904156940948],[127.14652446710605,37.439072083025586],[127.1465425954314,37.43907981845912],[127.1466118308055,37.43911021457437],[127.1466852172871,37.43914271390826],[127.14670643351987,37.43915203129724],[127.14677864406329,37.43918409052355],[127.14684622870786,37.43921388485445],[127.14688707534667,37.43923047623396],[127.14695444717756,37.43926119880199],[127.1470266355762,37.43929338404433],[127.14704900596303,37.439303474817066],[127.14712344533471,37.43933681952807],[127.14719154020653,37.4393673698782],[127.14721152423357,37.4393763463118],[127.14728352087985,37.43940859470328],[127.14735642235179,37.439441247387656],[127.14737665481955,37.43945012437585],[127.14744393531949,37.439480162010526],[127.14751379464352,37.43951144882173],[127.14753458165809,37.43952074857127],[127.14760122921892,37.43955064273667],[127.14767236556149,37.43958193688553],[127.14769328901812,37.43959165090168],[127.14776294478568,37.43962274860506],[127.14783496464365,37.43965506871081],[127.14787678674686,37.43967331639266],[127.14794601390709,37.439704738880934],[127.14802018405545,37.43973868703268],[127.14804184208508,37.43974840007635],[127.14810919195251,37.43977896883868],[127.14817481111086,37.43980856662192],[127.14819904828941,37.439819691018045],[127.14826464544684,37.43984955908061],[127.14833679123173,37.43988249140759],[127.1483578383983,37.439891817718674],[127.14842889710708,37.439923534979755],[127.14849970853147,37.43995589222053],[127.14851879976412,37.43996465330038],[127.14858276832885,37.43999366725392],[127.14865184632332,37.44002362988046],[127.14867132116667,37.4400320751055],[127.1486717509297,37.440032263782015],[127.14882035743139,37.44009691516527],[127.14884142707014,37.440106115220786],[127.1489154253397,37.44013844120902],[127.1489864147548,37.44016915810161],[127.14900948602387,37.44017913049601],[127.14907717099415,37.44020731962676],[127.14914950541515,37.440238133852695],[127.14916746429775,37.44024561681125],[127.14924165223198,37.44027656381635],[127.14931465278657,37.440307025715406],[127.14933615146018,37.44031598187392],[127.14940471891512,37.440344602196085],[127.14947959690318,37.44037583651009],[127.14949640234359,37.44038285233854],[127.14965538378847,37.44044762482916],[127.14969527184867,37.440464531787526],[127.14976605662547,37.440494302408695],[127.14983399099071,37.44052260792219],[127.14985472075571,37.440531240588214],[127.14992816303452,37.44056197185443],[127.15000118795393,37.44059304598182],[127.15002060622264,37.44060130184303],[127.1500891414201,37.44063048944139],[127.15016395381664,37.44066255232884],[127.1501853853568,37.44067174267848],[127.150255413607,37.440701604057395],[127.15032491119173,37.44073165527423],[127.15042023318634,37.440780829332155],[127.15049572695852,37.44081444989248],[127.15056788535445,37.44084708350239],[127.15058932927943,37.44085676931669],[127.15066022123433,37.44088893594341],[127.15072791293493,37.44091988119757],[127.1507513361974,37.440930474500895],[127.1508217417311,37.44096230827174],[127.15089238516056,37.44099441200188],[127.15091092232406,37.44100271387994],[127.15098348757417,37.441035193549375],[127.15105569101927,37.44106753848066],[127.15107877478329,37.441077834815935],[127.15115000615448,37.441110000717885],[127.15122506031476,37.44114383760812],[127.15124156154647,37.441151132884706],[127.15131360739119,37.44118366706877],[127.15138566506535,37.441216435455495],[127.15140704172437,37.44122628338716],[127.15147706438566,37.44125850468412],[127.15155239077828,37.44129271043291],[127.15156849659265,37.44130001517559],[127.15164012564723,37.44133306326262],[127.151714920026,37.44136673798886],[127.15173371757815,37.4413751925775],[127.15180228115898,37.44140658660854],[127.1518757523018,37.441439623199834],[127.1518955564931,37.44144852698559],[127.15189975260303,37.441450422771936],[127.15196321463735,37.44147913819863],[127.15203944646626,37.44151383803677],[127.1520598164378,37.44152311048723],[127.15212559748426,37.44155301220194],[127.15220020001749,37.4415865967632],[127.15221907652638,37.44159492503263],[127.15228631806148,37.441626149275585],[127.15235739326164,37.441658810199],[127.15237407622217,37.441666456477485],[127.15244438220826,37.44169867683667],[127.15251788875956,37.441732181505074],[127.15253836112907,37.44174174206407],[127.15260863297517,37.441773773157166],[127.15266037851607,37.441797448534665],[127.15267141525406,37.441829438187334],[127.15263136405183,37.4418838201138],[127.15258073290835,37.44195358672565],[127.15253003367125,37.442023254291385],[127.1524763135847,37.44209674596177],[127.15245999711762,37.442119715443965],[127.1524064013219,37.442193269993254],[127.15235457326743,37.44226369576787],[127.15230257865105,37.44233563542296],[127.15228353348016,37.44236161772366],[127.15248483717043,37.44244711861875],[127.15273476778847,37.44209544251211],[127.15287689060315,37.441893939627874],[127.15296800562723,37.44193429614829],[127.15303232748384,37.44196310900696],[127.1530489536984,37.44197056605096],[127.15312270735066,37.44200306089675],[127.15319314720868,37.44203410932752],[127.15321004469371,37.44204158402078],[127.15328240753455,37.44207356697737],[127.15335601468728,37.44210616097567],[127.15337484627213,37.442114498127346],[127.15352127906992,37.44217868684959],[127.15353968094011,37.44218685333614],[127.15361273176381,37.44221804231862],[127.15367996979965,37.44224697721156],[127.15369946827308,37.442255367513155],[127.1537746120738,37.44228769797907],[127.15383825503483,37.44231577244582],[127.15386386124837,37.442326929950255],[127.15393615658455,37.442358786450654],[127.15402079166036,37.44239615015825],[127.15407823662812,37.442421430360405],[127.1541573073684,37.442456440513595],[127.15422909147921,37.44248683786304],[127.15424868027587,37.44249512884612],[127.15432252646066,37.44252816342398],[127.15439482379726,37.44256081252578],[127.15440977583536,37.44256728043518],[127.15448216412577,37.44260016362736],[127.15455566019168,37.442633189501805],[127.15457294257516,37.44264087073245],[127.15464787540647,37.442674660544554],[127.15471898523613,37.44270668929077],[127.15473552134365,37.44271412819295],[127.15488423435744,37.4427815198463],[127.15490291970873,37.44279001912421],[127.15497418884216,37.44282247999255],[127.15504275408036,37.442853376577986],[127.15508606265195,37.44287289919487],[127.15514471956591,37.442899204449105],[127.1551660742073,37.44290886251454],[127.1552394015924,37.44294199630161],[127.15530630419777,37.44297205695935],[127.15531138269039,37.44297433890874],[127.1553307465766,37.442983044467326],[127.15540060144282,37.44301447976989],[127.15547512802384,37.44304817948301],[127.15549233171618,37.44305596880178],[127.15556668745322,37.44308897490422],[127.15563900863496,37.44312170430046],[127.15569195447563,37.443145665100744],[127.15576391291843,37.44317779121877],[127.15583714944574,37.4432104472181],[127.15585494106766,37.443218352847104],[127.15592427535474,37.44324920286398],[127.15598881478317,37.44327831115329],[127.15599540896348,37.443281275857416],[127.1560117868229,37.44328857062583],[127.1563090107213,37.44342162985778],[127.15650623746942,37.443510219673776],[127.15660965099204,37.44355595427508],[127.15691374491361,37.443687696504384],[127.15706319850239,37.443745218406065],[127.15735099213141,37.44385195099216],[127.15756649769808,37.443931432784446],[127.15766117735495,37.44396635690316],[127.1576853230287,37.444035441214474],[127.15761068016283,37.44410990888849],[127.15750430477438,37.44421670145881],[127.15747513124985,37.44424597761601],[127.1571319485824,37.444590281027246],[127.15696213786947,37.44476065052333],[127.15692112290533,37.44480179935806],[127.15700703493349,37.44485895433984],[127.1570542298835,37.44481167050009],[127.15752472128,37.444340238542914],[127.15776396053228,37.4440995970754],[127.1578636825694,37.44399974181071],[127.15802464737038,37.4438377080144],[127.15808230172011,37.44377790393651],[127.15841062704048,37.443449529224274],[127.15849054265688,37.44336818836542],[127.15865449488166,37.443204023353374],[127.15880766249343,37.44304901767927],[127.15929353897731,37.44255839367317],[127.15952105395638,37.44229878903328],[127.1595512914524,37.44226033869144],[127.15960444564834,37.44219503472241],[127.15962802410459,37.44216044957522],[127.15965825354519,37.44211285399703],[127.1596884219876,37.442057771125825],[127.15970633214768,37.44201993190248],[127.15972641061197,37.4419761070888],[127.15975719522159,37.44190780560407],[127.15978020563081,37.441850389672325],[127.15981809583324,37.44174892160443],[127.1598362134302,37.44169697231441],[127.15986435747547,37.441598328424114],[127.15989701126347,37.441473396112094],[127.15990683480028,37.441426945053834],[127.15992107347124,37.44134146546864],[127.15992742949,37.44125825797213],[127.15992635231669,37.441160022630186],[127.15992126523966,37.44105717950469],[127.15991829130166,37.441029405445605],[127.15990928561239,37.44097061779924],[127.15989252093057,37.44086014076728],[127.15987317763172,37.44076466895195],[127.15985865439418,37.4407043389586],[127.15983102347298,37.440617284630825],[127.1597959160654,37.44052139241764],[127.15976917472368,37.44045425814719],[127.15966831163615,37.44048636087046],[127.15970945274294,37.44059285891029],[127.15974446464793,37.440702464602616],[127.1597759323963,37.44084076309018],[127.15978397161794,37.44089140693908],[127.1597931669264,37.4409490680833],[127.1598019694163,37.44100263017054],[127.15980871957406,37.44107430524481],[127.15980884449985,37.44107460240978],[127.15981760637737,37.441167880935005],[127.15981884265965,37.4412183356676],[127.15981624719804,37.441273660968726],[127.15980891845133,37.44133502935427],[127.15980076756952,37.44138162232642],[127.1597936424077,37.44143235855597],[127.15978245103511,37.44143030122509],[127.15974983342244,37.44155639575702],[127.15970953141903,37.44167701342994],[127.15967401119498,37.44176635074118],[127.15962868598497,37.44186813505065],[127.15958763630282,37.44196117385746],[127.15960676017745,37.44197385247786],[127.15958009532649,37.442029209956054],[127.15956413982755,37.44201859941077],[127.15947244452899,37.44215549481252],[127.15943200396472,37.44221591630169],[127.1594013520497,37.44225614215025],[127.15933351277046,37.44234552251574],[127.15928325298303,37.4424117325152],[127.15926837290374,37.442428961603994],[127.15919859148487,37.442508433407504],[127.15911954358,37.44258782742395],[127.15898075021391,37.44272606465026],[127.15898036634684,37.44272622734283],[127.1589283704265,37.44277848290669],[127.1589035733268,37.44280337470176],[127.15887484054737,37.44283214605984],[127.15886062087311,37.44284644594529],[127.15882239322582,37.44288476257985],[127.15873943092333,37.44296778359391],[127.15865624488204,37.44305197615481],[127.15861384419973,37.44309425368771],[127.1584839126199,37.44322368471743],[127.15841471810302,37.44329273963294],[127.15838665010571,37.44332076215234],[127.15832956773735,37.44337820498664],[127.15827107528035,37.44343686602187],[127.15815888394206,37.44354996494064],[127.15812944030527,37.44357952093216],[127.15803898959552,37.44367049824587],[127.15791696400925,37.44379339488456],[127.1579020109848,37.443808434448414]]]]},"properties":{"projectName":"성남시 중앙동","normalizedName":"성남시중앙동","projectType":"소규모주택정비","category":"small-scale","programTags":[],"stageName":"","districtCode":"41133","districtName":"성남시중원구","regionName":"경기도 성남시중원구","areaSquareMeters":null,"noticeDate":"","sourceBaseDate":"","partCount":1,"pnu":"4113313200113720000","parcelAddress":"경기도 성남시 중원구 중앙동 1372","representativeParcelOnly":true,"bounds":[127.144701,37.435186,127.159927,37.444859]}},{"type":"Feature","id":"gyeonggi-small-4113110200100080000","geometry":{"type":"MultiPolygon","coordinates":[[[[127.14087544846545,37.451185126012746],[127.14084977230235,37.45124043297754],[127.14086993809217,37.45121206356708],[127.1408867448837,37.45118847344367],[127.14087544846545,37.451185126012746]]]]},"properties":{"projectName":"성남시 태평동","normalizedName":"성남시태평동","projectType":"소규모주택정비","category":"small-scale","programTags":[],"stageName":"","districtCode":"41131","districtName":"성남시수정구","regionName":"경기도 성남시수정구","areaSquareMeters":null,"noticeDate":"","sourceBaseDate":"","partCount":1,"pnu":"4113110200100080000","parcelAddress":"경기도 성남시 수정구 태평동 8","representativeParcelOnly":true,"bounds":[127.14085,37.451185,127.140887,37.45124]}},{"type":"Feature","id":"gyeonggi-small-4128710100105870005","geometry":{"type":"MultiPolygon","coordinates":[[[[126.77412696035049,37.68758036302673],[126.77382730197824,37.6876703772113],[126.77380928478625,37.687704489112996],[126.77403947051464,37.68810009788675],[126.77453762324681,37.687954650398474],[126.77460028148374,37.68789242399009],[126.77471388973551,37.6875545993252],[126.77467417406187,37.68749172546731],[126.77464533912644,37.68742986359205],[126.77412696035049,37.68758036302673]]]]},"properties":{"projectName":"세인아파트 소규모재건축사업","normalizedName":"세인아파트소규모재건축사업","projectType":"소규모재건축","category":"small-scale","programTags":[],"stageName":"","districtCode":"41287","districtName":"고양시","regionName":"경기도 고양시","areaSquareMeters":3547.0,"noticeDate":"","sourceBaseDate":"","partCount":1,"pnu":"4128710100105870005","parcelAddress":"경기도 고양시 일산서구 일산동 587-5","representativeParcelOnly":true,"bounds":[126.773809,37.68743,126.774714,37.6881]}},{"type":"Feature","id":"gyeonggi-small-4119410100101900003","geometry":{"type":"MultiPolygon","coordinates":[[[[126.7910713597754,37.472049711585925],[126.7910461348219,37.472014960087094],[126.79102289610553,37.471997547388],[126.7908861292763,37.47178926246197],[126.79076268064456,37.47179012356306],[126.7905939949724,37.47175738654733],[126.79045926287985,37.47175074887934],[126.79024859725581,37.471772446973326],[126.79024740340842,37.47179496987488],[126.79024298337707,37.471879295706245],[126.79025598914932,37.47191752141813],[126.7903204365425,37.47195376677278],[126.79031493633026,37.47198006618383],[126.79031653392697,37.472055113445855],[126.79031693437226,37.47207350359999],[126.79046575741773,37.472054307857455],[126.79045095811973,37.472171447645984],[126.79043615874932,37.47228859644016],[126.79050154812333,37.47231160766693],[126.79071869019555,37.472319005002944],[126.7909952072799,37.47231734454745],[126.7910249224288,37.47212152879083],[126.79108934597495,37.47212614853417],[126.7910713597754,37.472049711585925]]]]},"properties":{"projectName":"소라아파트 소규모재건축사업","normalizedName":"소라아파트소규모재건축사업","projectType":"소규모재건축","category":"small-scale","programTags":[],"stageName":"","districtCode":"41194","districtName":"부천시","regionName":"경기도 부천시","areaSquareMeters":3439.0,"noticeDate":"","sourceBaseDate":"","partCount":1,"pnu":"4119410100101900003","parcelAddress":"경기도 부천시 소사구 소사본동 190-3","representativeParcelOnly":true,"bounds":[126.790243,37.471751,126.791089,37.472319]}},{"type":"Feature","id":"gyeonggi-small-4119410100102770014","geometry":{"type":"MultiPolygon","coordinates":[[[[126.80088172615993,37.473074184879835],[126.80088071300372,37.47294570035878],[126.80091405856605,37.47294701837186],[126.80091967395823,37.47283395222508],[126.80081534669594,37.4728280987724],[126.80077050567232,37.472898111506986],[126.80076890720147,37.473030835309814],[126.8007824738483,37.473030497955484],[126.80082758246573,37.47307184043633],[126.80088172615993,37.473074184879835]]]]},"properties":{"projectName":"소사본동 277-14번지 일원","normalizedName":"소사본동27714번지일원","projectType":"소규모주택정비","category":"small-scale","programTags":[],"stageName":"","districtCode":"41194","districtName":"부천시","regionName":"경기도 부천시","areaSquareMeters":3598.4,"noticeDate":"","sourceBaseDate":"","partCount":1,"pnu":"4119410100102770014","parcelAddress":"경기도 부천시 소사구 소사본동 277-14","representativeParcelOnly":true,"bounds":[126.800769,37.472828,126.80092,37.473074]}},{"type":"Feature","id":"gyeonggi-small-4119410100102770030","geometry":{"type":"MultiPolygon","coordinates":[[[[126.80116296375353,37.47325322249824],[126.80116232345416,37.47332369773978],[126.8011875028166,37.47333509304524],[126.80121663405255,37.473348297046584],[126.80129328125732,37.473348138619464],[126.80128913190502,37.47325084146095],[126.80116296375353,37.47325322249824]]]]},"properties":{"projectName":"소사본동 277-30 일원","normalizedName":"소사본동27730일원","projectType":"소규모주택정비","category":"small-scale","programTags":[],"stageName":"","districtCode":"41194","districtName":"부천시","regionName":"경기도 부천시","areaSquareMeters":3067.7,"noticeDate":"","sourceBaseDate":"","partCount":1,"pnu":"4119410100102770030","parcelAddress":"경기도 부천시 소사구 소사본동 277-30","representativeParcelOnly":true,"bounds":[126.801162,37.473251,126.801293,37.473348]}},{"type":"Feature","id":"gyeonggi-small-4119410100102830046","geometry":{"type":"MultiPolygon","coordinates":[[[[126.80048788224454,37.47133780817738],[126.80050129018419,37.47135440941605],[126.80051005364047,37.47137460675978],[126.80053655453595,37.47139879867812],[126.80069865294477,37.47140205656948],[126.80070071712932,37.47134881988936],[126.80070096469417,37.471340792385256],[126.80063154777312,37.47125895355024],[126.80048788224454,37.47133780817738]]]]},"properties":{"projectName":"소사본동 283-46번지 일원","normalizedName":"소사본동28346번지일원","projectType":"소규모주택정비","category":"small-scale","programTags":[],"stageName":"","districtCode":"41194","districtName":"부천시","regionName":"경기도 부천시","areaSquareMeters":6945.0,"noticeDate":"","sourceBaseDate":"","partCount":1,"pnu":"4119410100102830046","parcelAddress":"경기도 부천시 소사구 소사본동 283-46","representativeParcelOnly":true,"bounds":[126.800488,37.471259,126.800701,37.471402]}},{"type":"Feature","id":"gyeonggi-small-4119410100100780001","geometry":{"type":"MultiPolygon","coordinates":[[[[126.79416602468385,37.47985857941356],[126.79405934092955,37.47984297604356],[126.79405580700296,37.47985351154206],[126.79395524857263,37.479830620730205],[126.79378927050317,37.4797929465605],[126.79378108322595,37.479809961072085],[126.79388073763788,37.47983266123352],[126.79388918554574,37.47984402868116],[126.79387595594373,37.47988554154588],[126.79386736929746,37.47988345415615],[126.79384821305506,37.47994216570688],[126.79386154414287,37.47994570303622],[126.79387054313914,37.47996220715477],[126.79387875472356,37.47997726828856],[126.7939281716874,37.47997348081378],[126.79392949797473,37.47998447534666],[126.79395461150557,37.479979203561854],[126.79402417787045,37.48000725674752],[126.79408980469958,37.47998809056443],[126.7940775603496,37.47995950736206],[126.79417407926378,37.479930484357475],[126.79421465366666,37.480017231770354],[126.79425573198208,37.48000342842659],[126.79417936002868,37.47986057600409],[126.79416602468385,37.47985857941356]]]]},"properties":{"projectName":"소사본동 78-1번지 일원","normalizedName":"소사본동781번지일원","projectType":"소규모주택정비","category":"small-scale","programTags":[],"stageName":"","districtCode":"41194","districtName":"부천시","regionName":"경기도 부천시","areaSquareMeters":7573.0,"noticeDate":"","sourceBaseDate":"","partCount":1,"pnu":"4119410100100780001","parcelAddress":"경기도 부천시 소사구 소사본동 78-1","representativeParcelOnly":true,"bounds":[126.793781,37.479793,126.794256,37.480017]}},{"type":"Feature","id":"gyeonggi-small-4119410100102940000","geometry":{"type":"MultiPolygon","coordinates":[[[[126.79974263361257,37.4710213856828],[126.79963804908934,37.471070131455406],[126.79964357423621,37.47107535769389],[126.79965465512984,37.47111647130955],[126.79968936018643,37.471158427165584],[126.79971088374695,37.471141687272606],[126.7997962369209,37.47109806233947],[126.79974263361257,37.4710213856828]]]]},"properties":{"projectName":"소사본동 다-구역","normalizedName":"소사본동다","projectType":"소규모주택정비","category":"small-scale","programTags":[],"stageName":"","districtCode":"41194","districtName":"부천시","regionName":"경기도 부천시","areaSquareMeters":6110.9,"noticeDate":"","sourceBaseDate":"","partCount":1,"pnu":"4119410100102940000","parcelAddress":"경기도 부천시 소사구 소사본동 294","representativeParcelOnly":true,"bounds":[126.799638,37.471021,126.799796,37.471158]}},{"type":"Feature","id":"gyeonggi-small-4119410100100560002","geometry":{"type":"MultiPolygon","coordinates":[[[[126.8015324360785,37.480624314327095],[126.80154683181195,37.48099220807081],[126.80168545242063,37.480988748482325],[126.80179456234532,37.480986058764685],[126.80159394438753,37.480622796610945],[126.8015324360785,37.480624314327095]]]]},"properties":{"projectName":"소사본동 현대부러운아파트 외 가로주택정비사업","normalizedName":"소사본동현대부러운아파트외가로주택정비사업","projectType":"가로주택정비","category":"small-scale","programTags":[],"stageName":"","districtCode":"41194","districtName":"부천시","regionName":"경기도 부천시","areaSquareMeters":6724.02,"noticeDate":"","sourceBaseDate":"","partCount":1,"pnu":"4119410100100560002","parcelAddress":"경기도 부천시 소사구 소사본동 56-2","representativeParcelOnly":true,"bounds":[126.801532,37.480623,126.801795,37.480992]}},{"type":"Feature","id":"gyeonggi-small-4121010400108830013","geometry":{"type":"MultiPolygon","coordinates":[[[[126.88104748558207,37.4384412049944],[126.8811749181241,37.43845799442503],[126.8812705377341,37.43847060672651],[126.88136761473442,37.43848340063345],[126.88146393294012,37.4384972929194],[126.88155920055016,37.43851103989951],[126.88165492504983,37.43852173285017],[126.88175365785212,37.43853080695736],[126.88186109011565,37.43854067366489],[126.88199860825135,37.438553697193925],[126.88205020575994,37.43855861479236],[126.8820630419125,37.43855874489523],[126.88213691774213,37.43855939616991],[126.88219479185943,37.43856808625579],[126.88223422939532,37.4385740186477],[126.88235251525592,37.43855882081705],[126.88250597257517,37.438539126214266],[126.88265061964101,37.43851720607449],[126.88269057714525,37.43862308761679],[126.88272375749146,37.4386916335869],[126.88273029355312,37.438702848690085],[126.88277860055707,37.43868071441452],[126.88315310702434,37.4384277987249],[126.88318867922372,37.43840557944793],[126.88319526099261,37.43840214418668],[126.88325475769625,37.43835627936203],[126.8832919699546,37.43833298949524],[126.88339074556185,37.43830041770199],[126.88341067926649,37.43829961770275],[126.88343840156824,37.438253630933374],[126.88332195671792,37.4381117139657],[126.88328598845165,37.43808413419029],[126.88318722915062,37.437955776919985],[126.88309409822367,37.437834029590235],[126.8829384642865,37.437644373616926],[126.88292582710052,37.43760417599161],[126.88292042083081,37.43760742320604],[126.88276173836053,37.437702941918886],[126.88271372840768,37.43773055461758],[126.88265127695091,37.43768717138234],[126.88251243180333,37.43760685100315],[126.88238908832261,37.437520338138945],[126.88195178085147,37.43752487920665],[126.88195261431908,37.4375123650511],[126.88187490790715,37.43751240356104],[126.88157423105197,37.43751137805742],[126.88127422244496,37.43750937037024],[126.88119752890006,37.43754019690195],[126.8810969606251,37.43776781520586],[126.88108831583583,37.43778939454534],[126.88105732890725,37.437939768197595],[126.88104810800445,37.43798237646702],[126.88101603978575,37.43813048747209],[126.88095503812504,37.43812057725868],[126.88092722058175,37.43811936856454],[126.88091377506936,37.43811877820276],[126.88092145748516,37.43821816719045],[126.88092877152687,37.43825841365548],[126.88096876999595,37.43832306571294],[126.88104748558207,37.4384412049944]]]]},"properties":{"projectName":"소하동 2구역 가로주택정비사업","normalizedName":"소하동2구역가로주택정비사업","projectType":"가로주택정비","category":"small-scale","programTags":[],"stageName":"","districtCode":"41210","districtName":"광명시","regionName":"경기도 광명시","areaSquareMeters":7822.0,"noticeDate":"","sourceBaseDate":"","partCount":1,"pnu":"4121010400108830013","parcelAddress":"경기도 광명시 소하동 883-13","representativeParcelOnly":true,"bounds":[126.880914,37.437509,126.883438,37.438703]}},{"type":"Feature","id":"gyeonggi-small-4121010400108830025","geometry":{"type":"MultiPolygon","coordinates":[[[[126.8800532448505,37.43758861814536],[126.88022134129818,37.4375641481837],[126.88025901116718,37.43755871771299],[126.88029318989551,37.43755304037817],[126.88037681864573,37.43753812432843],[126.88037721782396,37.43751479764554],[126.88037161647915,37.43748477933538],[126.88037062915681,37.437473407605026],[126.88026720019475,37.4374905828929],[126.88015399545755,37.437508811243454],[126.88016121193,37.437532208814545],[126.8800532448505,37.43758861814536]]]]},"properties":{"projectName":"소하동 4구역 가로주택정비사업","normalizedName":"소하동4구역가로주택정비사업","projectType":"가로주택정비","category":"small-scale","programTags":[],"stageName":"","districtCode":"41210","districtName":"광명시","regionName":"경기도 광명시","areaSquareMeters":5380.0,"noticeDate":"","sourceBaseDate":"","partCount":1,"pnu":"4121010400108830025","parcelAddress":"경기도 광명시 소하동 883-25","representativeParcelOnly":true,"bounds":[126.880053,37.437473,126.880377,37.437589]}},{"type":"Feature","id":"gyeonggi-small-4119410500103310004","geometry":{"type":"MultiPolygon","coordinates":[[[[126.75787708228113,37.48449090415843],[126.75808663209091,37.48472244228942],[126.7580917997416,37.48473272432346],[126.75851305518519,37.484705930767795],[126.7584549053787,37.48412313512784],[126.75802010921836,37.48414260248811],[126.75788694392696,37.48423945568083],[126.75783147659419,37.484294482437086],[126.75787708228113,37.48449090415843]]]]},"properties":{"projectName":"송내동 건우2차, 동신2차 소규모재건축사업","normalizedName":"송내동건우2차동신2차소규모재건축사업","projectType":"소규모재건축","category":"small-scale","programTags":[],"stageName":"","districtCode":"41194","districtName":"부천시","regionName":"경기도 부천시","areaSquareMeters":7037.6,"noticeDate":"","sourceBaseDate":"","partCount":1,"pnu":"4119410500103310004","parcelAddress":"경기도 부천시 소사구 송내동 331-4","representativeParcelOnly":true,"bounds":[126.757831,37.484123,126.758513,37.484733]}},{"type":"Feature","id":"gyeonggi-small-4119410500103280001","geometry":{"type":"MultiPolygon","coordinates":[[[[126.75599932994187,37.48418742616841],[126.75564577594399,37.48423949854535],[126.75573238554765,37.4846185487827],[126.75611382517259,37.48456239848698],[126.75601915671847,37.48426144838862],[126.75599932994187,37.48418742616841]]]]},"properties":{"projectName":"송내동 건우3차아파트 소규모재건축사업","normalizedName":"송내동건우3차아파트소규모재건축사업","projectType":"소규모재건축","category":"small-scale","programTags":[],"stageName":"","districtCode":"41194","districtName":"부천시","regionName":"경기도 부천시","areaSquareMeters":1480.3,"noticeDate":"","sourceBaseDate":"","partCount":1,"pnu":"4119410500103280001","parcelAddress":"경기도 부천시 소사구 송내동 328-1","representativeParcelOnly":true,"bounds":[126.755646,37.484187,126.756114,37.484619]}},{"type":"Feature","id":"gyeonggi-small-4119410500103650001","geometry":{"type":"MultiPolygon","coordinates":[[[[126.7615250933194,37.48478398669632],[126.76164945461234,37.48475198346092],[126.76180550067717,37.484711665088405],[126.76196165935224,37.48467143683756],[126.76211770479625,37.48463120815035],[126.76223359048467,37.48491678926758],[126.76264243241837,37.484811388739296],[126.76244518340285,37.48433427122325],[126.7620615284096,37.484307004968365],[126.76175519249593,37.484285210281],[126.76157193121585,37.48417392528766],[126.76144225672802,37.48413527932435],[126.76146023478506,37.48431173146549],[126.7615250933194,37.48478398669632]]]]},"properties":{"projectName":"송내동 성우아파트 소규모재건축사업","normalizedName":"송내동성우아파트소규모재건축사업","projectType":"소규모재건축","category":"small-scale","programTags":[],"stageName":"","districtCode":"41194","districtName":"부천시","regionName":"경기도 부천시","areaSquareMeters":5036.0,"noticeDate":"","sourceBaseDate":"","partCount":1,"pnu":"4119410500103650001","parcelAddress":"경기도 부천시 소사구 송내동 365-1","representativeParcelOnly":true,"bounds":[126.761442,37.484135,126.762642,37.484917]}},{"type":"Feature","id":"gyeonggi-small-4111312600109680001","geometry":{"type":"MultiPolygon","coordinates":[[[[127.0129097398882,37.249535618337994],[127.01287485643758,37.24946940446619],[127.01276246723492,37.24945032222211],[127.01266777438957,37.249433490798],[127.01266437986033,37.249497311584584],[127.01266370381317,37.24949888846341],[127.0129097398882,37.249535618337994]]]]},"properties":{"projectName":"수원시 세류2동","normalizedName":"수원시세류2동","projectType":"소규모주택정비","category":"small-scale","programTags":[],"stageName":"","districtCode":"41113","districtName":"수원시권선구","regionName":"경기도 수원시권선구","areaSquareMeters":null,"noticeDate":"","sourceBaseDate":"","partCount":1,"pnu":"4111312600109680001","parcelAddress":"경기도 수원시 권선구 세류동 968-1","representativeParcelOnly":true,"bounds":[127.012664,37.249433,127.01291,37.249536]}},{"type":"Feature","id":"gyeonggi-small-4119610500104080004","geometry":{"type":"MultiPolygon","coordinates":[[[[126.82375253352212,37.52633182240796],[126.82389511375186,37.526315548731525],[126.82378418253927,37.52610472956184],[126.8236554553266,37.5261471617905],[126.82375253352212,37.52633182240796]]]]},"properties":{"projectName":"수정,일신주택 가로주택정비사업","normalizedName":"수정일신주택가로주택정비사업","projectType":"가로주택정비","category":"small-scale","programTags":[],"stageName":"","districtCode":"41196","districtName":"부천시","regionName":"경기도 부천시","areaSquareMeters":1116.2,"noticeDate":"","sourceBaseDate":"","partCount":1,"pnu":"4119610500104080004","parcelAddress":"경기도 부천시 오정구 고강동 408-4","representativeParcelOnly":true,"bounds":[126.823655,37.526105,126.823895,37.526332]}},{"type":"Feature","id":"gyeonggi-small-4136011200140260016","geometry":{"type":"MultiPolygon","coordinates":[[[[127.15406022009792,37.61068623326634],[127.15430886425102,37.61080346261873],[127.15448552029885,37.61090808994842],[127.15463223453467,37.61100851223981],[127.15472492997108,37.611088903598706],[127.15478161383174,37.61113805959783],[127.15519018791676,37.610896173552504],[127.15519574477634,37.61086119023789],[127.15495374725388,37.610688868140926],[127.15481561150264,37.61056872163789],[127.15470869224468,37.610449939986424],[127.15458833323524,37.610487522898666],[127.154533433299,37.61047407036438],[127.15447560735984,37.61040334623503],[127.15445637609302,37.61037545876601],[127.15435326804719,37.610225903347235],[127.15433829966607,37.610255519956375],[127.1542727663778,37.610392130445554],[127.1542255785165,37.610489101026175],[127.15416578603391,37.610608666472686],[127.15406022009792,37.61068623326634]]]]},"properties":{"projectName":"신우가든아파트일원 소규모재건축정비사업조합","normalizedName":"신우가든아파트일원소규모재건축정비사업조합","projectType":"소규모재건축","category":"small-scale","programTags":[],"stageName":"","districtCode":"41360","districtName":"남양주시","regionName":"경기도 남양주시","areaSquareMeters":5025.0,"noticeDate":"","sourceBaseDate":"","partCount":1,"pnu":"4136011200140260016","parcelAddress":"경기도 남양주시 다산동 4026-16","representativeParcelOnly":true,"bounds":[127.15406,37.610226,127.155196,37.611138]}},{"type":"Feature","id":"gyeonggi-small-4143010300101920033","geometry":{"type":"MultiPolygon","coordinates":[[[[126.95154222404732,37.319946903846144],[126.95152972060042,37.320070960877466],[126.9515289455292,37.32008289914848],[126.95154711672028,37.32008876349265],[126.9515994446581,37.320135900238505],[126.95161135279521,37.32014423975339],[126.95162308509843,37.31997480670519],[126.95154222404732,37.319946903846144]]]]},"properties":{"projectName":"신우연립 및 주변 가로주택정비사업","normalizedName":"신우연립및주변가로주택정비사업","projectType":"가로주택정비","category":"small-scale","programTags":[],"stageName":"","districtCode":"41430","districtName":"의왕시","regionName":"경기도 의왕시","areaSquareMeters":6348.0,"noticeDate":"","sourceBaseDate":"","partCount":1,"pnu":"4143010300101920033","parcelAddress":"경기도 의왕시 삼동 192-33","representativeParcelOnly":true,"bounds":[126.951529,37.319947,126.951623,37.320144]}},{"type":"Feature","id":"gyeonggi-small-4119610700103110001","geometry":{"type":"MultiPolygon","coordinates":[[[[126.77361467142107,37.51522578405985],[126.77354827496136,37.51522580009791],[126.77353549617733,37.515228595547974],[126.7727313070963,37.51615889417872],[126.77285790638071,37.51623193064773],[126.77276633494773,37.51633782741194],[126.77311977996445,37.51654181170559],[126.7731754234181,37.516533413896866],[126.77395245515412,37.51556510108788],[126.77404558855275,37.51542073393036],[126.77402714468612,37.515378207511525],[126.77361467142107,37.51522578405985]]]]},"properties":{"projectName":"신한일아파트 가로주택정비사업","normalizedName":"신한일아파트가로주택정비사업","projectType":"가로주택정비","category":"small-scale","programTags":[],"stageName":"","districtCode":"41196","districtName":"부천시","regionName":"경기도 부천시","areaSquareMeters":7669.4,"noticeDate":"","sourceBaseDate":"","partCount":1,"pnu":"4119610700103110001","parcelAddress":"경기도 부천시 오정구 삼정동 311-1","representativeParcelOnly":true,"bounds":[126.772731,37.515226,126.774046,37.516542]}},{"type":"Feature","id":"gyeonggi-small-4119410200105620068","geometry":{"type":"MultiPolygon","coordinates":[[[[126.78382938762905,37.47980510195844],[126.78383114453922,37.479823035097205],[126.78379810300596,37.47983288522283],[126.78379120048743,37.479834944804736],[126.78379231877655,37.479839181565765],[126.78379970293832,37.47986595487433],[126.78383695385146,37.48000297551686],[126.78394939358314,37.479982369498735],[126.78393876041,37.479789355699765],[126.78382938762905,37.47980510195844]]]]},"properties":{"projectName":"심곡본동 562-68 가로주택정비사업","normalizedName":"심곡본동56268가로주택정비사업","projectType":"가로주택정비","category":"small-scale","programTags":[],"stageName":"","districtCode":"41194","districtName":"부천시","regionName":"경기도 부천시","areaSquareMeters":6972.81,"noticeDate":"","sourceBaseDate":"","partCount":1,"pnu":"4119410200105620068","parcelAddress":"경기도 부천시 소사구 심곡본동 562-68","representativeParcelOnly":true,"bounds":[126.783791,37.479789,126.783949,37.480003]}},{"type":"Feature","id":"gyeonggi-small-4119410200106430001","geometry":{"type":"MultiPolygon","coordinates":[[[[126.77895655205259,37.478547103099345],[126.77885424857162,37.47856200212176],[126.77869858235645,37.47858457607502],[126.77882898743279,37.47915405578951],[126.77908684623495,37.479116492226545],[126.77909194751409,37.47913856732228],[126.77933466084774,37.47910335334857],[126.77921025705908,37.4785599964592],[126.77896754515979,37.47859530028569],[126.77895655205259,37.478547103099345]]]]},"properties":{"projectName":"심곡본동 643-1번지 일원(B) 가로주택정비사업","normalizedName":"심곡본동6431번지일원가로주택정비사업","projectType":"가로주택정비","category":"small-scale","programTags":[],"stageName":"","districtCode":"41194","districtName":"부천시","regionName":"경기도 부천시","areaSquareMeters":3571.9,"noticeDate":"","sourceBaseDate":"","partCount":1,"pnu":"4119410200106430001","parcelAddress":"경기도 부천시 소사구 심곡본동 643-1","representativeParcelOnly":true,"bounds":[126.778699,37.478547,126.779335,37.479154]}},{"type":"Feature","id":"gyeonggi-small-4117110100100300011","geometry":{"type":"MultiPolygon","coordinates":[[[[126.9163752983098,37.415104782128104],[126.91625173387168,37.41513158828074],[126.91627720090943,37.41520636356806],[126.91640087842231,37.41517955747064],[126.9163752983098,37.415104782128104]]]]},"properties":{"projectName":"안양동 30-11번지 일원 가로주택정비사업","normalizedName":"안양동3011번지일원가로주택정비사업","projectType":"가로주택정비","category":"small-scale","programTags":[],"stageName":"","districtCode":"41171","districtName":"안양시","regionName":"경기도 안양시","areaSquareMeters":3856.5,"noticeDate":"","sourceBaseDate":"","partCount":1,"pnu":"4117110100100300011","parcelAddress":"경기도 안양시 만안구 안양동 30-11","representativeParcelOnly":true,"bounds":[126.916252,37.415105,126.916401,37.415206]}},{"type":"Feature","id":"gyeonggi-small-4117110100103680000","geometry":{"type":"MultiPolygon","coordinates":[[[[126.93725993946096,37.37973148444322],[126.93723383799687,37.37975462639929],[126.93715022290846,37.37982864452951],[126.93725223027198,37.37990069125851],[126.93736149601067,37.37980253971547],[126.93725993946096,37.37973148444322]]]]},"properties":{"projectName":"안양동 368일원 가로주택정비사업","normalizedName":"안양동368일원가로주택정비사업","projectType":"가로주택정비","category":"small-scale","programTags":[],"stageName":"","districtCode":"41171","districtName":"안양시","regionName":"경기도 안양시","areaSquareMeters":4147.0,"noticeDate":"","sourceBaseDate":"","partCount":1,"pnu":"4117110100103680000","parcelAddress":"경기도 안양시 만안구 안양동 368","representativeParcelOnly":true,"bounds":[126.93715,37.379731,126.937361,37.379901]}},{"type":"Feature","id":"gyeonggi-small-4117110100103710000","geometry":{"type":"MultiPolygon","coordinates":[[[[126.93812549210269,37.3785227864506],[126.93776237042901,37.37880830385173],[126.93776820358916,37.37885317765285],[126.93818148881039,37.37906549911936],[126.93845142646929,37.37882281921688],[126.93828364131146,37.37869559610835],[126.93830500486379,37.378666684873885],[126.93820751955475,37.37858851454114],[126.93812549210269,37.3785227864506]]]]},"properties":{"projectName":"안양동 371일원 가로주택정비사업조합","normalizedName":"안양동371일원가로주택정비사업조합","projectType":"가로주택정비","category":"small-scale","programTags":[],"stageName":"","districtCode":"41171","districtName":"안양시","regionName":"경기도 안양시","areaSquareMeters":2438.0,"noticeDate":"","sourceBaseDate":"","partCount":1,"pnu":"4117110100103710000","parcelAddress":"경기도 안양시 만안구 안양동 371","representativeParcelOnly":true,"bounds":[126.937762,37.378523,126.938451,37.379065]}},{"type":"Feature","id":"gyeonggi-small-4113110600103790000","geometry":{"type":"MultiPolygon","coordinates":[[[[127.16224608280686,37.45912987913983],[127.16231205772746,37.4592042754087],[127.1623997182723,37.45915524960455],[127.1623352244586,37.45908108562971],[127.16224608280686,37.45912987913983]]]]},"properties":{"projectName":"양지동 379번지 일원 가로주택정비사업","normalizedName":"양지동379번지일원가로주택정비사업","projectType":"가로주택정비","category":"small-scale","programTags":[],"stageName":"","districtCode":"41131","districtName":"성남시","regionName":"경기도 성남시","areaSquareMeters":9602.0,"noticeDate":"","sourceBaseDate":"","partCount":1,"pnu":"4113110600103790000","parcelAddress":"경기도 성남시 수정구 양지동 379","representativeParcelOnly":true,"bounds":[127.162246,37.459081,127.1624,37.459204]}},{"type":"Feature","id":"gyeonggi-small-4113110600104270000","geometry":{"type":"MultiPolygon","coordinates":[[[[127.16218089753535,37.45869543147438],[127.16198953390231,37.45880183877257],[127.16206264113309,37.458887217751894],[127.16225339372797,37.458780432746025],[127.16221013218578,37.458729945239845],[127.16218089753535,37.45869543147438]]]]},"properties":{"projectName":"양지동 427번지 일원 가로주택정비사업","normalizedName":"양지동427번지일원가로주택정비사업","projectType":"가로주택정비","category":"small-scale","programTags":[],"stageName":"","districtCode":"41131","districtName":"성남시","regionName":"경기도 성남시","areaSquareMeters":9477.0,"noticeDate":"","sourceBaseDate":"","partCount":1,"pnu":"4113110600104270000","parcelAddress":"경기도 성남시 수정구 양지동 427","representativeParcelOnly":true,"bounds":[127.16199,37.458695,127.162253,37.458887]}},{"type":"Feature","id":"gyeonggi-small-4119210700100460000","geometry":{"type":"MultiPolygon","coordinates":[[[[126.80529466678873,37.48487838624499],[126.80524449738424,37.48503913135415],[126.80529058898503,37.485054164502266],[126.80536854856597,37.48490256560695],[126.80529466678873,37.48487838624499]]]]},"properties":{"projectName":"역곡동 46일원","normalizedName":"역곡동46일원","projectType":"소규모주택정비","category":"small-scale","programTags":[],"stageName":"","districtCode":"41192","districtName":"부천시","regionName":"경기도 부천시","areaSquareMeters":7903.5,"noticeDate":"","sourceBaseDate":"","partCount":1,"pnu":"4119210700100460000","parcelAddress":"경기도 부천시 원미구 역곡동 46","representativeParcelOnly":true,"bounds":[126.805244,37.484878,126.805369,37.485054]}},{"type":"Feature","id":"gyeonggi-small-4119210700100210000","geometry":{"type":"MultiPolygon","coordinates":[[[[126.80052104960863,37.484069824155235],[126.80054579171066,37.48437242193428],[126.80058822456236,37.484402136988145],[126.80179468207453,37.484339400545366],[126.80183197041951,37.48430558597971],[126.8018072231501,37.484002988451515],[126.80158162851235,37.48401468033537],[126.80094125560076,37.48404801321646],[126.80073533672461,37.484058655682766],[126.80052104960863,37.484069824155235]]]]},"properties":{"projectName":"역곡동 건우아파트 가로주택정비사업","normalizedName":"역곡동건우아파트가로주택정비사업","projectType":"가로주택정비","category":"small-scale","programTags":[],"stageName":"","districtCode":"41192","districtName":"부천시","regionName":"경기도 부천시","areaSquareMeters":2114.0,"noticeDate":"","sourceBaseDate":"","partCount":1,"pnu":"4119210700100210000","parcelAddress":"경기도 부천시 원미구 역곡동 21","representativeParcelOnly":true,"bounds":[126.800521,37.484003,126.801832,37.484402]}},{"type":"Feature","id":"gyeonggi-small-4119210700100210003","geometry":{"type":"MultiPolygon","coordinates":[[[[126.80158162851235,37.48401468033537],[126.80157198932201,37.48389816475833],[126.80156234920045,37.483782009576586],[126.80154065633158,37.48352167402685],[126.8009141272206,37.48370702886045],[126.80094125560076,37.48404801321646],[126.80158162851235,37.48401468033537]]]]},"properties":{"projectName":"역곡동 장미아파트 소규모재건축사업","normalizedName":"역곡동장미아파트소규모재건축사업","projectType":"소규모재건축","category":"small-scale","programTags":[],"stageName":"","districtCode":"41192","districtName":"부천시","regionName":"경기도 부천시","areaSquareMeters":2629.5,"noticeDate":"","sourceBaseDate":"","partCount":1,"pnu":"4119210700100210003","parcelAddress":"경기도 부천시 원미구 역곡동 21-3","representativeParcelOnly":true,"bounds":[126.800914,37.483522,126.801582,37.484048]}},{"type":"Feature","id":"gyeonggi-small-4119410400101050000","geometry":{"type":"MultiPolygon","coordinates":[[[[126.81147184315076,37.48150811133471],[126.81128855727435,37.481781450174495],[126.81130495495663,37.481824544382064],[126.81157386370549,37.4819390435831],[126.81162425287575,37.48186398115633],[126.81186345911601,37.48196581795775],[126.81201519377109,37.4817394598486],[126.81147184315076,37.48150811133471]]]]},"properties":{"projectName":"역곡현대 가로주택정비사업","normalizedName":"역곡현대가로주택정비사업","projectType":"가로주택정비","category":"small-scale","programTags":[],"stageName":"","districtCode":"41194","districtName":"부천시","regionName":"경기도 부천시","areaSquareMeters":9766.9,"noticeDate":"","sourceBaseDate":"","partCount":1,"pnu":"4119410400101050000","parcelAddress":"경기도 부천시 소사구 괴안동 105","representativeParcelOnly":true,"bounds":[126.811289,37.481508,126.812015,37.481966]}},{"type":"Feature","id":"gyeonggi-small-4111113700100210000","geometry":{"type":"MultiPolygon","coordinates":[[[[127.0281948670567,37.29791379289261],[127.02819508296281,37.29791836106491],[127.02820923963844,37.29802003007152],[127.0282609046502,37.29810968888722],[127.0283087688824,37.29816750614875],[127.02833227936499,37.29824768345916],[127.02838311700965,37.298230056796726],[127.02855285228644,37.29820891602198],[127.02875442239507,37.29814395060422],[127.02877126975758,37.29810483302395],[127.02862015918511,37.29785281366433],[127.02861458373087,37.29784206565586],[127.02851156010878,37.297668992367875],[127.02846021358876,37.29765010046461],[127.02815474802279,37.29775039116792],[127.02819117346016,37.29783432289837],[127.0281948670567,37.29791379289261]]]]},"properties":{"projectName":"연무동 21 가로주택정비사업","normalizedName":"연무동21가로주택정비사업","projectType":"가로주택정비","category":"small-scale","programTags":[],"stageName":"","districtCode":"41111","districtName":"수원시","regionName":"경기도 수원시","areaSquareMeters":2283.0,"noticeDate":"","sourceBaseDate":"","partCount":1,"pnu":"4111113700100210000","parcelAddress":"경기도 수원시 장안구 연무동 21","representativeParcelOnly":true,"bounds":[127.028155,37.29765,127.028771,37.298248]}},{"type":"Feature","id":"gyeonggi-small-4111113700102120002","geometry":{"type":"MultiPolygon","coordinates":[[[[127.02755369955476,37.297769437559666],[127.02764678148702,37.29773759266937],[127.02762990913942,37.29770589816525],[127.02756911237496,37.297591688015906],[127.02750193410543,37.297614210511995],[127.02740146544765,37.297647822923544],[127.02738103113582,37.29765466620803],[127.02725810940684,37.29769577997119],[127.02725584092397,37.297691374428865],[127.02708624184874,37.29774600459395],[127.02716805657475,37.2978797898114],[127.02754618289597,37.297754464098],[127.02755369955476,37.297769437559666]]]]},"properties":{"projectName":"연무동 212 일원 가로주택정비사업","normalizedName":"연무동212일원가로주택정비사업","projectType":"가로주택정비","category":"small-scale","programTags":[],"stageName":"","districtCode":"41111","districtName":"수원시","regionName":"경기도 수원시","areaSquareMeters":2230.0,"noticeDate":"","sourceBaseDate":"","partCount":1,"pnu":"4111113700102120002","parcelAddress":"경기도 수원시 장안구 연무동 212-2","representativeParcelOnly":true,"bounds":[127.027086,37.297592,127.027647,37.29788]}},{"type":"Feature","id":"gyeonggi-small-4111113700102200004","geometry":{"type":"MultiPolygon","coordinates":[[[[127.03034154572879,37.29593112273567],[127.03035876645916,37.295839483780135],[127.03018552467715,37.295818261566865],[127.030169544246,37.29590962988822],[127.03019648925732,37.29591299321351],[127.03034154572879,37.29593112273567]]]]},"properties":{"projectName":"연무동 220-4번지 일원 가로주택정비사업","normalizedName":"연무동2204번지일원가로주택정비사업","projectType":"가로주택정비","category":"small-scale","programTags":[],"stageName":"","districtCode":"41111","districtName":"수원시","regionName":"경기도 수원시","areaSquareMeters":4591.0,"noticeDate":"","sourceBaseDate":"","partCount":1,"pnu":"4111113700102200004","parcelAddress":"경기도 수원시 장안구 연무동 220-4","representativeParcelOnly":true,"bounds":[127.03017,37.295818,127.030359,37.295931]}},{"type":"Feature","id":"gyeonggi-small-4111113700100240005","geometry":{"type":"MultiPolygon","coordinates":[[[[127.02924868798384,37.29818640945854],[127.02947702251727,37.298185121316656],[127.02950356099154,37.298185006919546],[127.02960846968524,37.29817229556279],[127.02955971120673,37.2980780684269],[127.02972748161125,37.29802210163282],[127.02967278373738,37.2979398146014],[127.02965963617517,37.297918211035],[127.02962861594898,37.29790687444345],[127.0294742883118,37.29795891844375],[127.0294589524327,37.297997387026626],[127.02936094741898,37.29801276367506],[127.02926453061693,37.29805332365157],[127.02918702795907,37.29806331619891],[127.02924868798384,37.29818640945854]]]]},"properties":{"projectName":"연무동 24의5 일원 가로주택정비사업","normalizedName":"연무동24의5일원가로주택정비사업","projectType":"가로주택정비","category":"small-scale","programTags":[],"stageName":"","districtCode":"41111","districtName":"수원시","regionName":"경기도 수원시","areaSquareMeters":1413.0,"noticeDate":"","sourceBaseDate":"","partCount":1,"pnu":"4111113700100240005","parcelAddress":"경기도 수원시 장안구 연무동 24-5","representativeParcelOnly":true,"bounds":[127.029187,37.297907,127.029727,37.298186]}},{"type":"Feature","id":"gyeonggi-small-4111113700102190039","geometry":{"type":"MultiPolygon","coordinates":[[[[127.02946338873235,37.29553884466549],[127.02946474491597,37.29554641299837],[127.02964665805705,37.29556562490956],[127.02977377963178,37.29557904700308],[127.02979854328515,37.29544983336486],[127.0294376500141,37.29541171538714],[127.02943999933835,37.29542108554646],[127.02943323293347,37.29542243868814],[127.02946338873235,37.29553884466549]]]]},"properties":{"projectName":"연무동219-39번지일원 가로주택정비사업","normalizedName":"연무동21939번지일원가로주택정비사업","projectType":"가로주택정비","category":"small-scale","programTags":[],"stageName":"","districtCode":"41111","districtName":"수원시","regionName":"경기도 수원시","areaSquareMeters":4754.0,"noticeDate":"","sourceBaseDate":"","partCount":1,"pnu":"4111113700102190039","parcelAddress":"경기도 수원시 장안구 연무동 219-39","representativeParcelOnly":true,"bounds":[127.029433,37.295412,127.029799,37.295579]}},{"type":"Feature","id":"gyeonggi-small-4111313700109930004","geometry":{"type":"MultiPolygon","coordinates":[[[[127.02049460324345,37.25771138092043],[127.0203033294538,37.25734378875429],[127.02012118075136,37.25740409683527],[127.02022422659651,37.257602020178375],[127.0203121943853,37.25777106761844],[127.02049460324345,37.25771138092043]]]]},"properties":{"projectName":"영동연립 가로주택정비사업","normalizedName":"영동연립가로주택정비사업","projectType":"가로주택정비","category":"small-scale","programTags":[],"stageName":"","districtCode":"41113","districtName":"수원시","regionName":"경기도 수원시","areaSquareMeters":1545.5,"noticeDate":"","sourceBaseDate":"","partCount":1,"pnu":"4111313700109930004","parcelAddress":"경기도 수원시 권선구 권선동 993-4","representativeParcelOnly":true,"bounds":[127.020121,37.257344,127.020495,37.257771]}},{"type":"Feature","id":"gyeonggi-small-4137010900100640001","geometry":{"type":"MultiPolygon","coordinates":[[[[127.06905468786529,37.16114811828971],[127.06905008109833,37.16115833882915],[127.06899715368549,37.16114271773173],[127.0689817676573,37.16114713262994],[127.06880940746588,37.161353454084555],[127.06878544257387,37.161383229391845],[127.0688763750969,37.16150986544699],[127.06897088108455,37.161641329026295],[127.06954904424882,37.16177367819326],[127.06960937052953,37.16176600263522],[127.06972433508682,37.1618104754446],[127.06974935898867,37.16181934539632],[127.07002179309963,37.162012986153115],[127.07012255474999,37.16211225065231],[127.07031860236079,37.16230535824416],[127.0705233197954,37.162510696720894],[127.0705358629142,37.16249970561152],[127.07037051577373,37.16234378492339],[127.07051475875947,37.162257875969615],[127.07042751840349,37.162072607688586],[127.07028737384621,37.161773459247385],[127.0701595261462,37.16156339037028],[127.07007461866867,37.161403890501894],[127.06986531233727,37.161398875422954],[127.06979377351253,37.16138189581847],[127.0697229913645,37.16135499516835],[127.06969740430318,37.161345675009066],[127.06969391174647,37.161342883761705],[127.06965508823066,37.16131205412003],[127.06947334978261,37.161265096609725],[127.06935831914062,37.16123376991845],[127.06910018734189,37.16116650081286],[127.06905468786529,37.16114811828971]]]]},"properties":{"projectName":"영산그린맨션 소규모재건축정비사업","normalizedName":"영산그린맨션소규모재건축정비사업","projectType":"소규모재건축","category":"small-scale","programTags":[],"stageName":"","districtCode":"41370","districtName":"오산시","regionName":"경기도 오산시","areaSquareMeters":7695.0,"noticeDate":"","sourceBaseDate":"","partCount":1,"pnu":"4137010900100640001","parcelAddress":"경기도 오산시 은계동 64-1","representativeParcelOnly":true,"bounds":[127.068785,37.161143,127.070536,37.162511]}},{"type":"Feature","id":"gyeonggi-small-4119410400100930011","geometry":{"type":"MultiPolygon","coordinates":[[[[126.80914638931341,37.477944225033475],[126.8090784454263,37.477811036587475],[126.80879783515331,37.4779020308446],[126.80879161205192,37.47790400289672],[126.8087412915853,37.478084301165765],[126.80915021377835,37.47795179966602],[126.80914638931341,37.477944225033475]]]]},"properties":{"projectName":"영신연립 가로주택정비사업","normalizedName":"영신연립가로주택정비사업","projectType":"가로주택정비","category":"small-scale","programTags":[],"stageName":"","districtCode":"41194","districtName":"부천시","regionName":"경기도 부천시","areaSquareMeters":2666.6,"noticeDate":"","sourceBaseDate":"","partCount":1,"pnu":"4119410400100930011","parcelAddress":"경기도 부천시 소사구 괴안동 93-11","representativeParcelOnly":true,"bounds":[126.808741,37.477811,126.80915,37.478084]}},{"type":"Feature","id":"gyeonggi-small-4137010300103780002","geometry":{"type":"MultiPolygon","coordinates":[[[[127.07451427130846,37.13822046037894],[127.07427236858753,37.13820519207879],[127.07404461409787,37.13819082469291],[127.07406330189552,37.138431610950235],[127.07404517907197,37.13893585187627],[127.07417417188832,37.13892447365525],[127.07421824730655,37.13892575315658],[127.07439106018204,37.13895455284194],[127.07441417769746,37.13886065781048],[127.07442447474168,37.13881251717207],[127.07442643542946,37.13880322609918],[127.07444957746782,37.1386997978918],[127.07447635790147,37.13857620184904],[127.07450285980372,37.13845565153191],[127.0745260447817,37.13835027700034],[127.0745540369171,37.13822296784354],[127.07451427130846,37.13822046037894]]]]},"properties":{"projectName":"오산대남 소규모 재건축사업","normalizedName":"오산대남소규모재건축사업","projectType":"소규모주택정비","category":"small-scale","programTags":[],"stageName":"","districtCode":"41370","districtName":"오산시","regionName":"경기도 오산시","areaSquareMeters":3590.0,"noticeDate":"","sourceBaseDate":"","partCount":1,"pnu":"4137010300103780002","parcelAddress":"경기도 오산시 원동 378-2","representativeParcelOnly":true,"bounds":[127.074045,37.138191,127.074554,37.138955]}},{"type":"Feature","id":"gyeonggi-small-4137012200100370000","geometry":{"type":"MultiPolygon","coordinates":[[[[127.08308729545742,37.13554541613128],[127.08310046646703,37.13552758420933],[127.0831238304013,37.13549596814578],[127.0831721376923,37.13546774989326],[127.0832521870089,37.1354438978722],[127.08326620104026,37.13541467602162],[127.08327433095835,37.135397712568896],[127.0832967825449,37.13534459793989],[127.08334405146033,37.135271967356864],[127.08331412435058,37.1352389643655],[127.08325219879934,37.135193314609296],[127.08322767134327,37.13512659041187],[127.08323593019541,37.135103959239146],[127.08330638766813,37.13491027402188],[127.08332117705089,37.13486959922369],[127.0833228488956,37.13486491258613],[127.08335883277337,37.134816275852145],[127.08339417379783,37.13481863923979],[127.0833994885966,37.13478988291703],[127.08342683869374,37.13471882487725],[127.08346116530167,37.13464676183683],[127.08345511785254,37.1346222663429],[127.08351782485904,37.134558076901314],[127.0835663566509,37.134509161104226],[127.08356718855957,37.13450832254757],[127.08355581012707,37.13446626919377],[127.0835511643458,37.13445790161165],[127.0834132263363,37.134504491414525],[127.08336121853361,37.13450269819548],[127.08329109467071,37.134462118041114],[127.0831631674891,37.1344723701239],[127.08306106612424,37.13450113899821],[127.08300990636253,37.1344820538034],[127.0829905412281,37.134443258692954],[127.08297812672205,37.13443175174731],[127.08282307841945,37.13454865290312],[127.08277874790883,37.13459073552171],[127.08270935050031,37.134639980659536],[127.08262797732844,37.134709255385005],[127.0825474930001,37.13477843934081],[127.08242360211683,37.13489122787628],[127.0823499331185,37.13497742796431],[127.08231977867003,37.13501586949042],[127.08233073098326,37.135028197460414],[127.08233456498645,37.13506702128652],[127.08232253032537,37.13510579285755],[127.08231896400245,37.13511759910309],[127.08231142558812,37.13515122258618],[127.08231170427179,37.13516987422487],[127.08238057070095,37.13520262564774],[127.08239536499276,37.135218906619585],[127.08241633120147,37.13522886698512],[127.0824551640346,37.135265549435466],[127.08247448214368,37.13528139480194],[127.08250932232498,37.13530995244954],[127.08258645053485,37.13532241536964],[127.0826063215718,37.13530795787352],[127.08261389276107,37.13531569275185],[127.08260507578176,37.13537445654752],[127.08258072448533,37.13547236376285],[127.08262914961597,37.13548055726214],[127.08269072812803,37.135485930444595],[127.08281921102594,37.13550954912881],[127.0829654749547,37.13553223638118],[127.08308729545742,37.13554541613128]]]]},"properties":{"projectName":"오산빌리지 소규모재건축정비사업","normalizedName":"오산빌리지소규모재건축정비사업","projectType":"소규모재건축","category":"small-scale","programTags":[],"stageName":"","districtCode":"41370","districtName":"오산시","regionName":"경기도 오산시","areaSquareMeters":9515.0,"noticeDate":"","sourceBaseDate":"","partCount":1,"pnu":"4137012200100370000","parcelAddress":"경기도 오산시 고현동 37","representativeParcelOnly":true,"bounds":[127.082311,37.134432,127.083567,37.135545]}},{"type":"Feature","id":"gyeonggi-small-4137010800100110000","geometry":{"type":"MultiPolygon","coordinates":[[[[127.06749238443959,37.1665966758606],[127.06749780499844,37.16661535160443],[127.06804554497363,37.166898560644555],[127.06814498219167,37.166933961080055],[127.06820290498182,37.1669538507056],[127.06826568203952,37.16697553966782],[127.06845975458056,37.16703950383027],[127.06855769233985,37.16707221062694],[127.06854046332685,37.16710747844849],[127.0685751874124,37.16717241547491],[127.06868010256824,37.167226653308205],[127.06872447143166,37.167235710731795],[127.06886135113011,37.167264286395984],[127.0689868570843,37.16729044455503],[127.0689909579174,37.167305940274304],[127.06903128809329,37.16740724033642],[127.0690330790546,37.16740809531316],[127.0690501098093,37.16741591572941],[127.06906734302314,37.16742350175488],[127.06908471113326,37.167430844417495],[127.06910223664974,37.167437934693886],[127.0691199308477,37.16744479059852],[127.06913777118461,37.16745138511274],[127.06915574642534,37.167457745274305],[127.06917386780474,37.167463844045315],[127.06919210154528,37.16746968144496],[127.0692104701812,37.16747527548134],[127.06922896243705,37.16748060813983],[127.06924755579443,37.16748567943323],[127.06926626152043,37.16749049836558],[127.06928507959869,37.16749504691582],[127.06930396500059,37.16749933412015],[127.06932297402155,37.16750335994634],[127.06934206161695,37.1675071154096],[127.06936121652731,37.16751060051634],[127.06938045001968,37.167513824270614],[127.06941921893402,37.167517955899186],[127.06942079715176,37.16750753886097],[127.06942163663635,37.16750200593513],[127.069491386201,37.166985745572504],[127.06950999765752,37.166847766160195],[127.06945287744114,37.166643062397824],[127.06937983454395,37.16638487239393],[127.06923089363625,37.1663515376633],[127.06913873186218,37.16633090219015],[127.06910045089015,37.16633034735823],[127.06896510518239,37.1663284331561],[127.0689071208203,37.166327646192094],[127.06883388696066,37.16630868467862],[127.0687401342343,37.166283986064414],[127.06868089490169,37.166277252772765],[127.06870482737527,37.16622178859831],[127.06869437349503,37.16615189107856],[127.06870807707813,37.16610266796591],[127.06871142161918,37.166090673095766],[127.06868990010736,37.16608423378106],[127.06843668734587,37.16600821130938],[127.06832326192088,37.16614537905948],[127.06800471589311,37.16598181043482],[127.06789541103443,37.166106721186125],[127.06786111640716,37.16615832549677],[127.06758901925262,37.16647889084988],[127.06749238443959,37.1665966758606]]]]},"properties":{"projectName":"오산수청주공 가로주택정비사업","normalizedName":"오산수청주공가로주택정비사업","projectType":"가로주택정비","category":"small-scale","programTags":[],"stageName":"","districtCode":"41370","districtName":"오산시","regionName":"경기도 오산시","areaSquareMeters":17404.0,"noticeDate":"","sourceBaseDate":"","partCount":1,"pnu":"4137010800100110000","parcelAddress":"경기도 오산시 수청동 11","representativeParcelOnly":true,"bounds":[127.067492,37.165982,127.06951,37.167518]}},{"type":"Feature","id":"gyeonggi-small-4121010400110730000","geometry":{"type":"MultiPolygon","coordinates":[[[[126.87736738588185,37.43304511641024],[126.87749409697741,37.43304799748842],[126.87759601136533,37.43304838367701],[126.87768303130834,37.43304351931729],[126.87781514988255,37.43305609155667],[126.87793791212997,37.43306925754363],[126.8780819917388,37.43310519612707],[126.87818830605674,37.433137202785865],[126.8783800874063,37.43321578142992],[126.87851265096432,37.43328120650824],[126.878533150388,37.43322389666907],[126.87854080141439,37.4331675825903],[126.87856622026015,37.43313515470527],[126.87857078916508,37.43310495765345],[126.87857225114551,37.43309533640349],[126.87859841991374,37.43306722512158],[126.87861208957796,37.433013079714875],[126.87861517145699,37.433000901284245],[126.87849235375056,37.4329318644066],[126.87838545866607,37.432882026457186],[126.87823643535349,37.43282244963419],[126.87811209098794,37.432782143929174],[126.87811097269532,37.432781971570186],[126.87805729403269,37.432774076749155],[126.87791822478482,37.43276296615716],[126.87774719468105,37.432825380278075],[126.87767279476923,37.43285824323065],[126.87759529620364,37.43292017843182],[126.87756877264486,37.43293713463517],[126.8775005358195,37.4329666972392],[126.8774402035702,37.432985302827234],[126.87736738588185,37.43304511641024]]]]},"properties":{"projectName":"오승주택 가로정비사업","normalizedName":"오승주택가로정비사업","projectType":"소규모주택정비","category":"small-scale","programTags":[],"stageName":"","districtCode":"41210","districtName":"광명시","regionName":"경기도 광명시","areaSquareMeters":2966.0,"noticeDate":"","sourceBaseDate":"","partCount":1,"pnu":"4121010400110730000","parcelAddress":"경기도 광명시 소하동 1073","representativeParcelOnly":true,"bounds":[126.877367,37.432763,126.878615,37.433281]}},{"type":"Feature","id":"gyeonggi-small-4119610100101390005","geometry":{"type":"MultiPolygon","coordinates":[[[[126.7990720085563,37.52561923641535],[126.79909494472422,37.52559215582731],[126.79912389739904,37.52555319243274],[126.79915002504514,37.525513052899264],[126.79917310141293,37.52547173684108],[126.79917742457441,37.52546272530398],[126.79899531820803,37.52541051597908],[126.7988702966964,37.525374730327464],[126.79876923298761,37.52559907541386],[126.79879785451864,37.5256407504318],[126.79883780182199,37.525552161246466],[126.7990720085563,37.52561923641535]]]]},"properties":{"projectName":"오정동 139-5번지 외12필지 가로주택정비사업","normalizedName":"오정동1395번지외12필지가로주택정비사업","projectType":"가로주택정비","category":"small-scale","programTags":[],"stageName":"","districtCode":"41196","districtName":"부천시","regionName":"경기도 부천시","areaSquareMeters":4566.9,"noticeDate":"","sourceBaseDate":"","partCount":1,"pnu":"4119610100101390005","parcelAddress":"경기도 부천시 오정구 오정동 139-5","representativeParcelOnly":true,"bounds":[126.798769,37.525375,126.799177,37.525641]}},{"type":"Feature","id":"gyeonggi-small-4115010500100330003","geometry":{"type":"MultiPolygon","coordinates":[[[[127.08544690316974,37.73603739620779],[127.08544886906078,37.73604028689699],[127.08585712951681,37.736220088882256],[127.08598462807366,37.736276028443],[127.08597201262215,37.73629588567746],[127.08615462429928,37.73638194977397],[127.0861704494298,37.73634142214358],[127.08615240448715,37.73624570786783],[127.08617432353391,37.73619683295132],[127.08614854512717,37.736064391996216],[127.08616100430453,37.7360368856851],[127.08613563436383,37.735944302999435],[127.08616837457832,37.735814342722136],[127.08616874668671,37.735782457400845],[127.08587083541403,37.735651382706145],[127.08549021563584,37.735483552873845],[127.08543373132753,37.73566484868493],[127.08544111017825,37.73584002653499],[127.08544690316974,37.73603739620779]]]]},"properties":{"projectName":"용현동 33-3외 1필지(동남장미아파트) 소규모재건축사업","normalizedName":"용현동333외1필지소규모재건축사업","projectType":"소규모재건축","category":"small-scale","programTags":[],"stageName":"","districtCode":"41150","districtName":"의정부시","regionName":"경기도 의정부시","areaSquareMeters":9333.0,"noticeDate":"","sourceBaseDate":"","partCount":1,"pnu":"4115010500100330003","parcelAddress":"경기도 의정부시 용현동 33-3","representativeParcelOnly":true,"bounds":[127.085434,37.735484,127.086174,37.736382]}},{"type":"Feature","id":"gyeonggi-small-4111514000100580001","geometry":{"type":"MultiPolygon","coordinates":[[[[127.04301231115546,37.279401705004325],[127.04297135205519,37.2793506488295],[127.04294380438134,37.27930776932284],[127.04273380606348,37.27943480713786],[127.04273540792795,37.279436095056646],[127.04275862999181,37.27948697728739],[127.04283925697973,37.279537443031735],[127.04291404419028,37.279548535640515],[127.04305638895735,37.27952618521418],[127.04304843809373,37.279503076518935],[127.04301231115546,37.279401705004325]]]]},"properties":{"projectName":"우만동금성아파트 소규모주택 재건축정비사업","normalizedName":"우만동금성아파트소규모주택재건축정비사업","projectType":"소규모주택정비","category":"small-scale","programTags":[],"stageName":"","districtCode":"41115","districtName":"수원시","regionName":"경기도 수원시","areaSquareMeters":3783.0,"noticeDate":"","sourceBaseDate":"","partCount":1,"pnu":"4111514000100580001","parcelAddress":"경기도 수원시 팔달구 우만동 58-1","representativeParcelOnly":true,"bounds":[127.042734,37.279308,127.043056,37.279549]}},{"type":"Feature","id":"gyeonggi-small-4143010300102440001","geometry":{"type":"MultiPolygon","coordinates":[[[[126.95566200651525,37.32056993742179],[126.95562659814847,37.320616380610474],[126.95558103724997,37.3206792906075],[126.95555637697278,37.32071297040394],[126.95552327517596,37.320769424857275],[126.95548092276711,37.32084331055981],[126.95548538623372,37.32096120256119],[126.95549314229372,37.321119002288576],[126.9554960562971,37.321187706664915],[126.95557729515946,37.321192612777025],[126.9559320801911,37.321212572529774],[126.95606600456495,37.32122015661366],[126.95607866867917,37.32111700299342],[126.95609629494551,37.321073246918814],[126.9560929549875,37.3209240537243],[126.95606985583333,37.32085728782686],[126.95609541183353,37.32079716314912],[126.95614273827148,37.32078072856369],[126.95622159908143,37.32081851176797],[126.9562857484702,37.320837142491655],[126.95628861432218,37.32083675614557],[126.95633686190617,37.32082693536691],[126.95635388322454,37.32079452294068],[126.95631212757235,37.32075868219819],[126.95624431529993,37.32071508265127],[126.95615978133867,37.32069346169784],[126.95608444957058,37.32064086693527],[126.95603669604905,37.32057981307834],[126.95588362951877,37.32049403052502],[126.95576340421486,37.32053979228415],[126.95570539048798,37.32056178191423],[126.95566200651525,37.32056993742179]]]]},"properties":{"projectName":"우성4차아파트 및 주변 가로주택정비사업","normalizedName":"우성4차아파트및주변가로주택정비사업","projectType":"가로주택정비","category":"small-scale","programTags":[],"stageName":"","districtCode":"41430","districtName":"의왕시","regionName":"경기도 의왕시","areaSquareMeters":9304.19,"noticeDate":"","sourceBaseDate":"","partCount":1,"pnu":"4143010300102440001","parcelAddress":"경기도 의왕시 삼동 244-1","representativeParcelOnly":true,"bounds":[126.955481,37.320494,126.956354,37.32122]}},{"type":"Feature","id":"gyeonggi-small-4119610400100690018","geometry":{"type":"MultiPolygon","coordinates":[[[[126.80581365636044,37.53160712870062],[126.80587118710108,37.53159376318851],[126.80603602421294,37.531529633188306],[126.80607903735604,37.531655843321666],[126.80616064108558,37.5318993363934],[126.80618261500108,37.5319329797562],[126.80628844305147,37.53168557102013],[126.80630799753436,37.531679494613115],[126.80631806690678,37.53167940313661],[126.80633244809336,37.53167880521944],[126.80638415119218,37.53129670765127],[126.80639836360712,37.531200171760695],[126.80644387049904,37.53086422174918],[126.80642097280287,37.53086389560982],[126.80624074389056,37.5308613542864],[126.8060165426496,37.53085755960886],[126.80571343141614,37.530853111134824],[126.80560039192115,37.53085116674171],[126.80560589729483,37.53086578997387],[126.80555010512192,37.53087644625603],[126.80555627142805,37.530910874404185],[126.80557239178808,37.530993585238946],[126.80579621147861,37.53161118128874],[126.80581365636044,37.53160712870062]]]]},"properties":{"projectName":"욱일6차아파트 소규모재건축사업","normalizedName":"욱일6차아파트소규모재건축사업","projectType":"소규모재건축","category":"small-scale","programTags":[],"stageName":"","districtCode":"41196","districtName":"부천시","regionName":"경기도 부천시","areaSquareMeters":5728.0,"noticeDate":"","sourceBaseDate":"","partCount":1,"pnu":"4119610400100690018","parcelAddress":"경기도 부천시 오정구 원종동 69-18","representativeParcelOnly":true,"bounds":[126.80555,37.530851,126.806444,37.531933]}},{"type":"Feature","id":"gyeonggi-small-4119210700100520001","geometry":{"type":"MultiPolygon","coordinates":[[[[126.80693664982418,37.48682392692911],[126.80711290664705,37.48648147688718],[126.80695847328718,37.486431037025255],[126.80695156938843,37.48643363855527],[126.8067978730097,37.48649140972878],[126.80669698873291,37.4864584470505],[126.80666175946206,37.486527045113775],[126.80684839002569,37.48658799000714],[126.80675713604457,37.48676524640635],[126.80693664982418,37.48682392692911]]]]},"properties":{"projectName":"욱일연립 소규모재건축사업","normalizedName":"욱일연립소규모재건축사업","projectType":"소규모재건축","category":"small-scale","programTags":[],"stageName":"","districtCode":"41192","districtName":"부천시","regionName":"경기도 부천시","areaSquareMeters":1624.0,"noticeDate":"","sourceBaseDate":"","partCount":1,"pnu":"4119210700100520001","parcelAddress":"경기도 부천시 원미구 역곡동 52-1","representativeParcelOnly":true,"bounds":[126.806662,37.486431,126.807113,37.486824]}},{"type":"Feature","id":"gyeonggi-small-4119210100100890001","geometry":{"type":"MultiPolygon","coordinates":[[[[126.7868587296137,37.49516326104114],[126.78686861723354,37.495209166822995],[126.7869262522545,37.49545509074251],[126.78740927807081,37.4953846260843],[126.78744134576303,37.49534578812029],[126.78738207484737,37.49508609423383],[126.78725400175028,37.49510499923042],[126.7870569312896,37.49513408627805],[126.7869978893144,37.495142799857966],[126.7868587296137,37.49516326104114]]]]},"properties":{"projectName":"원미상가아파트 소규모재건축사업","normalizedName":"원미상가아파트소규모재건축사업","projectType":"소규모재건축","category":"small-scale","programTags":[],"stageName":"","districtCode":"41192","districtName":"부천시","regionName":"경기도 부천시","areaSquareMeters":1531.9,"noticeDate":"","sourceBaseDate":"","partCount":1,"pnu":"4119210100100890001","parcelAddress":"경기도 부천시 원미구 원미동 89-1","representativeParcelOnly":true,"bounds":[126.786859,37.495086,126.787441,37.495455]}},{"type":"Feature","id":"gyeonggi-small-4131010400102320005","geometry":{"type":"MultiPolygon","coordinates":[[[[127.13376968233887,37.60167206443496],[127.13374609829454,37.60173850228064],[127.13377991651787,37.601779161770914],[127.1337450909722,37.60187957925218],[127.13367638544949,37.60192371424531],[127.13357846376833,37.60192331929603],[127.13350100531817,37.60191666658633],[127.13345796427025,37.60189884822385],[127.1334507170886,37.60184132859129],[127.1334034575233,37.60220506298961],[127.13382713954807,37.6021761538105],[127.1338598205631,37.602188406572466],[127.13407980631719,37.60206056257282],[127.13409238481773,37.60198240623428],[127.13410687689496,37.60188499374769],[127.13411944365265,37.60179387227871],[127.13420859897803,37.601768076063045],[127.13424118477997,37.6017586692076],[127.13427929392888,37.60174764337189],[127.13447536642066,37.601597445115495],[127.13447124113021,37.601531966350535],[127.13440831082116,37.601486465521546],[127.13379034307208,37.60162390178596],[127.13376968233887,37.60167206443496]]]]},"properties":{"projectName":"원일아파트2구역 가로주택정비사업","normalizedName":"원일아파트2구역가로주택정비사업","projectType":"가로주택정비","category":"small-scale","programTags":[],"stageName":"","districtCode":"41310","districtName":"구리시","regionName":"경기도 구리시","areaSquareMeters":5764.0,"noticeDate":"","sourceBaseDate":"","partCount":1,"pnu":"4131010400102320005","parcelAddress":"경기도 구리시 교문동 232-5","representativeParcelOnly":true,"bounds":[127.133403,37.601486,127.134475,37.602205]}},{"type":"Feature","id":"gyeonggi-small-4119610400101510002","geometry":{"type":"MultiPolygon","coordinates":[[[[126.79947729469268,37.52366972102685],[126.79944938818251,37.52353083918118],[126.79906610495692,37.52357975551581],[126.79909100343592,37.523701234108465],[126.79909457666068,37.52371853930935],[126.79928853842341,37.52369382393677],[126.79947729469268,37.52366972102685]]]]},"properties":{"projectName":"원종동 151-2번지일원 가로주택정비사업","normalizedName":"원종동1512번지일원가로주택정비사업","projectType":"가로주택정비","category":"small-scale","programTags":[],"stageName":"","districtCode":"41196","districtName":"부천시","regionName":"경기도 부천시","areaSquareMeters":6590.0,"noticeDate":"","sourceBaseDate":"","partCount":1,"pnu":"4119610400101510002","parcelAddress":"경기도 부천시 오정구 원종동 151-2","representativeParcelOnly":true,"bounds":[126.799066,37.523531,126.799477,37.523719]}},{"type":"Feature","id":"gyeonggi-small-4119610400101990002","geometry":{"type":"MultiPolygon","coordinates":[[[[126.80014292167519,37.52324731863935],[126.80020370490406,37.52310766011085],[126.80005764919581,37.52307057846259],[126.80000241343008,37.52320850746328],[126.80014292167519,37.52324731863935]]]]},"properties":{"projectName":"원종동 199-2번지일원 가로주택정비사업","normalizedName":"원종동1992번지일원가로주택정비사업","projectType":"가로주택정비","category":"small-scale","programTags":[],"stageName":"","districtCode":"41196","districtName":"부천시","regionName":"경기도 부천시","areaSquareMeters":6581.3,"noticeDate":"","sourceBaseDate":"","partCount":1,"pnu":"4119610400101990002","parcelAddress":"경기도 부천시 오정구 원종동 199-2","representativeParcelOnly":true,"bounds":[126.800002,37.523071,126.800204,37.523247]}},{"type":"Feature","id":"gyeonggi-small-4119610400103390005","geometry":{"type":"MultiPolygon","coordinates":[[[[126.81111290254923,37.52754719529839],[126.81079410115798,37.52754749182516],[126.81079413625011,37.52761813875646],[126.81079427493817,37.52765698079568],[126.81111296371134,37.52765666606753],[126.81111290254923,37.52754719529839]]]]},"properties":{"projectName":"원종동 339-5번지 일원 가로주택정비사업","normalizedName":"원종동3395번지일원가로주택정비사업","projectType":"가로주택정비","category":"small-scale","programTags":[],"stageName":"","districtCode":"41196","districtName":"부천시","regionName":"경기도 부천시","areaSquareMeters":1477.9,"noticeDate":"","sourceBaseDate":"","partCount":1,"pnu":"4119610400103390005","parcelAddress":"경기도 부천시 오정구 원종동 339-5","representativeParcelOnly":true,"bounds":[126.810794,37.527547,126.811113,37.527657]}},{"type":"Feature","id":"gyeonggi-small-4119610400103400020","geometry":{"type":"MultiPolygon","coordinates":[[[[126.81076233119742,37.52585141972785],[126.81076215534611,37.52574275963427],[126.8104132668895,37.52574417783818],[126.8104134422348,37.5258528379308],[126.81076233119742,37.52585141972785]]]]},"properties":{"projectName":"원종동 340-20 일원 가로주택정비사업","normalizedName":"원종동34020일원가로주택정비사업","projectType":"가로주택정비","category":"small-scale","programTags":[],"stageName":"","districtCode":"41196","districtName":"부천시","regionName":"경기도 부천시","areaSquareMeters":2234.0,"noticeDate":"","sourceBaseDate":"","partCount":1,"pnu":"4119610400103400020","parcelAddress":"경기도 부천시 오정구 원종동 340-20","representativeParcelOnly":true,"bounds":[126.810413,37.525743,126.810762,37.525853]}},{"type":"Feature","id":"gyeonggi-small-4119610400103740009","geometry":{"type":"MultiPolygon","coordinates":[[[[126.8040075002213,37.52039579219385],[126.80417095783287,37.52039570500679],[126.80417091697481,37.52028235986935],[126.80400745961047,37.52028244705708],[126.8040075002213,37.52039579219385]]]]},"properties":{"projectName":"원종동 374-9 일원 가로주택정비사업","normalizedName":"원종동3749일원가로주택정비사업","projectType":"가로주택정비","category":"small-scale","programTags":[],"stageName":"","districtCode":"41196","districtName":"부천시","regionName":"경기도 부천시","areaSquareMeters":2291.7,"noticeDate":"","sourceBaseDate":"","partCount":1,"pnu":"4119610400103740009","parcelAddress":"경기도 부천시 오정구 원종동 374-9","representativeParcelOnly":true,"bounds":[126.804007,37.520282,126.804171,37.520396]}},{"type":"Feature","id":"gyeonggi-small-4119610400102900006","geometry":{"type":"MultiPolygon","coordinates":[[[[126.80937405988477,37.52341360355083],[126.80956422122631,37.52341355234521],[126.80956404387132,37.523306153595634],[126.80937399592555,37.52330620498578],[126.80937405988477,37.52341360355083]]]]},"properties":{"projectName":"원종동 대성주택","normalizedName":"원종동대성주택","projectType":"소규모주택정비","category":"small-scale","programTags":[],"stageName":"","districtCode":"41196","districtName":"부천시","regionName":"경기도 부천시","areaSquareMeters":840.1,"noticeDate":"","sourceBaseDate":"","partCount":1,"pnu":"4119610400102900006","parcelAddress":"경기도 부천시 오정구 원종동 290-6","representativeParcelOnly":true,"bounds":[126.809374,37.523306,126.809564,37.523414]}},{"type":"Feature","id":"gyeonggi-small-4119610400101300003","geometry":{"type":"MultiPolygon","coordinates":[[[[126.80040317925715,37.52688652306103],[126.80032809658933,37.52721048240932],[126.80028826497951,37.52738267541777],[126.80091486823461,37.527475732713974],[126.80095827400528,37.52744697465022],[126.80095800475908,37.526998189536435],[126.80092178307025,37.5269635298883],[126.80040317925715,37.52688652306103]]]]},"properties":{"projectName":"원종동 성도아파트 외","normalizedName":"원종동성도아파트외","projectType":"소규모주택정비","category":"small-scale","programTags":[],"stageName":"","districtCode":"41196","districtName":"부천시","regionName":"경기도 부천시","areaSquareMeters":5841.4,"noticeDate":"","sourceBaseDate":"","partCount":1,"pnu":"4119610400101300003","parcelAddress":"경기도 부천시 오정구 원종동 130-3","representativeParcelOnly":true,"bounds":[126.800288,37.526887,126.800958,37.527476]}},{"type":"Feature","id":"gyeonggi-small-4119610400103650000","geometry":{"type":"MultiPolygon","coordinates":[[[[126.80616399565648,37.52022638757548],[126.80603899892438,37.520226460088175],[126.80576751303025,37.52022653306093],[126.80576772849663,37.52053378145259],[126.80580780291741,37.52056556285381],[126.80641050459673,37.52056529854017],[126.80641043496928,37.52041825617185],[126.80641025616234,37.52022625400713],[126.80628740872909,37.520226312312985],[126.80616399565648,37.52022638757548]]]]},"properties":{"projectName":"원종동 오익빌라 가로주택정비사업","normalizedName":"원종동오익빌라가로주택정비사업","projectType":"가로주택정비","category":"small-scale","programTags":[],"stageName":"","districtCode":"41196","districtName":"부천시","regionName":"경기도 부천시","areaSquareMeters":2495.0,"noticeDate":"","sourceBaseDate":"","partCount":1,"pnu":"4119610400103650000","parcelAddress":"경기도 부천시 오정구 원종동 365","representativeParcelOnly":true,"bounds":[126.805768,37.520226,126.806411,37.520566]}},{"type":"Feature","id":"gyeonggi-small-4119610400103630000","geometry":{"type":"MultiPolygon","coordinates":[[[[126.80744939867743,37.521262577495975],[126.80744926865727,37.52113806890697],[126.80724563618084,37.521144131219245],[126.8072456895642,37.52121080487087],[126.80728293160084,37.521244653396984],[126.80744939867743,37.521262577495975]]]]},"properties":{"projectName":"원종동 우성빌라외","normalizedName":"원종동우성빌라외","projectType":"소규모주택정비","category":"small-scale","programTags":[],"stageName":"","districtCode":"41196","districtName":"부천시","regionName":"경기도 부천시","areaSquareMeters":9270.1,"noticeDate":"","sourceBaseDate":"","partCount":1,"pnu":"4119610400103630000","parcelAddress":"경기도 부천시 오정구 원종동 363","representativeParcelOnly":true,"bounds":[126.807246,37.521138,126.807449,37.521263]}},{"type":"Feature","id":"gyeonggi-small-4119610400101380012","geometry":{"type":"MultiPolygon","coordinates":[[[[126.80139789394036,37.526516363736846],[126.80123374422178,37.52651644589645],[126.80104821335685,37.526516473519976],[126.80104843675214,37.52689804450555],[126.80108454533958,37.52693270392332],[126.80170074207854,37.527024207705495],[126.80174426065544,37.526995359441486],[126.80174384139895,37.52651621056452],[126.80139789394036,37.526516363736846]]]]},"properties":{"projectName":"원종동 유림？신영？소망？명진 가로주택정비사업","normalizedName":"원종동유림신영소망명진가로주택정비사업","projectType":"가로주택정비","category":"small-scale","programTags":[],"stageName":"","districtCode":"41196","districtName":"부천시","regionName":"경기도 부천시","areaSquareMeters":5643.5,"noticeDate":"","sourceBaseDate":"","partCount":1,"pnu":"4119610400101380012","parcelAddress":"경기도 부천시 오정구 원종동 138-12","representativeParcelOnly":true,"bounds":[126.801048,37.526516,126.801744,37.527024]}},{"type":"Feature","id":"gyeonggi-small-4119610400101380001","geometry":{"type":"MultiPolygon","coordinates":[[[[126.7995692211784,37.52670768553152],[126.80055169295778,37.52685359227317],[126.80059220512736,37.5266804002146],[126.80065434512775,37.52641518143445],[126.79967187898691,37.526269239512445],[126.79964155177699,37.526398480206005],[126.7996113370796,37.526527910289694],[126.7995692211784,37.52670768553152]]]]},"properties":{"projectName":"원종동 효자미성으뜸 가로주택정비사업","normalizedName":"원종동효자미성으뜸가로주택정비사업","projectType":"가로주택정비","category":"small-scale","programTags":[],"stageName":"","districtCode":"41196","districtName":"부천시","regionName":"경기도 부천시","areaSquareMeters":6683.4,"noticeDate":"","sourceBaseDate":"","partCount":1,"pnu":"4119610400101380001","parcelAddress":"경기도 부천시 오정구 원종동 138-1","representativeParcelOnly":true,"bounds":[126.799569,37.526269,126.800654,37.526854]}},{"type":"Feature","id":"gyeonggi-small-4119610400101530009","geometry":{"type":"MultiPolygon","coordinates":[[[[126.79771844261298,37.52233756245936],[126.79768607530796,37.522176499015664],[126.79754306280383,37.52218617207635],[126.79757710411899,37.52235550957194],[126.79767838354134,37.52234263800864],[126.79771844261298,37.52233756245936]]]]},"properties":{"projectName":"원종동153번지일원가로주택정비사업조합","normalizedName":"원종동153번지일원가로주택정비사업조합","projectType":"가로주택정비","category":"small-scale","programTags":[],"stageName":"","districtCode":"41196","districtName":"부천시","regionName":"경기도 부천시","areaSquareMeters":4062.0,"noticeDate":"","sourceBaseDate":"","partCount":1,"pnu":"4119610400101530009","parcelAddress":"경기도 부천시 오정구 원종동 153-9","representativeParcelOnly":true,"bounds":[126.797543,37.522176,126.797718,37.522356]}},{"type":"Feature","id":"gyeonggi-small-4131010300106480269","geometry":{"type":"MultiPolygon","coordinates":[[[[127.12818143099715,37.60782931567524],[127.12833476041898,37.60790149985015],[127.12839952428448,37.60793199154135],[127.12848618873215,37.607847809726486],[127.12834337844686,37.60779451703977],[127.12829822034323,37.60778508722918],[127.12821959530253,37.60777500858702],[127.12818143099715,37.60782931567524]]]]},"properties":{"projectName":"인창1구역 가로주택정비사업","normalizedName":"인창1구역가로주택정비사업","projectType":"가로주택정비","category":"small-scale","programTags":[],"stageName":"","districtCode":"41310","districtName":"구리시","regionName":"경기도 구리시","areaSquareMeters":9875.7,"noticeDate":"","sourceBaseDate":"","partCount":1,"pnu":"4131010300106480269","parcelAddress":"경기도 구리시 인창동 648-269","representativeParcelOnly":true,"bounds":[127.128181,37.607775,127.128486,37.607932]}},{"type":"Feature","id":"gyeonggi-small-4131010300106480070","geometry":{"type":"MultiPolygon","coordinates":[[[[127.12926255111036,37.607436782064845],[127.12922458183537,37.607359518924504],[127.12926559352796,37.60730197388906],[127.1292703273597,37.60729531952014],[127.12920604041365,37.60725882724909],[127.1290566295744,37.60735888964919],[127.1291010235825,37.607398457834414],[127.12908599404327,37.60741106079436],[127.12917058897358,37.607488480785065],[127.12926255111036,37.607436782064845]]]]},"properties":{"projectName":"인창2구역 가로주택정비사업","normalizedName":"인창2구역가로주택정비사업","projectType":"가로주택정비","category":"small-scale","programTags":[],"stageName":"","districtCode":"41310","districtName":"구리시","regionName":"경기도 구리시","areaSquareMeters":9071.75,"noticeDate":"","sourceBaseDate":"","partCount":1,"pnu":"4131010300106480070","parcelAddress":"경기도 구리시 인창동 648-70","representativeParcelOnly":true,"bounds":[127.129057,37.607259,127.12927,37.607488]}},{"type":"Feature","id":"gyeonggi-small-4111113200101630002","geometry":{"type":"MultiPolygon","coordinates":[[[[126.96831107376768,37.30311683319876],[126.96817704711593,37.30305313783396],[126.96811377275301,37.30304728132984],[126.96791017801934,37.303028959851744],[126.96774622804459,37.30389846014119],[126.9679011024172,37.30393195041027],[126.96788922934117,37.30402391504946],[126.9680961368714,37.304030397977826],[126.96816792901373,37.30380411582379],[126.96825325032523,37.30374441062596],[126.96833400311263,37.3033000458414],[126.96848835919653,37.303201047906626],[126.96831107376768,37.30311683319876]]]]},"properties":{"projectName":"장미5차아파트 가로주택정비사업","normalizedName":"장미5차아파트가로주택정비사업","projectType":"가로주택정비","category":"small-scale","programTags":[],"stageName":"","districtCode":"41111","districtName":"수원시","regionName":"경기도 수원시","areaSquareMeters":5251.0,"noticeDate":"","sourceBaseDate":"","partCount":1,"pnu":"4111113200101630002","parcelAddress":"경기도 수원시 장안구 율전동 163-2","representativeParcelOnly":true,"bounds":[126.967746,37.303029,126.968488,37.30403]}},{"type":"Feature","id":"gyeonggi-small-4111113200101420005","geometry":{"type":"MultiPolygon","coordinates":[[[[126.96773472341438,37.30478035677815],[126.96810771287491,37.30483911959662],[126.96861692848006,37.3049192825664],[126.96861035386466,37.304890204543696],[126.9686302172195,37.30481247831885],[126.96862959368174,37.30471610411617],[126.96862957348405,37.30471067991777],[126.96865597891876,37.30460700587635],[126.96862419083075,37.304482826278864],[126.96861750606693,37.30442185180611],[126.96861084232535,37.30441621852435],[126.96826000312063,37.30411123036796],[126.96806077965846,37.30409801020251],[126.96799639069073,37.30431432899843],[126.96779917834579,37.304671530886786],[126.96773472341438,37.30478035677815]]]]},"properties":{"projectName":"장미6차 아파트 소규모재건축사업","normalizedName":"장미6차아파트소규모재건축사업","projectType":"소규모재건축","category":"small-scale","programTags":[],"stageName":"","districtCode":"41111","districtName":"수원시","regionName":"경기도 수원시","areaSquareMeters":4766.0,"noticeDate":"","sourceBaseDate":"","partCount":1,"pnu":"4111113200101420005","parcelAddress":"경기도 수원시 장안구 율전동 142-5","representativeParcelOnly":true,"bounds":[126.967735,37.304098,126.968656,37.304919]}},{"type":"Feature","id":"gyeonggi-small-4119610400103690000","geometry":{"type":"MultiPolygon","coordinates":[[[[126.80715240356128,37.517750562743494],[126.80715205703298,37.51731718373998],[126.80711209711883,37.51728531286758],[126.80601612832072,37.51728584661734],[126.80597024775206,37.517312350015374],[126.80578981492123,37.51775119596573],[126.80715240356128,37.517750562743494]]]]},"properties":{"projectName":"장미아파트 소규모재건축사업","normalizedName":"장미아파트소규모재건축사업","projectType":"소규모재건축","category":"small-scale","programTags":[],"stageName":"","districtCode":"41196","districtName":"부천시","regionName":"경기도 부천시","areaSquareMeters":5772.0,"noticeDate":"","sourceBaseDate":"","partCount":1,"pnu":"4119610400103690000","parcelAddress":"경기도 부천시 오정구 원종동 369","representativeParcelOnly":true,"bounds":[126.80579,37.517285,126.807152,37.517751]}},{"type":"Feature","id":"gyeonggi-small-4119210100101500001","geometry":{"type":"MultiPolygon","coordinates":[[[[126.78676925308267,37.490844578383346],[126.7866675082889,37.49076173581182],[126.78665109674913,37.490747488211504],[126.78661471518998,37.49071782424357],[126.78658858948599,37.49069606265785],[126.78651794399372,37.49063963073034],[126.78643024278391,37.4905688958964],[126.78637959037388,37.49052777220432],[126.786118451097,37.49073059771242],[126.78647956101504,37.49102813448182],[126.78653270429153,37.49102881684126],[126.78676925308267,37.490844578383346]]]]},"properties":{"projectName":"장미연립 가로주택정비사업조합","normalizedName":"장미연립가로주택정비사업조합","projectType":"가로주택정비","category":"small-scale","programTags":[],"stageName":"","districtCode":"41192","districtName":"부천시","regionName":"경기도 부천시","areaSquareMeters":4734.0,"noticeDate":"","sourceBaseDate":"","partCount":1,"pnu":"4119210100101500001","parcelAddress":"경기도 부천시 원미구 원미동 150-1","representativeParcelOnly":true,"bounds":[126.786118,37.490528,126.786769,37.491029]}},{"type":"Feature","id":"gyeonggi-small-4111113600106680004","geometry":{"type":"MultiPolygon","coordinates":[[[[127.01107890799844,37.29544742081048],[127.01120700572125,37.29527297094083],[127.01126981399818,37.29518754811482],[127.01134953628488,37.29507878716647],[127.01141888437381,37.294984443515254],[127.01120344789244,37.29488077980364],[127.01116164874303,37.294860969564034],[127.01103836055498,37.294802547740254],[127.01096812781495,37.29476965675794],[127.01092190752848,37.29474780144773],[127.01081357710484,37.29489429050342],[127.01074233381394,37.29499021976256],[127.0106808105054,37.295073128337656],[127.01066091914203,37.29509992651622],[127.01064243729675,37.2951247873676],[127.01057767744486,37.29521188592737],[127.0106070248831,37.29522606589092],[127.01069309334952,37.295266650655314],[127.01085282393743,37.295342631041535],[127.01103157092464,37.295427142438726],[127.01107890799844,37.29544742081048]]]]},"properties":{"projectName":"장안구 조원동 668-4번지 일원 가로주택정비사업","normalizedName":"장안구조원동6684번지일원가로주택정비사업","projectType":"가로주택정비","category":"small-scale","programTags":[],"stageName":"","districtCode":"41111","districtName":"수원시","regionName":"경기도 수원시","areaSquareMeters":6432.0,"noticeDate":"","sourceBaseDate":"","partCount":1,"pnu":"4111113600106680004","parcelAddress":"경기도 수원시 장안구 조원동 668-4","representativeParcelOnly":true,"bounds":[127.010578,37.294748,127.011419,37.295447]}},{"type":"Feature","id":"gyeonggi-small-4165010100101500000","geometry":{"type":"MultiPolygon","coordinates":[[[[127.19943122688643,37.8983382330653],[127.19933644338685,37.89826757879087],[127.1993135289062,37.89828698742005],[127.19919230557547,37.89819286301463],[127.19909648936827,37.89811851644049],[127.19907350052216,37.89806756203241],[127.199147622708,37.89802248090836],[127.19873712043837,37.898041007853216],[127.1984773775441,37.898059641611226],[127.19847294466705,37.898060099495645],[127.19863810991527,37.898132888982865],[127.19876680168072,37.898256642247546],[127.19881925364557,37.898313673704926],[127.19860895813575,37.8984568243405],[127.19880546601435,37.898672864007565],[127.19885246032021,37.898644495849865],[127.19892270947899,37.89872411091925],[127.19896828592412,37.8986884835482],[127.1989698651439,37.89868379603178],[127.19900355898025,37.898656170870005],[127.1991081728325,37.898576262486685],[127.19915490536185,37.898620149723165],[127.19926071740521,37.89856321306336],[127.19938082277875,37.898494269835425],[127.1994887763325,37.89843048225588],[127.19939414904033,37.89837577433617],[127.19943122688643,37.8983382330653]]]]},"properties":{"projectName":"정신연립일대 가로주택정비사업","normalizedName":"정신연립일대가로주택정비사업","projectType":"가로주택정비","category":"small-scale","programTags":[],"stageName":"","districtCode":"41650","districtName":"포천시","regionName":"경기도 포천시","areaSquareMeters":5132.7,"noticeDate":"","sourceBaseDate":"","partCount":1,"pnu":"4165010100101500000","parcelAddress":"경기도 포천시 신읍동 150","representativeParcelOnly":true,"bounds":[127.198473,37.898022,127.199489,37.898724]}},{"type":"Feature","id":"gyeonggi-small-4119610500103110023","geometry":{"type":"MultiPolygon","coordinates":[[[[126.81242916810606,37.52865555825959],[126.81229000977933,37.52867146316543],[126.81231768815915,37.52882125254585],[126.81245608854984,37.528805436494125],[126.81242916810606,37.52865555825959]]]]},"properties":{"projectName":"정안, 고려빌라 가로주택정비사업","normalizedName":"정안고려빌라가로주택정비사업","projectType":"가로주택정비","category":"small-scale","programTags":[],"stageName":"","districtCode":"41196","districtName":"부천시","regionName":"경기도 부천시","areaSquareMeters":2606.7,"noticeDate":"","sourceBaseDate":"","partCount":1,"pnu":"4119610500103110023","parcelAddress":"경기도 부천시 오정구 고강동 311-23","representativeParcelOnly":true,"bounds":[126.81229,37.528656,126.812456,37.528821]}},{"type":"Feature","id":"gyeonggi-small-4111113600104590011","geometry":{"type":"MultiPolygon","coordinates":[[[[127.02011158033845,37.300353246039094],[127.02010886072762,37.300347588001735],[127.02011136201007,37.300245284727986],[127.02011805566335,37.30017510249303],[127.02009661649748,37.30013737074852],[127.02005087201958,37.300194142778054],[127.01999341219482,37.30026519793594],[127.01996286297616,37.30033313131079],[127.01992789433832,37.30031663890876],[127.01991778650878,37.30030872043261],[127.01989540629418,37.30034327838935],[127.01977021243212,37.30030505808154],[127.0197287269247,37.30039154527785],[127.01970289987406,37.300398478166656],[127.01974046339396,37.30041804274556],[127.01970810691628,37.30042944574684],[127.01969036387216,37.30042405130741],[127.01964242984785,37.30052382964556],[127.01951688619762,37.300485735268715],[127.01946561517481,37.30059324487394],[127.01941224682794,37.300703746189704],[127.01931792340132,37.30090591536294],[127.01935491422282,37.300935544646215],[127.0195250757249,37.300962928180866],[127.01977414803835,37.301001715361615],[127.01982736818782,37.30097907328076],[127.01998532476863,37.300632233524645],[127.02011158033845,37.300353246039094]]]]},"properties":{"projectName":"조원동 459-11번지 일원 가로주택정비사업","normalizedName":"조원동45911번지일원가로주택정비사업","projectType":"가로주택정비","category":"small-scale","programTags":[],"stageName":"","districtCode":"41111","districtName":"수원시","regionName":"경기도 수원시","areaSquareMeters":5259.0,"noticeDate":"","sourceBaseDate":"","partCount":1,"pnu":"4111113600104590011","parcelAddress":"경기도 수원시 장안구 조원동 459-11","representativeParcelOnly":true,"bounds":[127.019318,37.300137,127.020118,37.301002]}},{"type":"Feature","id":"gyeonggi-small-4119210800107720002","geometry":{"type":"MultiPolygon","coordinates":[[[[126.76768335843808,37.492719687877525],[126.76770632379102,37.49282148301429],[126.76773578234247,37.49295151024511],[126.76850686145949,37.49283820129747],[126.76853897753465,37.492801143520246],[126.76849446263246,37.49260337679913],[126.76833462443406,37.49262630719003],[126.76817454867809,37.4926492368953],[126.76797725373,37.4926775078167],[126.76780835358902,37.49270176206893],[126.76768335843808,37.492719687877525]]]]},"properties":{"projectName":"중동 현대아파트","normalizedName":"중동현대아파트","projectType":"소규모주택정비","category":"small-scale","programTags":[],"stageName":"","districtCode":"41192","districtName":"부천시","regionName":"경기도 부천시","areaSquareMeters":1887.6,"noticeDate":"","sourceBaseDate":"","partCount":1,"pnu":"4119210800107720002","parcelAddress":"경기도 부천시 원미구 중동 772-2","representativeParcelOnly":true,"bounds":[126.767683,37.492603,126.768539,37.492952]}},{"type":"Feature","id":"gyeonggi-small-4141010500107280008","geometry":{"type":"MultiPolygon","coordinates":[[[[126.94237987161087,37.36579198916364],[126.9425616541809,37.36557465494018],[126.94206498235832,37.36530841647312],[126.94196572792497,37.36542884184112],[126.94207969498959,37.36548998826421],[126.9419999217873,37.36558536609778],[126.94202167699423,37.36559719841375],[126.94222193129974,37.36570609703194],[126.94237987161087,37.36579198916364]]]]},"properties":{"projectName":"중앙연립 소규모재건축사업","normalizedName":"중앙연립소규모재건축사업","projectType":"소규모재건축","category":"small-scale","programTags":[],"stageName":"","districtCode":"41410","districtName":"군포시","regionName":"경기도 군포시","areaSquareMeters":2385.0,"noticeDate":"","sourceBaseDate":"","partCount":1,"pnu":"4141010500107280008","parcelAddress":"경기도 군포시 금정동 728-8","representativeParcelOnly":true,"bounds":[126.941966,37.365308,126.942562,37.365792]}},{"type":"Feature","id":"gyeonggi-small-4119610500104010003","geometry":{"type":"MultiPolygon","coordinates":[[[[126.8208574052307,37.52448103232915],[126.82089592458776,37.52455136875468],[126.82100993739391,37.52451180021444],[126.8209964220552,37.52448701123972],[126.82094123353583,37.52438619577261],[126.82092438380617,37.524383728317794],[126.82082859980197,37.5243699768213],[126.82081433411214,37.52437491046288],[126.82080176657647,37.52437931511465],[126.8208574052307,37.52448103232915]]]]},"properties":{"projectName":"진안빌라외 가로주택정비사업","normalizedName":"진안빌라외가로주택정비사업","projectType":"가로주택정비","category":"small-scale","programTags":[],"stageName":"","districtCode":"41196","districtName":"부천시","regionName":"경기도 부천시","areaSquareMeters":2569.0,"noticeDate":"","sourceBaseDate":"","partCount":1,"pnu":"4119610500104010003","parcelAddress":"경기도 부천시 오정구 고강동 401-3","representativeParcelOnly":true,"bounds":[126.820802,37.52437,126.82101,37.524551]}},{"type":"Feature","id":"gyeonggi-small-4119410100101910003","geometry":{"type":"MultiPolygon","coordinates":[[[[126.79184094890735,37.47218208520584],[126.79186372373867,37.47212282170142],[126.79153534748167,37.47203349001954],[126.79119790305394,37.47191685896267],[126.79118934481902,37.47189691357894],[126.79109397363565,37.47188676069852],[126.79120005280319,37.47231564600833],[126.79122519289609,37.47234443269269],[126.79125365915341,37.472348087351875],[126.79127993357656,37.472371470034595],[126.79160523859295,37.47246800497788],[126.79173037723217,37.47246957870201],[126.79173060513803,37.472468930385624],[126.79184094890735,37.47218208520584]]]]},"properties":{"projectName":"진양아파트 소규모재건축사업","normalizedName":"진양아파트소규모재건축사업","projectType":"소규모재건축","category":"small-scale","programTags":[],"stageName":"","districtCode":"41194","districtName":"부천시","regionName":"경기도 부천시","areaSquareMeters":3432.8,"noticeDate":"","sourceBaseDate":"","partCount":1,"pnu":"4119410100101910003","parcelAddress":"경기도 부천시 소사구 소사본동 191-3","representativeParcelOnly":true,"bounds":[126.791094,37.471887,126.791864,37.47247]}},{"type":"Feature","id":"gyeonggi-small-4117310400110020009","geometry":{"type":"MultiPolygon","coordinates":[[[[126.96004066367685,37.37135481229845],[126.95979188317153,37.37128120170508],[126.95978340590275,37.371299489389465],[126.95972270881165,37.37142993543212],[126.95964822172573,37.37159011016848],[126.96002295760645,37.37173125158609],[126.96014620133678,37.37159587168516],[126.96022753513398,37.37150660917576],[126.96029678168676,37.371430587369],[126.96004066367685,37.37135481229845]]]]},"properties":{"projectName":"진우아파트 가로주택정비사업","normalizedName":"진우아파트가로주택정비사업","projectType":"가로주택정비","category":"small-scale","programTags":[],"stageName":"","districtCode":"41173","districtName":"안양시","regionName":"경기도 안양시","areaSquareMeters":1615.9,"noticeDate":"","sourceBaseDate":"","partCount":1,"pnu":"4117310400110020009","parcelAddress":"경기도 안양시 동안구 호계동 1002-9","representativeParcelOnly":true,"bounds":[126.959648,37.371281,126.960297,37.371731]}},{"type":"Feature","id":"gyeonggi-small-4119610400102810017","geometry":{"type":"MultiPolygon","coordinates":[[[[126.80532913385059,37.52253281902844],[126.80532922645878,37.52262706314031],[126.80567888901173,37.52262691360127],[126.80567876504969,37.52250121574088],[126.80532910310694,37.52250135627134],[126.80532913385059,37.52253281902844]]]]},"properties":{"projectName":"진주,남양,롯데,선진 가로주택정비사업","normalizedName":"진주남양롯데선진가로주택정비사업","projectType":"가로주택정비","category":"small-scale","programTags":[],"stageName":"","districtCode":"41196","districtName":"부천시","regionName":"경기도 부천시","areaSquareMeters":2971.1,"noticeDate":"","sourceBaseDate":"","partCount":1,"pnu":"4119610400102810017","parcelAddress":"경기도 부천시 오정구 원종동 281-17","representativeParcelOnly":true,"bounds":[126.805329,37.522501,126.805679,37.522627]}},{"type":"Feature","id":"gyeonggi-small-4119410400100910001","geometry":{"type":"MultiPolygon","coordinates":[[[[126.8083107214873,37.47929129920854],[126.80842856484982,37.47949637935458],[126.80850240035844,37.47962480245762],[126.80864374583336,37.479571784124595],[126.80869406227501,37.47965755139165],[126.80870368141304,37.47965396308608],[126.80882046976815,37.47961009467335],[126.80847421008421,37.4789806311118],[126.80818578753961,37.47907404382984],[126.8083107214873,37.47929129920854]]]]},"properties":{"projectName":"청암아파트 소규모재건축사업","normalizedName":"청암아파트소규모재건축사업","projectType":"소규모재건축","category":"small-scale","programTags":[],"stageName":"","districtCode":"41194","districtName":"부천시","regionName":"경기도 부천시","areaSquareMeters":6166.4,"noticeDate":"","sourceBaseDate":"","partCount":1,"pnu":"4119410400100910001","parcelAddress":"경기도 부천시 소사구 괴안동 91-1","representativeParcelOnly":true,"bounds":[126.808186,37.478981,126.80882,37.479658]}},{"type":"Feature","id":"gyeonggi-small-4150010100104170002","geometry":{"type":"MultiPolygon","coordinates":[[[[127.44094447057616,37.28575513191438],[127.44086483098744,37.28518805227398],[127.44067886704322,37.2852051409837],[127.44052919392884,37.28521885112728],[127.44055774356028,37.28543580209977],[127.44060433041973,37.285787659647646],[127.44094447057616,37.28575513191438]]]]},"properties":{"projectName":"청자아파트 재건축정비사업","normalizedName":"청자아파트재건축정비사업","projectType":"소규모주택정비","category":"small-scale","programTags":[],"stageName":"","districtCode":"41500","districtName":"이천시","regionName":"경기도 이천시","areaSquareMeters":5984.5,"noticeDate":"","sourceBaseDate":"","partCount":1,"pnu":"4150010100104170002","parcelAddress":"경기도 이천시 창전동 417-2","representativeParcelOnly":true,"bounds":[127.440529,37.285188,127.440944,37.285788]}},{"type":"Feature","id":"gyeonggi-small-4137012300100370003","geometry":{"type":"MultiPolygon","coordinates":[[[[127.08233139456836,37.13180048358823],[127.0823368269817,37.13182922354008],[127.08234914992211,37.13198789092666],[127.08238180956326,37.13211563824952],[127.08242129112007,37.13220292353626],[127.08242404098293,37.132354569209845],[127.08244986006027,37.13239924390939],[127.08245108305678,37.13249088036164],[127.08250250404457,37.132481915786265],[127.08258374863692,37.13244192549531],[127.08270224656711,37.13240464884617],[127.08293160709805,37.13236761135416],[127.08349758077424,37.132338450583],[127.08362035761931,37.13233522993353],[127.08365474340296,37.13232948441216],[127.08363163412216,37.13229363843623],[127.08359800762537,37.132241742939435],[127.083639900982,37.132070549519064],[127.08367019794301,37.132009482049185],[127.08379586647118,37.131923091836946],[127.08382520809323,37.13191528635107],[127.08378137929738,37.13182634660418],[127.08375826501982,37.131775398970966],[127.08370457891881,37.13166647162065],[127.08366172252363,37.13160231917618],[127.08313037903848,37.13165978606443],[127.08241059914762,37.13173706737126],[127.08233000262273,37.131793222033615],[127.08233139456836,37.13180048358823]]]]},"properties":{"projectName":"청호동 엘지아파트 소규모재건축정비사업","normalizedName":"청호동엘지아파트소규모재건축정비사업","projectType":"소규모재건축","category":"small-scale","programTags":[],"stageName":"","districtCode":"41370","districtName":"오산시","regionName":"경기도 오산시","areaSquareMeters":9677.0,"noticeDate":"","sourceBaseDate":"","partCount":1,"pnu":"4137012300100370003","parcelAddress":"경기도 오산시 청호동 37-3","representativeParcelOnly":true,"bounds":[127.08233,37.131602,127.083825,37.132491]}},{"type":"Feature","id":"gyeonggi-small-4119210300101260001","geometry":{"type":"MultiPolygon","coordinates":[[[[126.7829649937527,37.505791408916785],[126.78296618511462,37.505693094425325],[126.78292715560563,37.50569299518352],[126.78292717056425,37.505683985250045],[126.78277289333957,37.50568451057849],[126.78277470174243,37.50575855778737],[126.78281492455196,37.50579158168634],[126.7829649937527,37.505791408916785]]]]},"properties":{"projectName":"춘의동126-1번지 일원 가로주택정비사업","normalizedName":"춘의동1261번지일원가로주택정비사업","projectType":"가로주택정비","category":"small-scale","programTags":[],"stageName":"","districtCode":"41192","districtName":"부천시","regionName":"경기도 부천시","areaSquareMeters":9400.0,"noticeDate":"","sourceBaseDate":"","partCount":1,"pnu":"4119210300101260001","parcelAddress":"경기도 부천시 원미구 춘의동 126-1","representativeParcelOnly":true,"bounds":[126.782773,37.505684,126.782966,37.505792]}},{"type":"Feature","id":"gyeonggi-small-4131010700106590000","geometry":{"type":"MultiPolygon","coordinates":[[[[127.14760822840519,37.588872991495435],[127.14754270557506,37.58889001107317],[127.14766845227061,37.5892728638989],[127.14750045569176,37.589286766736464],[127.14753207532108,37.58941818123898],[127.14789580891342,37.58939043093794],[127.14793839390605,37.5893392022159],[127.14791218295952,37.58925265013255],[127.14773456425839,37.589267466220086],[127.14760822840519,37.588872991495435]]]]},"properties":{"projectName":"토평동 동명빌라 가로주택정비사업","normalizedName":"토평동동명빌라가로주택정비사업","projectType":"가로주택정비","category":"small-scale","programTags":[],"stageName":"","districtCode":"41310","districtName":"구리시","regionName":"경기도 구리시","areaSquareMeters":3201.0,"noticeDate":"","sourceBaseDate":"","partCount":1,"pnu":"4131010700106590000","parcelAddress":"경기도 구리시 토평동 659","representativeParcelOnly":true,"bounds":[127.1475,37.588873,127.147938,37.589418]}},{"type":"Feature","id":"gyeonggi-small-4115011000103690000","geometry":{"type":"MultiPolygon","coordinates":[[[[127.0303200650194,37.75558254667505],[127.03031369281321,37.75559590945964],[127.03112518834739,37.75565705478585],[127.03143365476299,37.75563561516886],[127.03160867713166,37.755541573532085],[127.03179437638639,37.755445573810576],[127.03188149166198,37.75536094230576],[127.03182811669846,37.755371389150675],[127.03168919791777,37.75531266420927],[127.03163888197649,37.755311163463354],[127.03174014972275,37.75503609263972],[127.0313627217041,37.75512997867111],[127.03128765782533,37.75504604624461],[127.03126874319231,37.755050483739915],[127.03100682486408,37.75506671275711],[127.03091294376861,37.75508889980534],[127.03079025269477,37.75508633556884],[127.030625220863,37.75510524252064],[127.03056713908896,37.75509287766283],[127.03055638411564,37.75509936722064],[127.03050015780458,37.75513095067634],[127.03042489924711,37.75518583758509],[127.03051251116946,37.75520754721332],[127.03051933732243,37.75525262954592],[127.03044162398582,37.75535661935803],[127.03043658759064,37.75536162992802],[127.03043987535489,37.755412118888565],[127.03041675116343,37.75547635395693],[127.03038698488993,37.75550193948759],[127.03033875078034,37.75554340443168],[127.0303200650194,37.75558254667505]]]]},"properties":{"projectName":"풍전빌라 소규모재건축사업","normalizedName":"풍전빌라소규모재건축사업","projectType":"소규모재건축","category":"small-scale","programTags":[],"stageName":"","districtCode":"41150","districtName":"의정부시","regionName":"경기도 의정부시","areaSquareMeters":6730.0,"noticeDate":"","sourceBaseDate":"","partCount":1,"pnu":"4115011000103690000","parcelAddress":"경기도 의정부시 가능동 369","representativeParcelOnly":true,"bounds":[127.030314,37.755036,127.031881,37.755657]}},{"type":"Feature","id":"gyeonggi-small-4113310900101110007","geometry":{"type":"MultiPolygon","coordinates":[[[[127.13853105416243,37.42892311992011],[127.13856497938109,37.42949159925119],[127.13859772872424,37.429507842511825],[127.13901357978988,37.42936376576844],[127.13943809215955,37.42916887856844],[127.13945283573717,37.42912545976301],[127.13922367842245,37.42880685082062],[127.13917422066709,37.42878518509398],[127.13852431726774,37.428809771779754],[127.13853105416243,37.42892311992011]]]]},"properties":{"projectName":"하대원동 111-7번지 일원 가로주택정비사업","normalizedName":"하대원동1117번지일원가로주택정비사업","projectType":"가로주택정비","category":"small-scale","programTags":[],"stageName":"","districtCode":"41133","districtName":"성남시","regionName":"경기도 성남시","areaSquareMeters":9596.6,"noticeDate":"","sourceBaseDate":"","partCount":1,"pnu":"4113310900101110007","parcelAddress":"경기도 성남시 중원구 하대원동 111-7","representativeParcelOnly":true,"bounds":[127.138524,37.428785,127.139453,37.429508]}},{"type":"Feature","id":"gyeonggi-small-4113310900102200001","geometry":{"type":"MultiPolygon","coordinates":[[[[127.15682518032332,37.43230124106018],[127.15683667955177,37.432256130484745],[127.156779739838,37.432247870957035],[127.15672850352111,37.4322110689793],[127.15660309723667,37.43228652182645],[127.15660425509935,37.43234390552808],[127.15656234359751,37.4324018773209],[127.1566190908957,37.43240445184297],[127.15665051756888,37.43241236650848],[127.15669353075448,37.432417400750246],[127.15681281887892,37.43242669567867],[127.15680795231425,37.43235165708898],[127.15682518032332,37.43230124106018]]]]},"properties":{"projectName":"하대원동 220-1번지 일원 가로주택정비사업","normalizedName":"하대원동2201번지일원가로주택정비사업","projectType":"가로주택정비","category":"small-scale","programTags":[],"stageName":"","districtCode":"41133","districtName":"성남시","regionName":"경기도 성남시","areaSquareMeters":7031.84,"noticeDate":"","sourceBaseDate":"","partCount":1,"pnu":"4113310900102200001","parcelAddress":"경기도 성남시 중원구 하대원동 220-1","representativeParcelOnly":true,"bounds":[127.156562,37.432211,127.156837,37.432427]}},{"type":"Feature","id":"gyeonggi-small-4119210700100230001","geometry":{"type":"MultiPolygon","coordinates":[[[[126.80286317722657,37.48415658694894],[126.80287358271178,37.48428337510293],[126.80327377425579,37.4842625133207],[126.80331963478928,37.48423628106386],[126.8037344455935,37.48343031102448],[126.80360551432878,37.48340216414491],[126.80349239342895,37.48338107142142],[126.80337824669975,37.483363130368915],[126.80326352590319,37.48334852194241],[126.80314811819957,37.48333715585083],[126.80303224970004,37.48332903247201],[126.80291614651551,37.48332415218459],[126.8027999214552,37.483322605277614],[126.80268368780536,37.483324301841286],[126.80255658984156,37.48332985429678],[126.80261386814584,37.484029216672],[126.80272525188134,37.48402345752018],[126.8028574827647,37.484086749895745],[126.80286317722657,37.48415658694894]]]]},"properties":{"projectName":"한도2차아파트 일원 가로주택정비사업","normalizedName":"한도2차아파트일원가로주택정비사업","projectType":"가로주택정비","category":"small-scale","programTags":[],"stageName":"","districtCode":"41192","districtName":"부천시","regionName":"경기도 부천시","areaSquareMeters":5321.0,"noticeDate":"","sourceBaseDate":"","partCount":1,"pnu":"4119210700100230001","parcelAddress":"경기도 부천시 원미구 역곡동 23-1","representativeParcelOnly":true,"bounds":[126.802557,37.483323,126.803734,37.484283]}},{"type":"Feature","id":"gyeonggi-small-4119210700100250032","geometry":{"type":"MultiPolygon","coordinates":[[[[126.80312883640768,37.48271876724447],[126.80309628165695,37.48292981686584],[126.80306223212428,37.483150234358675],[126.80317188309726,37.48315789677138],[126.80329531583496,37.48317008720257],[126.80341794789794,37.483185790061995],[126.80353989260328,37.483204915442094],[126.80366092384172,37.48322746296625],[126.80378092880356,37.48325334234857],[126.80383154935848,37.483265410348174],[126.80393576150335,37.4830629497773],[126.80399815251256,37.4829415992992],[126.80397417745237,37.482900834022416],[126.80367690713422,37.482825823968206],[126.80351217167085,37.482784192132],[126.80312883640768,37.48271876724447]]]]},"properties":{"projectName":"한도아파트 소규모재건축사업","normalizedName":"한도아파트소규모재건축사업","projectType":"소규모재건축","category":"small-scale","programTags":[],"stageName":"","districtCode":"41192","districtName":"부천시","regionName":"경기도 부천시","areaSquareMeters":3361.0,"noticeDate":"","sourceBaseDate":"","partCount":1,"pnu":"4119210700100250032","parcelAddress":"경기도 부천시 원미구 역곡동 25-32","representativeParcelOnly":true,"bounds":[126.803062,37.482719,126.803998,37.483265]}},{"type":"Feature","id":"gyeonggi-small-4119410400100030016","geometry":{"type":"MultiPolygon","coordinates":[[[[126.807079284976,37.48174117154571],[126.80702182025757,37.48182679812605],[126.80697218687422,37.481900760609385],[126.80696430990305,37.48191253272187],[126.80693355151267,37.48195834298033],[126.80718032579922,37.48206056211638],[126.80711290660065,37.48216118302538],[126.80711855499018,37.482162994318465],[126.8071957097321,37.482188619531435],[126.80750136367504,37.48173267513452],[126.80748496819926,37.48168958040459],[126.80719630277336,37.48156666011084],[126.80713871327946,37.48165254783568],[126.807079284976,37.48174117154571]]]]},"properties":{"projectName":"한아름아파트 소규모재건축사업","normalizedName":"한아름아파트소규모재건축사업","projectType":"소규모재건축","category":"small-scale","programTags":[],"stageName":"","districtCode":"41194","districtName":"부천시","regionName":"경기도 부천시","areaSquareMeters":1686.5,"noticeDate":"","sourceBaseDate":"","partCount":1,"pnu":"4119410400100030016","parcelAddress":"경기도 부천시 소사구 괴안동 3-16","representativeParcelOnly":true,"bounds":[126.806934,37.481567,126.807501,37.482189]}},{"type":"Feature","id":"gyeonggi-small-4143010300101920380","geometry":{"type":"MultiPolygon","coordinates":[[[[126.95117082467634,37.319745826582746],[126.9513421007153,37.319752386705765],[126.95134616074861,37.3196356874941],[126.95123939334832,37.319630479306525],[126.95117670263352,37.319627190943514],[126.95117082467634,37.319745826582746]]]]},"properties":{"projectName":"한양다세대 및 주변 가로주택정비사업","normalizedName":"한양다세대및주변가로주택정비사업","projectType":"가로주택정비","category":"small-scale","programTags":[],"stageName":"","districtCode":"41430","districtName":"의왕시","regionName":"경기도 의왕시","areaSquareMeters":6122.0,"noticeDate":"","sourceBaseDate":"","partCount":1,"pnu":"4143010300101920380","parcelAddress":"경기도 의왕시 삼동 192-380","representativeParcelOnly":true,"bounds":[126.951171,37.319627,126.951346,37.319752]}},{"type":"Feature","id":"gyeonggi-small-4119610400103450015","geometry":{"type":"MultiPolygon","coordinates":[[[[126.81079191441148,37.5224515857996],[126.81098535278024,37.52245196106178],[126.81098528146597,37.52234654465219],[126.81095134490647,37.52234649891442],[126.81070021456173,37.52234608446888],[126.81070028570441,37.522451410778515],[126.81073840777702,37.522451481368776],[126.81079191441148,37.5224515857996]]]]},"properties":{"projectName":"한영빌라 가로주택정비사업","normalizedName":"한영빌라가로주택정비사업","projectType":"가로주택정비","category":"small-scale","programTags":[],"stageName":"","districtCode":"41196","districtName":"부천시","regionName":"경기도 부천시","areaSquareMeters":1912.0,"noticeDate":"","sourceBaseDate":"","partCount":1,"pnu":"4119610400103450015","parcelAddress":"경기도 부천시 오정구 원종동 345-15","representativeParcelOnly":true,"bounds":[126.8107,37.522346,126.810985,37.522452]}},{"type":"Feature","id":"gyeonggi-small-4119610500102890000","geometry":{"type":"MultiPolygon","coordinates":[[[[126.81269306615047,37.52945624241336],[126.81265669544192,37.52933446912696],[126.81262999530787,37.529245047930026],[126.81260335182591,37.52915561780644],[126.81257670838443,37.52906619668552],[126.81255157883083,37.52898211185789],[126.81243013001148,37.5290050459754],[126.8123107183342,37.529027649863934],[126.81218960869569,37.52905061130694],[126.81235608673408,37.52960916029962],[126.81239843645751,37.529638960884235],[126.81275878451042,37.52967647804561],[126.81272939147361,37.5295781147228],[126.81269306615047,37.52945624241336]]]]},"properties":{"projectName":"한오아파트 가로주택정비사업","normalizedName":"한오아파트가로주택정비사업","projectType":"가로주택정비","category":"small-scale","programTags":[],"stageName":"","districtCode":"41196","districtName":"부천시","regionName":"경기도 부천시","areaSquareMeters":2394.0,"noticeDate":"","sourceBaseDate":"","partCount":1,"pnu":"4119610500102890000","parcelAddress":"경기도 부천시 오정구 고강동 289","representativeParcelOnly":true,"bounds":[126.81219,37.528982,126.812759,37.529676]}},{"type":"Feature","id":"gyeonggi-small-4119410500105980003","geometry":{"type":"MultiPolygon","coordinates":[[[[126.77360033550687,37.48188673881461],[126.77380972611722,37.48187884431053],[126.77409711560506,37.48186786499443],[126.77406295621431,37.48129835844082],[126.77393452777645,37.481303165761425],[126.77381332443443,37.481307788645914],[126.77369213235674,37.481312420437725],[126.77356606684695,37.48131722290364],[126.77360033550687,37.48188673881461]]]]},"properties":{"projectName":"해바라기연립 소규모재건축사업","normalizedName":"해바라기연립소규모재건축사업","projectType":"소규모재건축","category":"small-scale","programTags":[],"stageName":"","districtCode":"41194","districtName":"부천시","regionName":"경기도 부천시","areaSquareMeters":2784.0,"noticeDate":"","sourceBaseDate":"","partCount":1,"pnu":"4119410500105980003","parcelAddress":"경기도 부천시 소사구 송내동 598-3","representativeParcelOnly":true,"bounds":[126.773566,37.481298,126.774097,37.481887]}},{"type":"Feature","id":"gyeonggi-small-4128112800102040005","geometry":{"type":"MultiPolygon","coordinates":[[[[126.84363678774513,37.621339142066205],[126.84366142423437,37.62130709115596],[126.84366513178485,37.6212893378157],[126.84348606708971,37.62072943688572],[126.84343907564963,37.62073787919143],[126.84288877643814,37.62084153721462],[126.84308801207082,37.62143282019312],[126.84309529159485,37.62143464994392],[126.84312373384748,37.62144018409664],[126.84363678774513,37.621339142066205]]]]},"properties":{"projectName":"행신동 연세빌라 일원 가로주택정비사업","normalizedName":"행신동연세빌라일원가로주택정비사업","projectType":"가로주택정비","category":"small-scale","programTags":[],"stageName":"","districtCode":"41281","districtName":"고양시","regionName":"경기도 고양시","areaSquareMeters":5674.0,"noticeDate":"","sourceBaseDate":"","partCount":1,"pnu":"4128112800102040005","parcelAddress":"경기도 고양시 덕양구 행신동 204-5","representativeParcelOnly":true,"bounds":[126.842889,37.620729,126.843665,37.62144]}},{"type":"Feature","id":"gyeonggi-small-4119410400101260002","geometry":{"type":"MultiPolygon","coordinates":[[[[126.81334086922375,37.483528892392286],[126.81323736781052,37.48368324900688],[126.81341389835124,37.48375840326204],[126.81327623616774,37.48396388231186],[126.81321903783659,37.4840491158644],[126.81380442779468,37.484298272761805],[126.81385850548682,37.484285204062274],[126.81411918674328,37.483896295732926],[126.81410278699549,37.48385320192543],[126.81351739950625,37.48360404649407],[126.81334086922375,37.483528892392286]]]]},"properties":{"projectName":"현대7차A 한보빌라 외 가로주택정비사업","normalizedName":"현대7차A한보빌라외가로주택정비사업","projectType":"가로주택정비","category":"small-scale","programTags":[],"stageName":"","districtCode":"41194","districtName":"부천시","regionName":"경기도 부천시","areaSquareMeters":4780.0,"noticeDate":"","sourceBaseDate":"","partCount":1,"pnu":"4119410400101260002","parcelAddress":"경기도 부천시 소사구 괴안동 126-2","representativeParcelOnly":true,"bounds":[126.813219,37.483529,126.814119,37.484298]}},{"type":"Feature","id":"gyeonggi-small-4119410400100880000","geometry":{"type":"MultiPolygon","coordinates":[[[[126.80789119635217,37.47827158080361],[126.80763910753599,37.4782179183185],[126.8074643066294,37.47818069035729],[126.80733648477141,37.47855691846059],[126.80769094958414,37.478587683945186],[126.8078638441155,37.47853165487775],[126.80787844853002,37.47839238410715],[126.80789119635217,37.47827158080361]]]]},"properties":{"projectName":"현대88아파트 가로주택정비사업","normalizedName":"현대88아파트가로주택정비사업","projectType":"가로주택정비","category":"small-scale","programTags":[],"stageName":"","districtCode":"41194","districtName":"부천시","regionName":"경기도 부천시","areaSquareMeters":2149.0,"noticeDate":"","sourceBaseDate":"","partCount":1,"pnu":"4119410400100880000","parcelAddress":"경기도 부천시 소사구 괴안동 88","representativeParcelOnly":true,"bounds":[126.807336,37.478181,126.807891,37.478588]}},{"type":"Feature","id":"gyeonggi-small-4119610400102110000","geometry":{"type":"MultiPolygon","coordinates":[[[[126.80178290396661,37.524509322925645],[126.80178286266391,37.52439750955944],[126.80104664197637,37.52439789308767],[126.80104688716021,37.524644495425605],[126.80108684839573,37.52467636831379],[126.80178302522022,37.52467601593865],[126.80178290396661,37.524509322925645]]]]},"properties":{"projectName":"현대목화아파트","normalizedName":"현대목화아파트","projectType":"소규모주택정비","category":"small-scale","programTags":[],"stageName":"","districtCode":"41196","districtName":"부천시","regionName":"경기도 부천시","areaSquareMeters":6293.1,"noticeDate":"","sourceBaseDate":"","partCount":1,"pnu":"4119610400102110000","parcelAddress":"경기도 부천시 오정구 원종동 211","representativeParcelOnly":true,"bounds":[126.801047,37.524398,126.801783,37.524676]}},{"type":"Feature","id":"gyeonggi-small-4119610400103830007","geometry":{"type":"MultiPolygon","coordinates":[[[[126.8030000485206,37.520314644623085],[126.80300009741757,37.52042428668569],[126.8030001372198,37.52053736151863],[126.80355833470757,37.520512439812634],[126.80355907562843,37.52023197057713],[126.80300004068216,37.52023220364211],[126.8030000485206,37.520314644623085]]]]},"properties":{"projectName":"혜원연립및방배아파트","normalizedName":"혜원연립및방배아파트","projectType":"소규모주택정비","category":"small-scale","programTags":[],"stageName":"","districtCode":"41196","districtName":"부천시","regionName":"경기도 부천시","areaSquareMeters":4841.0,"noticeDate":"","sourceBaseDate":"","partCount":1,"pnu":"4119610400103830007","parcelAddress":"경기도 부천시 오정구 원종동 383-7","representativeParcelOnly":true,"bounds":[126.803,37.520232,126.803559,37.520537]}},{"type":"Feature","id":"gyeonggi-small-4119610500104090005","geometry":{"type":"MultiPolygon","coordinates":[[[[126.82359494036668,37.52666756559608],[126.82378402983264,37.5266459651566],[126.82383058892792,37.526905521328906],[126.8242858303908,37.52685358730083],[126.82431974132055,37.52681750834291],[126.8243073470791,37.52674856374675],[126.82410256553067,37.52637407371835],[126.82405318047645,37.526352105384056],[126.82354860442221,37.52640972154527],[126.82359494036668,37.52666756559608]]]]},"properties":{"projectName":"홍익아파트 가로주택정비사업","normalizedName":"홍익아파트가로주택정비사업","projectType":"가로주택정비","category":"small-scale","programTags":[],"stageName":"","districtCode":"41196","districtName":"부천시","regionName":"경기도 부천시","areaSquareMeters":2739.5,"noticeDate":"","sourceBaseDate":"","partCount":1,"pnu":"4119610500104090005","parcelAddress":"경기도 부천시 오정구 고강동 409-5","representativeParcelOnly":true,"bounds":[126.823549,37.526352,126.82432,37.526906]}},{"type":"Feature","id":"gyeonggi-small-4119410400100400000","geometry":{"type":"MultiPolygon","coordinates":[[[[126.80560040110161,37.480113144065946],[126.80557567973186,37.480098416768435],[126.80533049901838,37.479952137983275],[126.80498867481236,37.48031620480819],[126.80499681128023,37.480360817857495],[126.80523217212294,37.48050113441175],[126.80539724089515,37.480327155034416],[126.80552988462854,37.480187449758354],[126.80560040110161,37.480113144065946]]]]},"properties":{"projectName":"화성연립 소규모재건축사업","normalizedName":"화성연립소규모재건축사업","projectType":"소규모재건축","category":"small-scale","programTags":[],"stageName":"","districtCode":"41194","districtName":"부천시","regionName":"경기도 부천시","areaSquareMeters":1596.0,"noticeDate":"","sourceBaseDate":"","partCount":1,"pnu":"4119410400100400000","parcelAddress":"경기도 부천시 소사구 괴안동 40","representativeParcelOnly":true,"bounds":[126.804989,37.479952,126.8056,37.480501]}}]}