{"type":"FeatureCollection","total":331,"metadata":{"region":"서울","programmes":["모아타운","신속통합기획"],"sourceName":"서울특별시 도시계획사업 현황(서울플랜+) 공간정보 OA-22712","sourceUrl":"https://data.seoul.go.kr/dataList/OA-22712/F/1/datasetView.do","sourceLicense":"공공누리 제4유형(출처표시·상업적이용금지·변경금지)","sourceBaseDate":"2026-02","generatedBy":"scripts/convert-seoul-policy-zones.py"},"features":[{"type":"Feature","id":"11000UQ120PS202503070001","geometry":{"type":"Polygon","coordinates":[[[126.84526041397477,37.50374270415651],[126.84557602265657,37.50310809827043],[126.84319380764983,37.50231331341573],[126.84300807236737,37.50227783535533],[126.84228180125272,37.50206206086935],[126.84235672774788,37.50230029546957],[126.84242467489108,37.502416885961175],[126.84260454280418,37.50281960358966],[126.84270381817055,37.50298930479268],[126.84240492673459,37.503569144878774],[126.8423581985958,37.503578722604644],[126.84234533556469,37.50356473981678],[126.84227272065215,37.503622035482124],[126.84156420333589,37.50287189904323],[126.84149352623686,37.50286910033654],[126.8414977514585,37.5029029835604],[126.84131299293693,37.50288642510545],[126.84129427979447,37.502964065698954],[126.8413513803881,37.50302234755534],[126.8414373799667,37.50305246732974],[126.84145924018182,37.503248824264254],[126.84130309434163,37.50323185405761],[126.8412961149936,37.503269596379084],[126.84118276691692,37.503335755999494],[126.84115745309725,37.503326801768054],[126.84124227987995,37.503429540471714],[126.84117111193753,37.50344449055219],[126.84109149639968,37.50349618980678],[126.84113301132675,37.503544629727855],[126.84107131477691,37.50357283726542],[126.84121922918136,37.50368449141907],[126.84126209435343,37.50378915535209],[126.84132785218968,37.50376572850831],[126.84164020914487,37.50414141697243],[126.84176498257453,37.50423357757579],[126.84170865487222,37.504395770977105],[126.84152950379189,37.50466465633008],[126.84156524889985,37.50471443977209],[126.84178160620804,37.504871235705544],[126.84176167474159,37.50498987006483],[126.84199577774226,37.50502455944936],[126.84201056846426,37.50495119321177],[126.84210612477581,37.504955827178605],[126.84210405741662,37.50481112426138],[126.84219330107507,37.50480592877106],[126.84226609459583,37.50466511097808],[126.84231464002674,37.50465220205086],[126.84245791580376,37.50455328536418],[126.84259202905797,37.50456175503287],[126.8426230313873,37.50450170022764],[126.84269459410844,37.5044982645499],[126.8428290480885,37.504522051358656],[126.84304567428396,37.5046114777918],[126.84318550500394,37.504584986758275],[126.84337094482646,37.5046560535217],[126.8436688509095,37.5046502350675],[126.84389338124039,37.50468711534538],[126.84408978666676,37.504276072042316],[126.84411821980085,37.50414627623434],[126.84446221581099,37.50347246105128],[126.84526041397477,37.50374270415651]]]},"properties":{"projectName":"개봉동 20","projectType":"모아타운","programTags":["moa_town"],"stageName":"대상지선정","districtCode":"11530","districtName":"구로구","regionName":"서울특별시 구로구","areaSquareMeters":61717.0,"noticeDate":"","bounds":[126.841071,37.502062,126.845576,37.505025],"sourceName":"서울특별시 도시계획사업 현황(서울플랜+) 공간정보 OA-22712","sourceUrl":"https://data.seoul.go.kr/dataList/OA-22712/F/1/datasetView.do","sourceLicense":"공공누리 제4유형(출처표시·상업적이용금지·변경금지)","sourceBaseDate":"2026-02"}},{"type":"Feature","id":"11000UQ120PS202503070002","geometry":{"type":"Polygon","coordinates":[[[126.85281123298138,37.48907763291042],[126.85292757329736,37.487941348361424],[126.85289247720262,37.4879066157281],[126.85246907770687,37.48788193558806],[126.85237643411399,37.4879015505802],[126.85130434911213,37.48793397996735],[126.8511378392843,37.48796899725261],[126.85098972214696,37.48802277853115],[126.85072512719032,37.48815146430602],[126.85071547252005,37.48844319568812],[126.85079520161204,37.48843626962315],[126.85072785474294,37.48983225550552],[126.8509804663222,37.48976169599646],[126.85273899763587,37.48986690767591],[126.85279003746547,37.489160408095465],[126.85281123298138,37.48907763291042]]]},"properties":{"projectName":"개봉동 270-38","projectType":"모아타운","programTags":["moa_town"],"stageName":"대상지선정","districtCode":"11530","districtName":"구로구","regionName":"서울특별시 구로구","areaSquareMeters":41145.0,"noticeDate":"","bounds":[126.850715,37.487882,126.852928,37.489867],"sourceName":"서울특별시 도시계획사업 현황(서울플랜+) 공간정보 OA-22712","sourceUrl":"https://data.seoul.go.kr/dataList/OA-22712/F/1/datasetView.do","sourceLicense":"공공누리 제4유형(출처표시·상업적이용금지·변경금지)","sourceBaseDate":"2026-02"}},{"type":"Feature","id":"11000UQ120PS202503070003","geometry":{"type":"Polygon","coordinates":[[[127.14235312131223,37.49357500350956],[127.14220334765446,37.493393207165546],[127.14395583894434,37.49246989878109],[127.1438812000486,37.492286995796086],[127.1421530417555,37.49319024492654],[127.14203823019386,37.49323083639721],[127.14174812829145,37.493382458832976],[127.14164615460827,37.493334376371095],[127.14159635740313,37.493372097185876],[127.14131709092335,37.493392340044565],[127.14132834558652,37.49348512963435],[127.14142577673302,37.49376531510908],[127.14144874673292,37.494015765636995],[127.14140861332321,37.49408167619146],[127.14133676130504,37.49411744080681],[127.14136678936165,37.49415065212933],[127.14126610900867,37.49419023501771],[127.1411598891757,37.494169907934925],[127.14106932969733,37.49417929522661],[127.14099791330648,37.49414541189878],[127.14095944918938,37.494155738602],[127.14088194851418,37.49411419398218],[127.1408372752507,37.49411055257427],[127.14085082095961,37.49403683488107],[127.14066519233792,37.494001824591436],[127.14065718266546,37.49407301294707],[127.14067395052405,37.49421219754426],[127.14079344243471,37.49425503439342],[127.14078950957236,37.49426846391446],[127.14061913283759,37.494287225213476],[127.14060249233525,37.49482648996622],[127.14155706496199,37.49431215606348],[127.14146130156333,37.49419919416275],[127.14138186002371,37.49416730277058],[127.14160473228894,37.49404188995686],[127.14182109509312,37.49388269698756],[127.14235135502274,37.49359789099145],[127.14235312131223,37.49357500350956]]]},"properties":{"projectName":"거여동 555","projectType":"모아타운","programTags":["moa_town"],"stageName":"관리지역고시","districtCode":"11710","districtName":"송파구","regionName":"서울특별시 송파구","areaSquareMeters":12615.7,"noticeDate":"","bounds":[127.140602,37.492287,127.143956,37.494826],"sourceName":"서울특별시 도시계획사업 현황(서울플랜+) 공간정보 OA-22712","sourceUrl":"https://data.seoul.go.kr/dataList/OA-22712/F/1/datasetView.do","sourceLicense":"공공누리 제4유형(출처표시·상업적이용금지·변경금지)","sourceBaseDate":"2026-02"}},{"type":"Feature","id":"11000UQ120PS202503070004","geometry":{"type":"Polygon","coordinates":[[[126.84998207860812,37.50747927017881],[126.84969160182969,37.507398899511905],[126.84971599909208,37.50734558104474],[126.8497389003925,37.50703900126295],[126.85013977549194,37.50650936907786],[126.8500370488013,37.506413911925826],[126.84966383323753,37.506288432062604],[126.84980819311741,37.505995375467165],[126.84980202271922,37.505970680225765],[126.84809799686911,37.50541031098012],[126.84791274161346,37.50535646092375],[126.84788863842505,37.50536309695943],[126.84787366720087,37.50539430424489],[126.84713334231363,37.50516055927914],[126.8469976090592,37.5053337336536],[126.84697783094376,37.505327040404204],[126.84694542056968,37.50535844279868],[126.84696169456004,37.50536423047205],[126.84664898572252,37.50569106305725],[126.84635009722108,37.50622433224209],[126.84614518670446,37.50654067321952],[126.84593525194074,37.506808407438456],[126.8459489587312,37.50684149207225],[126.84703168435587,37.507194793628344],[126.84677466916924,37.50770279418568],[126.84747737479279,37.50786165729205],[126.8486787955915,37.5079393520071],[126.84955132741193,37.50807022117876],[126.84964899961544,37.507814193430065],[126.84961453329814,37.50779973316882],[126.84967765996143,37.507735663359426],[126.8496637546877,37.50773267219655],[126.84973779063704,37.50758716627321],[126.84986724108109,37.50755552733847],[126.84989750848916,37.50752105801457],[126.84998207860812,37.50747927017881]]]},"properties":{"projectName":"고척2동 241","projectType":"모아타운","programTags":["moa_town"],"stageName":"관리지역고시","districtCode":"11530","districtName":"구로구","regionName":"서울특별시 구로구","areaSquareMeters":98735.6,"noticeDate":"","bounds":[126.845935,37.505161,126.85014,37.50807],"sourceName":"서울특별시 도시계획사업 현황(서울플랜+) 공간정보 OA-22712","sourceUrl":"https://data.seoul.go.kr/dataList/OA-22712/F/1/datasetView.do","sourceLicense":"공공누리 제4유형(출처표시·상업적이용금지·변경금지)","sourceBaseDate":"2026-02"}},{"type":"Feature","id":"11000UQ120PS202503070005","geometry":{"type":"Polygon","coordinates":[[[126.81394608596706,37.558757538712264],[126.81422801114878,37.55853120744076],[126.81476147985715,37.55823274403326],[126.81489220589395,37.55818447754174],[126.81575494742582,37.55809420745759],[126.81578989413508,37.55805858328512],[126.81574629275609,37.55638321633152],[126.81571016612473,37.5563473902324],[126.81238841530563,37.55598532486373],[126.81234977447657,37.556004634225516],[126.8122210204038,37.556571690422224],[126.81211658860194,37.55684691015761],[126.81175506904424,37.55744312657252],[126.81149205118858,37.557758977600244],[126.811124892033,37.55813486419653],[126.8109702428831,37.55831906508992],[126.81102266304208,37.558378137385745],[126.81235403666597,37.558408922938355],[126.81234385119933,37.55924324619921],[126.81237595472604,37.55926316442196],[126.81310561671651,37.559266403266214],[126.81318057764716,37.559243133199764],[126.81330389964494,37.55912035394096],[126.81394608596706,37.558757538712264]]]},"properties":{"projectName":"공항동 55-327","projectType":"모아타운","programTags":["moa_town"],"stageName":"위원회심의","districtCode":"11500","districtName":"강서구","regionName":"서울특별시 강서구","areaSquareMeters":96637.0,"noticeDate":"","bounds":[126.81097,37.555985,126.81579,37.559266],"sourceName":"서울특별시 도시계획사업 현황(서울플랜+) 공간정보 OA-22712","sourceUrl":"https://data.seoul.go.kr/dataList/OA-22712/F/1/datasetView.do","sourceLicense":"공공누리 제4유형(출처표시·상업적이용금지·변경금지)","sourceBaseDate":"2026-02"}},{"type":"Feature","id":"11000UQ120PS202503070006","geometry":{"type":"Polygon","coordinates":[[[126.95762230609755,37.60557287873477],[126.95758546099981,37.60548581210055],[126.95747154932369,37.60538185032497],[126.95745923916753,37.60532440809698],[126.95720907615996,37.605168804864356],[126.95712279267174,37.60514985180666],[126.95705120674812,37.60517234941975],[126.95698219088699,37.60525287123207],[126.95692657728571,37.60526780654236],[126.95657429678629,37.60521199219821],[126.95648929769371,37.60512906940871],[126.95640604992062,37.6051468770716],[126.95614217497031,37.605159840160844],[126.95593093415084,37.60521534937625],[126.95603228957113,37.6054779347758],[126.95599055409147,37.60561379584601],[126.95601431096877,37.60574825861521],[126.9560538570307,37.60582325361182],[126.95621066009465,37.60598188320839],[126.95590564439519,37.60592264686085],[126.95575599497323,37.60594504141091],[126.95565758077139,37.605983439118546],[126.95574644818805,37.60618515851876],[126.95573207413258,37.60620808294387],[126.95588850014293,37.606809906898484],[126.9557818194333,37.60678982235358],[126.95567544118752,37.606812134450564],[126.95532067045198,37.60676232496185],[126.95530436061513,37.606966625309155],[126.9558319430825,37.60697641716937],[126.95583322526329,37.60712054779036],[126.95577438003694,37.607731120603546],[126.95568952665951,37.60796124265816],[126.95558953925222,37.60791996674048],[126.95554784766956,37.60809137946487],[126.95548271587015,37.60805543282339],[126.95531773828915,37.608390308425506],[126.95555316386384,37.608525484582856],[126.95572736626421,37.608475034241366],[126.95636055026199,37.60834493314988],[126.9566617615012,37.60824258834274],[126.95694095501207,37.6081223950059],[126.95709309746387,37.60804712126421],[126.95733472260753,37.607890819501485],[126.95803557054144,37.60732612796367],[126.9585263734695,37.60701851423228],[126.95874627440202,37.60683628938534],[126.95860407885797,37.606695774630914],[126.95838412599838,37.60659540610932],[126.95821943954411,37.606495119632875],[126.95807167219165,37.6062988944474],[126.95792171738387,37.606242825077715],[126.95791385212465,37.60621388261907],[126.95785861373923,37.60616722735104],[126.95770104319871,37.60611721038476],[126.9576137163594,37.605948368972044],[126.95763863068643,37.605814140870024],[126.95762230609755,37.60557287873477]]]},"properties":{"projectName":"구기동 100-48","projectType":"모아타운","programTags":["moa_town"],"stageName":"사전자문","districtCode":"11110","districtName":"종로구","regionName":"서울특별시 종로구","areaSquareMeters":63699.0,"noticeDate":"","bounds":[126.955304,37.605129,126.958746,37.608525],"sourceName":"서울특별시 도시계획사업 현황(서울플랜+) 공간정보 OA-22712","sourceUrl":"https://data.seoul.go.kr/dataList/OA-22712/F/1/datasetView.do","sourceLicense":"공공누리 제4유형(출처표시·상업적이용금지·변경금지)","sourceBaseDate":"2026-02"}},{"type":"Feature","id":"11000UQ120PS202503070007","geometry":{"type":"Polygon","coordinates":[[[126.88409632601702,37.48997827627196],[126.88419095656144,37.48947984708083],[126.88421896353928,37.489429959496384],[126.88447636569306,37.488384063720666],[126.88296017073367,37.48839940078763],[126.8828128928861,37.4884368246163],[126.88263623654571,37.48839015540543],[126.88251571620104,37.488381654782444],[126.88192048652665,37.488395559886136],[126.88184483605706,37.488328358787626],[126.8817539726825,37.488299705021674],[126.88099320792226,37.48824370014879],[126.88066871307164,37.488161918299326],[126.88171859136638,37.490559376750554],[126.88253128550738,37.490542177982555],[126.88282497355364,37.49052075928621],[126.88319899049601,37.490541677214075],[126.88324030008143,37.49051793218292],[126.88397066559523,37.49050622726725],[126.88409632601702,37.48997827627196]]]},"properties":{"projectName":"구로2동 728","projectType":"모아타운","programTags":["moa_town"],"stageName":"관리지역고시","districtCode":"11530","districtName":"구로구","regionName":"서울특별시 구로구","areaSquareMeters":64151.0,"noticeDate":"","bounds":[126.880669,37.488162,126.884476,37.490559],"sourceName":"서울특별시 도시계획사업 현황(서울플랜+) 공간정보 OA-22712","sourceUrl":"https://data.seoul.go.kr/dataList/OA-22712/F/1/datasetView.do","sourceLicense":"공공누리 제4유형(출처표시·상업적이용금지·변경금지)","sourceBaseDate":"2026-02"}},{"type":"Feature","id":"11000UQ120PS202503070008","geometry":{"type":"Polygon","coordinates":[[[126.88536049413642,37.49612213372683],[126.8854118516961,37.49591036748568],[126.88547068123344,37.495820055096466],[126.88553446650549,37.49566938061461],[126.8854753864053,37.49562940834962],[126.88497988013545,37.49554422673169],[126.88480079502851,37.495448003463416],[126.88472737742774,37.495393060075884],[126.88474452638118,37.49534577458163],[126.88468094615816,37.49529138148634],[126.88454746179045,37.49503221219929],[126.88448594461632,37.49503287207827],[126.88444596359444,37.495001027203145],[126.88444720226671,37.49493192180626],[126.88446686458629,37.494918284845554],[126.88286902964195,37.494745056130846],[126.88273873189294,37.49525879016208],[126.88272098509495,37.49563919839151],[126.88276295589382,37.49575608122026],[126.88278678098321,37.49576406999564],[126.88327337946893,37.4965495532202],[126.88350035844702,37.4969447050333],[126.8841679077751,37.497393783497834],[126.88577348320258,37.49834718225719],[126.88600219148238,37.498315961251066],[126.88652113520187,37.49774691748907],[126.88618447109623,37.49767724666067],[126.88589542439189,37.49767795523673],[126.88563019555605,37.4976333662408],[126.88506951251712,37.49763804073046],[126.8850390336068,37.49760323213891],[126.88509875351974,37.49752328232424],[126.88515784514976,37.49682776955748],[126.88520779574664,37.49649139481593],[126.88527099200769,37.496312149242215],[126.88536049413642,37.49612213372683]]]},"properties":{"projectName":"구로동 511","projectType":"모아타운","programTags":["moa_town"],"stageName":"대상지선정","districtCode":"11530","districtName":"구로구","regionName":"서울특별시 구로구","areaSquareMeters":57000.0,"noticeDate":"","bounds":[126.882721,37.494745,126.886521,37.498347],"sourceName":"서울특별시 도시계획사업 현황(서울플랜+) 공간정보 OA-22712","sourceUrl":"https://data.seoul.go.kr/dataList/OA-22712/F/1/datasetView.do","sourceLicense":"공공누리 제4유형(출처표시·상업적이용금지·변경금지)","sourceBaseDate":"2026-02"}},{"type":"Feature","id":"11000UQ120PS202503070009","geometry":{"type":"Polygon","coordinates":[[[127.02461245179373,37.55712928244609],[127.02465448192588,37.55586375799307],[127.0245807200382,37.555800637338926],[127.02380716147674,37.55576703479841],[127.02376181204203,37.55595389969936],[127.0236443695783,37.55609810721583],[127.02373174782548,37.556393201108285],[127.023873855097,37.55705790671185],[127.02393212141898,37.55718428653862],[127.02408347056974,37.55729735898057],[127.02403447540263,37.557367240102934],[127.02403450810357,37.55766399914207],[127.02378194812172,37.55767442643578],[127.02376815599231,37.557725947636705],[127.0242208503306,37.557770298286684],[127.02429910088777,37.557698267095255],[127.02442266859393,37.55755795906511],[127.02456515479736,37.5572945179275],[127.02461245179373,37.55712928244609]]]},"properties":{"projectName":"금호동1가 129","projectType":"모아타운","programTags":["moa_town"],"stageName":"사전자문","districtCode":"11200","districtName":"성동구","regionName":"서울특별시 성동구","areaSquareMeters":15724.0,"noticeDate":"","bounds":[127.023644,37.555767,127.024654,37.55777],"sourceName":"서울특별시 도시계획사업 현황(서울플랜+) 공간정보 OA-22712","sourceUrl":"https://data.seoul.go.kr/dataList/OA-22712/F/1/datasetView.do","sourceLicense":"공공누리 제4유형(출처표시·상업적이용금지·변경금지)","sourceBaseDate":"2026-02"}},{"type":"Feature","id":"11000UQ120PS202503070010","geometry":{"type":"Polygon","coordinates":[[[126.91935420333849,37.46761019934131],[126.91951851159972,37.46751263567367],[126.9202861500716,37.46757805607945],[126.92028185941008,37.46754222923147],[126.92038334628867,37.467563355400834],[126.92040863062026,37.46752397187399],[126.92043120581626,37.46752289715141],[126.92043493189234,37.46748494944061],[126.92037165293152,37.467484347385955],[126.9203997384166,37.46729006525892],[126.9203680789607,37.46708868725141],[126.9201301339271,37.466513070642655],[126.92004728391237,37.466433698205655],[126.92009188325159,37.466417916328446],[126.91983465485015,37.46580391202369],[126.91982364235437,37.46580637316199],[126.91982361978617,37.465806337106244],[126.91983464357583,37.46580388498577],[126.91972942128305,37.46561343011645],[126.91952781012795,37.46533265476361],[126.91942949225944,37.46521779862536],[126.91940248141957,37.46521441821549],[126.91936187252786,37.46516745760332],[126.91937354271495,37.465152689252236],[126.91913925073318,37.46487625135496],[126.91903476117623,37.46472126887364],[126.91896785964379,37.46458379203337],[126.91875399850426,37.464674580786166],[126.91860645093085,37.46465628609698],[126.9185632408406,37.46462255822817],[126.91850250648488,37.4646331924787],[126.91818151692576,37.464401624797766],[126.91815107060316,37.46435611163464],[126.91818125082938,37.464366395355164],[126.91851571888164,37.464235678812685],[126.9184870101471,37.4640497725109],[126.91845475644475,37.46405425486651],[126.9184483219643,37.46403636541425],[126.91835105602324,37.46404636122241],[126.91834873625928,37.46402825841923],[126.91823164118405,37.46404085308478],[126.91818608924386,37.46373441653101],[126.91810430369908,37.46372912400204],[126.91783934538265,37.463795881300626],[126.9178233273083,37.46375025212288],[126.91715897338395,37.46403470428457],[126.91794572027277,37.465117567184734],[126.91755139377422,37.46526921494764],[126.91737425302757,37.46528063982848],[126.91759274501688,37.46579282662823],[126.91743073721773,37.4658358695487],[126.91750202275311,37.46602398675415],[126.91758929037198,37.466092371871675],[126.91770866418683,37.465985606557275],[126.91795268721569,37.46590628379747],[126.91892708281688,37.465677672322165],[126.91893284975825,37.46570663461328],[126.91926694692152,37.465712381749746],[126.9193179108806,37.465819681705476],[126.91935840378335,37.465858272823255],[126.91944261705231,37.46586812524865],[126.91962433474242,37.46583793253276],[126.91983361518878,37.465959514651566],[126.91990512691243,37.46604917788756],[126.91985996612101,37.46614484229627],[126.91989450629444,37.46620063828588],[126.9196730485612,37.46646492970406],[126.91935530275337,37.4665125525197],[126.91927104085329,37.46662900268847],[126.91930194797708,37.466688724693846],[126.91944568091807,37.46682937215096],[126.91944984612643,37.466876155149976],[126.91958481608702,37.466967844824076],[126.91962259791232,37.467046880014685],[126.91940948399113,37.46709990036129],[126.9193716145086,37.46715282602316],[126.91937032485707,37.46725706222595],[126.91923685850585,37.46721654134908],[126.91918247322076,37.46723906460016],[126.91913597664612,37.467231959319435],[126.91909486074069,37.46726605165454],[126.91897445660243,37.46722003445919],[126.91873440312037,37.467315273812204],[126.91867516617937,37.467380627137544],[126.91868414397071,37.46746037224024],[126.91872771367555,37.46750779555435],[126.91894991688905,37.467599348801635],[126.91914017624299,37.46760784288812],[126.91913526555909,37.46775640592593],[126.91931452188516,37.46774849379818],[126.91935420333849,37.46761019934131]],[[126.91980909402541,37.46578600942957],[126.91980907144742,37.46578598238385],[126.91980912793655,37.465786009453026],[126.91980909402541,37.46578600942957]]]},"properties":{"projectName":"난곡동 697-20 일대","projectType":"모아타운","programTags":["moa_town"],"stageName":"대상지선정","districtCode":"11620","districtName":"관악구","regionName":"서울특별시 관악구","areaSquareMeters":41935.0,"noticeDate":"","bounds":[126.917159,37.463729,126.920435,37.467756],"sourceName":"서울특별시 도시계획사업 현황(서울플랜+) 공간정보 OA-22712","sourceUrl":"https://data.seoul.go.kr/dataList/OA-22712/F/1/datasetView.do","sourceLicense":"공공누리 제4유형(출처표시·상업적이용금지·변경금지)","sourceBaseDate":"2026-02"}},{"type":"Feature","id":"11000UQ120PS202503070011","geometry":{"type":"Polygon","coordinates":[[[126.94530767289172,37.50974291620638],[126.94667622582689,37.508580633332635],[126.94687080318103,37.508460197088745],[126.94709368050181,37.50827378451585],[126.94708743544219,37.50824521101193],[126.94711319041146,37.50822708579859],[126.9471052672862,37.50814191987682],[126.94708727978981,37.50814803837265],[126.94708436147293,37.50811731301697],[126.94695338807954,37.50812076648477],[126.94696349786,37.508216006577484],[126.94681601285056,37.5082176502719],[126.94674225865874,37.50823446474804],[126.9466934448543,37.508171732686776],[126.94666086458714,37.50818153843373],[126.94575528051055,37.50816021130515],[126.94574558327926,37.5082726511995],[126.94567419962304,37.50829523251078],[126.94564629156949,37.508257737824664],[126.94535776766675,37.50841257255951],[126.94532838866846,37.50837606819686],[126.94524205897999,37.50842053637202],[126.94475078123229,37.50852409621137],[126.94464598130027,37.50861360493811],[126.94433972590876,37.50858219249716],[126.94431524716668,37.50879436550933],[126.94429828353051,37.508792194900515],[126.94429860983914,37.5088092239071],[126.94433174623136,37.50881248354262],[126.94432360421881,37.508884865721555],[126.94459233770611,37.50894059606416],[126.94444594914819,37.50922342054391],[126.94432811046873,37.50951611556212],[126.94424875232237,37.50975961664599],[126.94423925315029,37.509920467055764],[126.94413041166827,37.51004106675268],[126.94431957175287,37.51018244384482],[126.94435134858108,37.5102340322983],[126.94431060800225,37.51023465228396],[126.94416367688387,37.5103792811641],[126.94408943255686,37.51050083464267],[126.94412747764336,37.510608531284],[126.9441868322544,37.51061210102285],[126.94419827081512,37.51071083782379],[126.9442332997182,37.51075480544794],[126.94435657819308,37.51071801438778],[126.94453495431571,37.51055637160502],[126.94460170067954,37.510581775858206],[126.94463842169559,37.510572224956654],[126.94469513657583,37.51047713399616],[126.94468906890528,37.51045424575301],[126.94473702622865,37.510408083706146],[126.94484898744528,37.51021465736228],[126.94500591824851,37.51002110826725],[126.94530767289172,37.50974291620638]]]},"properties":{"projectName":"노량진동 221-24","projectType":"모아타운","programTags":["moa_town"],"stageName":"대상지선정","districtCode":"11590","districtName":"동작구","regionName":"서울특별시 동작구","areaSquareMeters":31783.0,"noticeDate":"","bounds":[126.944089,37.508117,126.947113,37.510755],"sourceName":"서울특별시 도시계획사업 현황(서울플랜+) 공간정보 OA-22712","sourceUrl":"https://data.seoul.go.kr/dataList/OA-22712/F/1/datasetView.do","sourceLicense":"공공누리 제4유형(출처표시·상업적이용금지·변경금지)","sourceBaseDate":"2026-02"}},{"type":"Feature","id":"11000UQ120PS202503070012","geometry":{"type":"Polygon","coordinates":[[[127.05182653106294,37.57049479266833],[127.0537528788275,37.56907315219132],[127.05461423547459,37.56839153086376],[127.05559056089011,37.5676699458103],[127.0555940853583,37.56761316391531],[127.0547417463414,37.566880236809],[127.05466891269828,37.56687781712832],[127.05183026719168,37.5690064202344],[127.05158812518913,37.569209840135905],[127.05136338239886,37.56945125586402],[127.05108736867075,37.56985754645832],[127.051098954013,37.56991718699541],[127.05175403647972,37.570488264344895],[127.05182653106294,37.57049479266833]]]},"properties":{"projectName":"답십리동 489","projectType":"모아타운","programTags":["moa_town"],"stageName":"대상지선정","districtCode":"11230","districtName":"동대문구","regionName":"서울특별시 동대문구","areaSquareMeters":55045.0,"noticeDate":"","bounds":[127.051087,37.566878,127.055594,37.570495],"sourceName":"서울특별시 도시계획사업 현황(서울플랜+) 공간정보 OA-22712","sourceUrl":"https://data.seoul.go.kr/dataList/OA-22712/F/1/datasetView.do","sourceLicense":"공공누리 제4유형(출처표시·상업적이용금지·변경금지)","sourceBaseDate":"2026-02"}},{"type":"Feature","id":"11000UQ120PS202503070013","geometry":{"type":"Polygon","coordinates":[[[126.8963194996111,37.50123984622952],[126.8939332589947,37.49999918514686],[126.89388211544791,37.50001832982673],[126.89370665141128,37.50127389105171],[126.89373074898776,37.501314638154795],[126.89472023898455,37.50182910569179],[126.89477555395025,37.501819785303404],[126.89506590299499,37.501468139960636],[126.89551277313367,37.501700490215875],[126.8955681668924,37.501691295666504],[126.89588433539909,37.50130553984293],[126.89621648995475,37.50147824866411],[126.8963194996111,37.50123984622952]]]},"properties":{"projectName":"대림3동 786","projectType":"모아타운","programTags":["moa_town"],"stageName":"관리지역고시","districtCode":"11560","districtName":"영등포구","regionName":"서울특별시 영등포구","areaSquareMeters":24064.0,"noticeDate":"","bounds":[126.893707,37.499999,126.896319,37.501829],"sourceName":"서울특별시 도시계획사업 현황(서울플랜+) 공간정보 OA-22712","sourceUrl":"https://data.seoul.go.kr/dataList/OA-22712/F/1/datasetView.do","sourceLicense":"공공누리 제4유형(출처표시·상업적이용금지·변경금지)","sourceBaseDate":"2026-02"}},{"type":"Feature","id":"11000UQ120PS202503070014","geometry":{"type":"Polygon","coordinates":[[[126.92110978781106,37.61435377331686],[126.92112457725402,37.61439820175217],[126.92218173182964,37.614852831347385],[126.9222289685176,37.61484691661998],[126.92227877995016,37.61476279846354],[126.92233219257962,37.61459363010523],[126.92234318512524,37.61448101486752],[126.92223017237266,37.613998945719615],[126.92234020245989,37.61398259020391],[126.92251263262091,37.613831250858155],[126.92262340894743,37.6139316041523],[126.92261801395804,37.613945890104155],[126.92277655831491,37.613944356209494],[126.9229119975794,37.613931913854096],[126.92297980039545,37.613905812527605],[126.92313982076284,37.61387915977661],[126.9233130640345,37.61378238320902],[126.92334892257945,37.613749737393995],[126.92334557837528,37.61372015597151],[126.92329106192484,37.61369163082685],[126.9233554388683,37.61352967708888],[126.9233411512056,37.613491682263245],[126.92384823675046,37.61303765231164],[126.92388901917556,37.61302902972595],[126.92220947927353,37.611548321582035],[126.92196432090843,37.61129453031915],[126.92169729838504,37.61104757121],[126.92173481745182,37.61112445029613],[126.92171504908164,37.611394190763235],[126.92167777199913,37.61151462676044],[126.9217048066983,37.6119701812077],[126.92176566887345,37.612248445370184],[126.92186465479713,37.612483884559126],[126.9219673520245,37.612914676894306],[126.92192292247992,37.612944559511405],[126.92187811661164,37.61300867914096],[126.92179208490232,37.61317818570043],[126.92169645152195,37.61342949478003],[126.9216643754621,37.613557322292976],[126.92110978781106,37.61435377331686]]]},"properties":{"projectName":"대조동 89","projectType":"모아타운","programTags":["moa_town"],"stageName":"관리지역고시","districtCode":"11380","districtName":"은평구","regionName":"서울특별시 은평구","areaSquareMeters":42685.0,"noticeDate":"","bounds":[126.92111,37.611048,126.923889,37.614853],"sourceName":"서울특별시 도시계획사업 현황(서울플랜+) 공간정보 OA-22712","sourceUrl":"https://data.seoul.go.kr/dataList/OA-22712/F/1/datasetView.do","sourceLicense":"공공누리 제4유형(출처표시·상업적이용금지·변경금지)","sourceBaseDate":"2026-02"}},{"type":"Feature","id":"11000UQ120PS202503070015","geometry":{"type":"Polygon","coordinates":[[[126.9432618887299,37.54355965905839],[126.94374901594946,37.544003096269876],[126.94380919931027,37.54402276731774],[126.94378006849172,37.54408753439305],[126.94363544666994,37.54409971708519],[126.94361862207914,37.544200079328384],[126.94377877567076,37.54429665396552],[126.94377412927616,37.54430575171099],[126.94384178191734,37.54432443530237],[126.94386909521754,37.544415809208154],[126.94406677863893,37.54441536495021],[126.94410522891484,37.54444493618073],[126.94430053421372,37.54444701315234],[126.94429301476809,37.54451395319892],[126.94437030234438,37.54451119755095],[126.94425836447903,37.54454610180976],[126.94425377036488,37.54463484727188],[126.94418619737932,37.544659411560865],[126.94417187960639,37.54473788099101],[126.94415377309787,37.544739854378875],[126.94415134069185,37.54481310382615],[126.94425125067548,37.54482234243383],[126.94435348583772,37.544809624913846],[126.94445613178473,37.54485175988088],[126.94445444617938,37.54486604879529],[126.94459745050005,37.544899454504254],[126.94460906568555,37.54495198791974],[126.9452971616711,37.54451191274031],[126.94531479795108,37.54438253871256],[126.94422726289362,37.54338317111229],[126.94422317799634,37.543356595273586],[126.94408405301837,37.543254418273136],[126.94406114094123,37.54320956475686],[126.94400256882902,37.54315538662636],[126.9439660301057,37.543148309552926],[126.94388645890311,37.54307225585477],[126.94388474975138,37.54304207449137],[126.94385009436243,37.54304330454641],[126.94372348059177,37.54292811028617],[126.9435091724249,37.54292223886175],[126.94312401024509,37.54319667140199],[126.94312861543659,37.54338552159576],[126.94311302356952,37.543500570557065],[126.94316695850475,37.54355150326332],[126.9432618887299,37.54355965905839]]]},"properties":{"projectName":"대흥동 535-2","projectType":"모아타운","programTags":["moa_town"],"stageName":"관리지역고시","districtCode":"11440","districtName":"마포구","regionName":"서울특별시 마포구","areaSquareMeters":22074.0,"noticeDate":"","bounds":[126.943113,37.542922,126.945315,37.544952],"sourceName":"서울특별시 도시계획사업 현황(서울플랜+) 공간정보 OA-22712","sourceUrl":"https://data.seoul.go.kr/dataList/OA-22712/F/1/datasetView.do","sourceLicense":"공공누리 제4유형(출처표시·상업적이용금지·변경금지)","sourceBaseDate":"2026-02"}},{"type":"Feature","id":"11000UQ120PS202503070016","geometry":{"type":"Polygon","coordinates":[[[127.14258952939723,37.530093875046],[127.14120276153761,37.52959987777026],[127.14121413356528,37.52963135404459],[127.14030079383583,37.529879508453455],[127.14013825680411,37.52971622666978],[127.14009744267602,37.5297063888642],[127.13926497274666,37.529909399682545],[127.13921335641011,37.52987483018461],[127.13905415133814,37.529449086297596],[127.1390038824962,37.52942851207145],[127.13790252169832,37.52973333373589],[127.13787668700165,37.52977336767958],[127.13822513769587,37.53070288023909],[127.13827484315235,37.53072435643747],[127.13888708486544,37.5305789734174],[127.13925147555854,37.531552045311855],[127.13930050487907,37.53157451295588],[127.13991721274886,37.53145314889334],[127.14042610082721,37.53133217876718],[127.1405654695782,37.531324266226626],[127.14088554845041,37.53139443673422],[127.1412713680649,37.53152835586424],[127.14123499163097,37.531594602985344],[127.14177461840316,37.531782198887015],[127.14215660963231,37.531092390187666],[127.14215439208866,37.530997135309754],[127.14253999426329,37.53030753271784],[127.1425359592093,37.53028553527617],[127.14261627614061,37.530142911199256],[127.14258952939723,37.530093875046]]]},"properties":{"projectName":"둔촌동 77-41","projectType":"모아타운","programTags":["moa_town"],"stageName":"관리지역고시","districtCode":"11740","districtName":"강동구","regionName":"서울특별시 강동구","areaSquareMeters":65327.0,"noticeDate":"","bounds":[127.137877,37.529429,127.142616,37.531782],"sourceName":"서울특별시 도시계획사업 현황(서울플랜+) 공간정보 OA-22712","sourceUrl":"https://data.seoul.go.kr/dataList/OA-22712/F/1/datasetView.do","sourceLicense":"공공누리 제4유형(출처표시·상업적이용금지·변경금지)","sourceBaseDate":"2026-02"}},{"type":"Feature","id":"11000UQ120PS202503070017","geometry":{"type":"Polygon","coordinates":[[[126.85949696605553,37.54745179179035],[126.8605192573414,37.54600357486647],[126.8606155732772,37.54592163658157],[126.86087846395607,37.54576989872676],[126.86074180316591,37.5454029244324],[126.86079716688972,37.545399071107404],[126.86078459642577,37.545296045821054],[126.86031085488514,37.54531923042058],[126.86027510871804,37.545289166650086],[126.85963674858674,37.54511943856181],[126.859201964858,37.54489409108445],[126.85863334959164,37.54475411123425],[126.85856567229541,37.5449311641795],[126.85809636629655,37.54507934876827],[126.85801788869259,37.54522874586605],[126.85761489553033,37.54528564860466],[126.85746996743961,37.54517803773944],[126.85730705884956,37.54535257710985],[126.85706009581604,37.54581469086076],[126.85708750611276,37.546276265986876],[126.85729936810802,37.54627866026368],[126.85729121117569,37.54681811855851],[126.85725886310001,37.54682770162783],[126.85724671737859,37.547088001040926],[126.8584830918232,37.547122030831154],[126.85909553792997,37.54745955239032],[126.85935360864383,37.54738940588397],[126.85949696605553,37.54745179179035]]]},"properties":{"projectName":"등촌동 515-44","projectType":"모아타운","programTags":["moa_town"],"stageName":"관리지역고시","districtCode":"11500","districtName":"강서구","regionName":"서울특별시 강서구","areaSquareMeters":65499.0,"noticeDate":"","bounds":[126.85706,37.544754,126.860878,37.54746],"sourceName":"서울특별시 도시계획사업 현황(서울플랜+) 공간정보 OA-22712","sourceUrl":"https://data.seoul.go.kr/dataList/OA-22712/F/1/datasetView.do","sourceLicense":"공공누리 제4유형(출처표시·상업적이용금지·변경금지)","sourceBaseDate":"2026-02"}},{"type":"Feature","id":"11000UQ120PS202503070018","geometry":{"type":"Polygon","coordinates":[[[126.86162446010019,37.54697895053495],[126.86196847609918,37.546948768931486],[126.8619910210917,37.54691646802094],[126.86204986098993,37.546924159910084],[126.86211493965794,37.54691104174202],[126.86208958543729,37.54683008030803],[126.86211763906374,37.54679284844671],[126.86263328056408,37.546690562861464],[126.8625021703035,37.546284485165266],[126.8618878164713,37.54640611941897],[126.8619093254403,37.5464766338716],[126.86185883538505,37.546506216770275],[126.8616429636397,37.546408591186996],[126.86149736235849,37.54593062314676],[126.86147390822828,37.54593479395261],[126.86144204463389,37.54583712477954],[126.86131991181014,37.54588631811137],[126.86128239997923,37.54581986152635],[126.86103017748572,37.54590700291006],[126.86089154769606,37.54576243247893],[126.86087846395607,37.54576989872676],[126.86074180316591,37.5454029244324],[126.86079716688972,37.545399071107404],[126.86078459642577,37.545296045821054],[126.86031085488514,37.54531923042058],[126.86027510871804,37.545289166650086],[126.85963674971829,37.54511943856317],[126.85920196598958,37.544894091085816],[126.85863335072494,37.54475411033464],[126.85856567342698,37.54493116418087],[126.85809636629655,37.54507934876827],[126.85801788869259,37.54522874586605],[126.85761489553033,37.54528564860466],[126.85746996743961,37.54517803773944],[126.85730705884956,37.54535257710985],[126.85706009581604,37.54581469086076],[126.85708750611276,37.546276265986876],[126.85729936810802,37.54627866026368],[126.85729121117569,37.54681811855851],[126.85725886310001,37.54682770162783],[126.85724671737859,37.547088001040926],[126.85738120462146,37.54752451507024],[126.85741989691041,37.54751720119712],[126.85864606690703,37.54891200993682],[126.85916434951655,37.54875805292286],[126.86059606566401,37.54800719075935],[126.86063961418692,37.54802904669384],[126.86066131099952,37.547972886799826],[126.86081025036982,37.54775182610545],[126.86084229713335,37.54774598982704],[126.86103276004617,37.54782926988722],[126.86162446010019,37.54697895053495]]]},"properties":{"projectName":"등촌동 520-3","projectType":"모아타운","programTags":["moa_town"],"stageName":"관리지역고시","districtCode":"11500","districtName":"강서구","regionName":"서울특별시 강서구","areaSquareMeters":64191.0,"noticeDate":"","bounds":[126.85706,37.544754,126.862633,37.548912],"sourceName":"서울특별시 도시계획사업 현황(서울플랜+) 공간정보 OA-22712","sourceUrl":"https://data.seoul.go.kr/dataList/OA-22712/F/1/datasetView.do","sourceLicense":"공공누리 제4유형(출처표시·상업적이용금지·변경금지)","sourceBaseDate":"2026-02"}},{"type":"Feature","id":"11000UQ120PS202503070019","geometry":{"type":"Polygon","coordinates":[[[127.03661167055927,37.569463459207874],[127.0358282652802,37.56955462618592],[127.03462557298836,37.56899841120425],[127.03369266828953,37.56851882984989],[127.0336282490363,37.5685415432797],[127.03355594614183,37.56894804373096],[127.03349358014107,37.569048357734545],[127.03281159315203,37.569578070075956],[127.03281519793657,37.56961760447536],[127.03327149020359,37.56987594006101],[127.03382706494723,37.57028294579362],[127.03450102234716,37.57081097259851],[127.03478369855766,37.57097262961724],[127.03504437775011,37.57109960417278],[127.03530134958216,37.57121168588273],[127.03568454755418,37.57134857080313],[127.03597476409121,37.57142963842882],[127.03638241930095,37.571503057372716],[127.03707709377062,37.571566892401606],[127.03711761252924,37.57153112899831],[127.03712771774326,37.571167631451125],[127.03666892695115,37.569491634091385],[127.03661167055927,37.569463459207874]]]},"properties":{"projectName":"마장동 457","projectType":"모아타운","programTags":["moa_town"],"stageName":"관리지역고시","districtCode":"11200","districtName":"성동구","regionName":"서울특별시 성동구","areaSquareMeters":75382.0,"noticeDate":"","bounds":[127.032812,37.568519,127.037128,37.571567],"sourceName":"서울특별시 도시계획사업 현황(서울플랜+) 공간정보 OA-22712","sourceUrl":"https://data.seoul.go.kr/dataList/OA-22712/F/1/datasetView.do","sourceLicense":"공공누리 제4유형(출처표시·상업적이용금지·변경금지)","sourceBaseDate":"2026-02"}},{"type":"Feature","id":"11000UQ120PS202503070020","geometry":{"type":"Polygon","coordinates":[[[127.09991163203645,37.58837459579695],[127.09836634746996,37.588904730170626],[127.0981570720017,37.58897942213194],[127.09813486138505,37.5890086141996],[127.09935660458103,37.5912467708541],[127.09940887824926,37.5912617379166],[127.10285013412964,37.590079535408066],[127.10270775024982,37.58980917296311],[127.10251195331041,37.589874351185244],[127.10205270814653,37.58903939075806],[127.10207274861227,37.5889888554743],[127.10206650392605,37.58888163640011],[127.10218548504575,37.588803994444035],[127.10217940058139,37.58870824297024],[127.10238731941456,37.58840366777078],[127.10244911901577,37.58817688030823],[127.10244313056927,37.588113043442235],[127.10207829791567,37.5876348236874],[127.1020722265974,37.58769849425755],[127.10205046229316,37.587680968815874],[127.10189819268933,37.58769055873702],[127.10183607131283,37.58766501996857],[127.10172990041582,37.58765655439327],[127.10159871767378,37.587686848679155],[127.10149569800856,37.58778018791607],[127.10141618759042,37.58781860565281],[127.10139610428548,37.587760063131014],[127.1013807323736,37.587754237753586],[127.10075096136985,37.58785640894375],[127.1001020620457,37.58813623994259],[127.10013270581197,37.588196520869346],[127.09991163203645,37.58837459579695]]]},"properties":{"projectName":"망우3동 427-5","projectType":"모아타운","programTags":["moa_town"],"stageName":"관리지역고시","districtCode":"11260","districtName":"중랑구","regionName":"서울특별시 중랑구","areaSquareMeters":98171.0,"noticeDate":"","bounds":[127.098135,37.587635,127.10285,37.591262],"sourceName":"서울특별시 도시계획사업 현황(서울플랜+) 공간정보 OA-22712","sourceUrl":"https://data.seoul.go.kr/dataList/OA-22712/F/1/datasetView.do","sourceLicense":"공공누리 제4유형(출처표시·상업적이용금지·변경금지)","sourceBaseDate":"2026-02"}},{"type":"Feature","id":"11000UQ120PS202503070021","geometry":{"type":"Polygon","coordinates":[[[127.09592351717518,37.5924580774207],[127.09681184808534,37.59215406529138],[127.09683208871776,37.59211500029036],[127.09635946920493,37.59124449848245],[127.09616585768025,37.59131176821027],[127.09570472708573,37.591228030149566],[127.09477179818035,37.59116008970153],[127.09481440672278,37.59073125859317],[127.09478154223852,37.5906898663044],[127.09370604428062,37.590450670822285],[127.0935531962149,37.59196375923497],[127.09351823436454,37.59236162512174],[127.09352423623051,37.59242663546926],[127.09334437609965,37.59400511955812],[127.09341301624808,37.59407851435915],[127.09523829402362,37.59447270132577],[127.0953570369392,37.59412768329374],[127.09537250508092,37.59400208283509],[127.09560082381668,37.593300674185194],[127.09563284004267,37.59320488215856],[127.09567551557514,37.59314951328339],[127.09590056604507,37.592453807989834],[127.09592351717518,37.5924580774207]]]},"properties":{"projectName":"망우동 474-29","projectType":"모아타운","programTags":["moa_town"],"stageName":"사전자문","districtCode":"11260","districtName":"중랑구","regionName":"서울특별시 중랑구","areaSquareMeters":81648.0,"noticeDate":"","bounds":[127.093344,37.590451,127.096832,37.594473],"sourceName":"서울특별시 도시계획사업 현황(서울플랜+) 공간정보 OA-22712","sourceUrl":"https://data.seoul.go.kr/dataList/OA-22712/F/1/datasetView.do","sourceLicense":"공공누리 제4유형(출처표시·상업적이용금지·변경금지)","sourceBaseDate":"2026-02"}},{"type":"Feature","id":"11000UQ120PS202503070022","geometry":{"type":"Polygon","coordinates":[[[127.10454222508717,37.601177621489185],[127.10400941835017,37.60114928092106],[127.10398566813036,37.60144402293881],[127.10333201114284,37.60140978362118],[127.10331248163689,37.60155040604163],[127.10203903578737,37.60159581136398],[127.10200610837578,37.600973599920216],[127.10197285283807,37.60095088741927],[127.10059251546474,37.600639349966315],[127.10066391942715,37.601918578459575],[127.10099719597635,37.602648986005754],[127.10207980751804,37.603456898678324],[127.10238386064643,37.60364248489515],[127.10334641424758,37.60442498152354],[127.10339882760405,37.604410466516306],[127.10329423076838,37.60253497966636],[127.10347930470768,37.60252984831352],[127.10348205517154,37.60244587435375],[127.103632299005,37.602141951124494],[127.10372543960197,37.60199987563119],[127.1038549659139,37.60188348256717],[127.10408224701932,37.6017619409322],[127.10432889459449,37.60169179206752],[127.10451057984105,37.60156793774641],[127.10458132081101,37.60121387894748],[127.10454222508717,37.601177621489185]]]},"properties":{"projectName":"망우본동 354-2","projectType":"모아타운","programTags":["moa_town"],"stageName":"사전자문","districtCode":"11260","districtName":"중랑구","regionName":"서울특별시 중랑구","areaSquareMeters":66389.0,"noticeDate":"","bounds":[127.100593,37.600639,127.104581,37.604425],"sourceName":"서울특별시 도시계획사업 현황(서울플랜+) 공간정보 OA-22712","sourceUrl":"https://data.seoul.go.kr/dataList/OA-22712/F/1/datasetView.do","sourceLicense":"공공누리 제4유형(출처표시·상업적이용금지·변경금지)","sourceBaseDate":"2026-02"}},{"type":"Feature","id":"11000UQ120PS202503070023","geometry":{"type":"Polygon","coordinates":[[[126.89892225834392,37.55600367399855],[126.90194404150229,37.5539483818545],[126.90194772216454,37.55389791419624],[126.9012247600386,37.55327900688584],[126.90203094738926,37.552681289895666],[126.90200144412547,37.55258449327179],[126.90195970076714,37.55255570748404],[126.9015351715433,37.55249793768972],[126.89700355887089,37.55583365038241],[126.896676640073,37.55614589588687],[126.9000922400199,37.55685357923453],[126.90014043754964,37.556831095884185],[126.90031620775216,37.55629627503413],[126.89892225834392,37.55600367399855]]]},"properties":{"projectName":"망원동 456-6","projectType":"모아타운","programTags":["moa_town"],"stageName":"관리지역고시","districtCode":"11440","districtName":"마포구","regionName":"서울특별시 마포구","areaSquareMeters":82442.0,"noticeDate":"","bounds":[126.896677,37.552498,126.902031,37.556854],"sourceName":"서울특별시 도시계획사업 현황(서울플랜+) 공간정보 OA-22712","sourceUrl":"https://data.seoul.go.kr/dataList/OA-22712/F/1/datasetView.do","sourceLicense":"공공누리 제4유형(출처표시·상업적이용금지·변경금지)","sourceBaseDate":"2026-02"}},{"type":"Feature","id":"11000UQ120PS202503070024","geometry":{"type":"Polygon","coordinates":[[[127.09714391546855,37.59032236119281],[127.09498512010965,37.58633998011404],[127.09487029096071,37.5863472157889],[127.09382851377696,37.58960017625819],[127.0938840538926,37.58967647324665],[127.09706485943867,37.590391494685356],[127.09714391546855,37.59032236119281]]]},"properties":{"projectName":"면목3·8동 44-6","projectType":"모아타운","programTags":["moa_town"],"stageName":"관리지역고시","districtCode":"11260","districtName":"중랑구","regionName":"서울특별시 중랑구","areaSquareMeters":61253.0,"noticeDate":"","bounds":[127.093829,37.58634,127.097144,37.590391],"sourceName":"서울특별시 도시계획사업 현황(서울플랜+) 공간정보 OA-22712","sourceUrl":"https://data.seoul.go.kr/dataList/OA-22712/F/1/datasetView.do","sourceLicense":"공공누리 제4유형(출처표시·상업적이용금지·변경금지)","sourceBaseDate":"2026-02"}},{"type":"Feature","id":"11000UQ120PS202503070025","geometry":{"type":"Polygon","coordinates":[[[127.08086675485247,37.58920720729552],[127.08094453152043,37.590798122814334],[127.08097901060283,37.59083176039432],[127.08162642791297,37.590971497993],[127.08167776290009,37.59094874031352],[127.08190829790327,37.59028108908526],[127.08198701839552,37.590192360537344],[127.08342517384091,37.589205450829084],[127.08354471794902,37.589146037970714],[127.08408561141019,37.58899462879079],[127.08411016552085,37.588950021873146],[127.08385945707016,37.58827298071542],[127.08371799844632,37.58797533980225],[127.08359732777996,37.587594676497474],[127.08195317666991,37.587226233155256],[127.08182318618292,37.58759322982336],[127.08086661919077,37.58825810086877],[127.08086675485247,37.58920720729552]]]},"properties":{"projectName":"면목동 139-52","projectType":"모아타운","programTags":["moa_town"],"stageName":"대상지선정","districtCode":"11260","districtName":"중랑구","regionName":"서울특별시 중랑구","areaSquareMeters":70889.0,"noticeDate":"","bounds":[127.080867,37.587226,127.08411,37.590971],"sourceName":"서울특별시 도시계획사업 현황(서울플랜+) 공간정보 OA-22712","sourceUrl":"https://data.seoul.go.kr/dataList/OA-22712/F/1/datasetView.do","sourceLicense":"공공누리 제4유형(출처표시·상업적이용금지·변경금지)","sourceBaseDate":"2026-02"}},{"type":"Feature","id":"11000UQ120PS202503070026","geometry":{"type":"Polygon","coordinates":[[[127.08315230961156,37.58540339703932],[127.08310589340938,37.58474224995497],[127.08305105265603,37.58466051439818],[127.08310338099336,37.58420366955515],[127.0833122274369,37.583455860110504],[127.08327265454685,37.583420848188176],[127.08066750630059,37.583497747780505],[127.08062995438368,37.58353121754157],[127.08077833486648,37.58672521961594],[127.0836061320691,37.58736288745574],[127.08351549616998,37.58699913264873],[127.08336913357495,37.58661388285456],[127.0832466049451,37.58617671960169],[127.08315230961156,37.58540339703932]]]},"properties":{"projectName":"면목동 152-1","projectType":"모아타운","programTags":["moa_town"],"stageName":"관리지역고시","districtCode":"11260","districtName":"중랑구","regionName":"서울특별시 중랑구","areaSquareMeters":88040.0,"noticeDate":"","bounds":[127.08063,37.583421,127.083606,37.587363],"sourceName":"서울특별시 도시계획사업 현황(서울플랜+) 공간정보 OA-22712","sourceUrl":"https://data.seoul.go.kr/dataList/OA-22712/F/1/datasetView.do","sourceLicense":"공공누리 제4유형(출처표시·상업적이용금지·변경금지)","sourceBaseDate":"2026-02"}},{"type":"Feature","id":"11000UQ120PS202503070027","geometry":{"type":"Polygon","coordinates":[[[127.09341143689349,37.583132369433244],[127.09318589656822,37.58139134460216],[127.09300065391903,37.581192343363625],[127.0929853406052,37.5811309800624],[127.09285162781423,37.58108548468402],[127.09267587499856,37.581054545518036],[127.0921638230986,37.58098159052575],[127.09192982083974,37.580976328012675],[127.0909301826162,37.58105529494195],[127.09034530843527,37.581014876749784],[127.09019816173391,37.58102870038305],[127.08977718893232,37.58113650349415],[127.08974456975652,37.581172333061055],[127.08987047767054,37.58210640816378],[127.08991174123342,37.582133037446546],[127.09106530629255,37.58203410476061],[127.09106636691553,37.5821067414377],[127.09103229925566,37.58214294185734],[127.09132996987539,37.58432966934876],[127.09137448804891,37.58435925987548],[127.09235829206608,37.58427616586804],[127.09241605117165,37.58423586537444],[127.09251543101597,37.58422563470402],[127.09290145914689,37.584194333597324],[127.0930974254483,37.58419506470246],[127.0931107061732,37.58417698963892],[127.09332714289874,37.584160126250545],[127.09335508547402,37.58417007842601],[127.09377983200521,37.58411980560373],[127.09355108498494,37.583655201733855],[127.09341143689349,37.583132369433244]]]},"properties":{"projectName":"면목동 453-1","projectType":"모아타운","programTags":["moa_town"],"stageName":"대상지선정","districtCode":"11260","districtName":"중랑구","regionName":"서울특별시 중랑구","areaSquareMeters":83057.0,"noticeDate":"","bounds":[127.089745,37.580976,127.09378,37.584359],"sourceName":"서울특별시 도시계획사업 현황(서울플랜+) 공간정보 OA-22712","sourceUrl":"https://data.seoul.go.kr/dataList/OA-22712/F/1/datasetView.do","sourceLicense":"공공누리 제4유형(출처표시·상업적이용금지·변경금지)","sourceBaseDate":"2026-02"}},{"type":"Feature","id":"11000UQ120PS202503070028","geometry":{"type":"Polygon","coordinates":[[[127.08889597657777,37.58467181176235],[127.08896272719045,37.585163835542325],[127.08899668926429,37.585277262462796],[127.08908612105787,37.58606126062801],[127.08912432644529,37.586085180469894],[127.09155363591613,37.58587869653531],[127.09161234509926,37.58630313022513],[127.09165558378459,37.586331559340806],[127.0939437156391,37.58613576286472],[127.09408766037517,37.58614353369698],[127.09461024951749,37.58624746584317],[127.0947303166414,37.585872948660565],[127.09380735190507,37.584170685270806],[127.09243073259528,37.584287656232256],[127.09234736827165,37.584350131670384],[127.08893156520953,37.58463705242433],[127.08889597657777,37.58467181176235]]]},"properties":{"projectName":"면목동 63-1","projectType":"모아타운","programTags":["moa_town"],"stageName":"관리지역고시","districtCode":"11260","districtName":"중랑구","regionName":"서울특별시 중랑구","areaSquareMeters":90102.0,"noticeDate":"","bounds":[127.088896,37.584171,127.09473,37.586332],"sourceName":"서울특별시 도시계획사업 현황(서울플랜+) 공간정보 OA-22712","sourceUrl":"https://data.seoul.go.kr/dataList/OA-22712/F/1/datasetView.do","sourceLicense":"공공누리 제4유형(출처표시·상업적이용금지·변경금지)","sourceBaseDate":"2026-02"}},{"type":"Feature","id":"11000UQ120PS202503070029","geometry":{"type":"Polygon","coordinates":[[[127.0889370560311,37.590949423236474],[127.08888605277255,37.590982860492964],[127.08871302992425,37.59098122249622],[127.0886561257605,37.590963671891814],[127.08858387744151,37.591276804703206],[127.08853055208577,37.59191277685308],[127.08853817362832,37.59201116773825],[127.08938202668692,37.592050240011616],[127.08983096833443,37.59193924609326],[127.09006227782035,37.59191738612028],[127.09067167163884,37.59181536848067],[127.09131416823372,37.59174837081006],[127.09326192465112,37.59205955067893],[127.09347791626405,37.589876990933774],[127.09341206639941,37.58980453997764],[127.09051138341879,37.58914969226807],[127.09042614067445,37.58939985185487],[127.09037934417954,37.58938939962867],[127.09029201029519,37.58962404572596],[127.09023319645644,37.58969596149221],[127.08992569149696,37.59061560197179],[127.08987560466333,37.590638299234996],[127.0890642566503,37.59045746437552],[127.08897532657859,37.590707597666054],[127.08891235237216,37.59073833184016],[127.0889524311935,37.59081310189854],[127.08893278134138,37.590837740359056],[127.08894792453951,37.590870957454015],[127.08891967065091,37.59087722219989],[127.0889370560311,37.590949423236474]]]},"properties":{"projectName":"면목동 86-3","projectType":"모아타운","programTags":["moa_town"],"stageName":"관리지역고시","districtCode":"11260","districtName":"중랑구","regionName":"서울특별시 중랑구","areaSquareMeters":96993.0,"noticeDate":"","bounds":[127.088531,37.58915,127.093478,37.59206],"sourceName":"서울특별시 도시계획사업 현황(서울플랜+) 공간정보 OA-22712","sourceUrl":"https://data.seoul.go.kr/dataList/OA-22712/F/1/datasetView.do","sourceLicense":"공공누리 제4유형(출처표시·상업적이용금지·변경금지)","sourceBaseDate":"2026-02"}},{"type":"Feature","id":"11000UQ120PS202503070030","geometry":{"type":"Polygon","coordinates":[[[127.09090142276068,37.588551722978195],[127.09110933032342,37.58847371126552],[127.09123456439782,37.58846327284613],[127.09133974564371,37.58847075212367],[127.09178271254352,37.58857029742245],[127.0918242423947,37.58854203780292],[127.09147602628384,37.58597318977203],[127.09143080654049,37.58594475308775],[127.08911926027841,37.58614057229895],[127.08907672508226,37.58617053458607],[127.08898429786909,37.58652291536094],[127.08902194868988,37.58655651222596],[127.08903818012737,37.58663993142233],[127.08907411821515,37.58752147366452],[127.0891343173536,37.587550080323936],[127.08965353205492,37.587679922191356],[127.09015132424808,37.58763836095372],[127.09016683805433,37.588382315120256],[127.09030695752443,37.58843581841439],[127.09050273709498,37.58845107783782],[127.09069201664343,37.5884274192991],[127.09091871722636,37.58835742149815],[127.09085948106846,37.58852936525409],[127.09090142276068,37.588551722978195]]]},"properties":{"projectName":"면목본동 297-28","projectType":"모아타운","programTags":["moa_town"],"stageName":"관리지역고시","districtCode":"11260","districtName":"중랑구","regionName":"서울특별시 중랑구","areaSquareMeters":53120.0,"noticeDate":"","bounds":[127.088984,37.585945,127.091824,37.58857],"sourceName":"서울특별시 도시계획사업 현황(서울플랜+) 공간정보 OA-22712","sourceUrl":"https://data.seoul.go.kr/dataList/OA-22712/F/1/datasetView.do","sourceLicense":"공공누리 제4유형(출처표시·상업적이용금지·변경금지)","sourceBaseDate":"2026-02"}},{"type":"Feature","id":"11000UQ120PS202503070031","geometry":{"type":"Polygon","coordinates":[[[126.87309419364122,37.54085194458089],[126.87327095550911,37.54062490651675],[126.87310314809919,37.54040013391313],[126.87328668437857,37.54018425204772],[126.87295998481237,37.539370435312094],[126.87283786604651,37.53912568295795],[126.87063559810248,37.54013940162938],[126.87063447138004,37.540509549483836],[126.87110089801851,37.54115364847033],[126.87033059511857,37.54151131162137],[126.87020455825015,37.54154868433551],[126.86922561821483,37.54170039815959],[126.86919794390512,37.541729041215596],[126.86939594022255,37.54252215174537],[126.86954920438066,37.54267891094295],[126.86960729134768,37.542695054034226],[126.87053918584955,37.54237114506404],[126.87104326811462,37.54211923259935],[126.87136821002855,37.542125479138434],[126.87161504129499,37.54189074525149],[126.87191347148878,37.541773684737336],[126.87193265566268,37.54176427871338],[126.87192646898045,37.54175551879016],[126.87228877318579,37.54157820239814],[126.87262916374125,37.54152196688004],[126.8729016108863,37.54124775334317],[126.87315795954221,37.54124795656724],[126.87303870911873,37.54117318512703],[126.87309419364122,37.54085194458089]]]},"properties":{"projectName":"목2동 231-27","projectType":"모아타운","programTags":["moa_town"],"stageName":"대상지선정","districtCode":"11470","districtName":"양천구","regionName":"서울특별시 양천구","areaSquareMeters":64474.0,"noticeDate":"","bounds":[126.869198,37.539126,126.873287,37.542695],"sourceName":"서울특별시 도시계획사업 현황(서울플랜+) 공간정보 OA-22712","sourceUrl":"https://data.seoul.go.kr/dataList/OA-22712/F/1/datasetView.do","sourceLicense":"공공누리 제4유형(출처표시·상업적이용금지·변경금지)","sourceBaseDate":"2026-02"}},{"type":"Feature","id":"11000UQ120PS202503070032","geometry":{"type":"Polygon","coordinates":[[[126.86621296057164,37.53755890803139],[126.8662512549348,37.537003713565966],[126.86622854956482,37.53698341522945],[126.86556948378568,37.53695068128024],[126.86567032046213,37.53578418324482],[126.86563304493832,37.535750263041884],[126.86427965045691,37.53567923248101],[126.86423716762188,37.535708915861576],[126.86420399569333,37.53615243501892],[126.8644213388251,37.53875097000627],[126.86446122129519,37.538782911417954],[126.86604829050191,37.53887087743955],[126.86609529312109,37.53884579366698],[126.86659430943885,37.5376320976467],[126.86656405391422,37.53759404120246],[126.86621296057164,37.53755890803139]]]},"properties":{"projectName":"목4동 724-1","projectType":"모아타운","programTags":["moa_town"],"stageName":"관리지역고시","districtCode":"11470","districtName":"양천구","regionName":"서울특별시 양천구","areaSquareMeters":52785.0,"noticeDate":"","bounds":[126.864204,37.535679,126.866594,37.538871],"sourceName":"서울특별시 도시계획사업 현황(서울플랜+) 공간정보 OA-22712","sourceUrl":"https://data.seoul.go.kr/dataList/OA-22712/F/1/datasetView.do","sourceLicense":"공공누리 제4유형(출처표시·상업적이용금지·변경금지)","sourceBaseDate":"2026-02"}},{"type":"Feature","id":"11000UQ120PS202503070033","geometry":{"type":"Polygon","coordinates":[[[126.86313640106441,37.54504107590361],[126.86322210942049,37.54530808771187],[126.86257226563913,37.545433696100076],[126.86282781887205,37.54620389331232],[126.86314138261862,37.54614164228804],[126.86325478714949,37.546498477425686],[126.86448447831918,37.54625430065635],[126.86459480274317,37.5450196204054],[126.86456180641574,37.54499480488638],[126.86450354345023,37.54498788976911],[126.86451103221042,37.54497672616749],[126.86430241909807,37.54495080570786],[126.86367696491615,37.544910163402676],[126.86316318172459,37.54500011218659],[126.86313640106441,37.54504107590361]]]},"properties":{"projectName":"목동 644-1","projectType":"모아타운","programTags":["moa_town"],"stageName":"수립범위 자문","districtCode":"11470","districtName":"양천구","regionName":"서울특별시 양천구","areaSquareMeters":22516.0,"noticeDate":"","bounds":[126.862572,37.54491,126.864595,37.546498],"sourceName":"서울특별시 도시계획사업 현황(서울플랜+) 공간정보 OA-22712","sourceUrl":"https://data.seoul.go.kr/dataList/OA-22712/F/1/datasetView.do","sourceLicense":"공공누리 제4유형(출처표시·상업적이용금지·변경금지)","sourceBaseDate":"2026-02"}},{"type":"Feature","id":"11000UQ120PS202503070034","geometry":{"type":"Polygon","coordinates":[[[127.07333022819569,37.6076161875956],[127.07321705285818,37.608356196871426],[127.07461598375158,37.6085315347785],[127.0746634357551,37.60850746718308],[127.07474722665958,37.6085175792018],[127.074567221558,37.60947414512774],[127.07459392416693,37.6095060774107],[127.07604535662944,37.60967605903014],[127.07608940937644,37.6096501009508],[127.07665529467228,37.606619298269635],[127.07662128341278,37.60658319954057],[127.07621133776253,37.606534004770836],[127.07594709139063,37.60793139671235],[127.07492576685445,37.60780827746419],[127.07489244647442,37.60777192553945],[127.07480282559115,37.60776697176042],[127.07505454248161,37.606424802330835],[127.07502496216824,37.60639076362876],[127.07365347350597,37.60622380186553],[127.07333022819569,37.6076161875956]]]},"properties":{"projectName":"묵동 243-7","projectType":"모아타운","programTags":["moa_town"],"stageName":"대상지선정","districtCode":"11260","districtName":"중랑구","regionName":"서울특별시 중랑구","areaSquareMeters":62681.0,"noticeDate":"","bounds":[127.073217,37.606224,127.076655,37.609676],"sourceName":"서울특별시 도시계획사업 현황(서울플랜+) 공간정보 OA-22712","sourceUrl":"https://data.seoul.go.kr/dataList/OA-22712/F/1/datasetView.do","sourceLicense":"공공누리 제4유형(출처표시·상업적이용금지·변경금지)","sourceBaseDate":"2026-02"}},{"type":"Feature","id":"11000UQ120PS202503070035","geometry":{"type":"Polygon","coordinates":[[[126.99186287525941,37.4827804999065],[126.99255004389028,37.48171739031433],[126.9920284934991,37.481506392682896],[126.99198340293614,37.4815213898295],[126.99133922259455,37.48253254092076],[126.99135446798874,37.48257381710862],[126.99186287525941,37.4827804999065]]]},"properties":{"projectName":"방배동 977","projectType":"모아타운","programTags":["moa_town"],"stageName":"관리지역고시","districtCode":"11650","districtName":"서초구","regionName":"서울특별시 서초구","areaSquareMeters":7190.0,"noticeDate":"","bounds":[126.991339,37.481506,126.99255,37.48278],"sourceName":"서울특별시 도시계획사업 현황(서울플랜+) 공간정보 OA-22712","sourceUrl":"https://data.seoul.go.kr/dataList/OA-22712/F/1/datasetView.do","sourceLicense":"공공누리 제4유형(출처표시·상업적이용금지·변경금지)","sourceBaseDate":"2026-02"}},{"type":"Feature","id":"11000UQ120PS202503070036","geometry":{"type":"Polygon","coordinates":[[[127.03291937125226,37.665535829236156],[127.03188635589258,37.66622123033558],[127.03449465865121,37.66801490797325],[127.03652704466414,37.666148767615056],[127.0365229433037,37.666103810270734],[127.03376047173114,37.6641993092929],[127.03327768205448,37.66373138450806],[127.0320273671827,37.664875139886654],[127.03202069714008,37.6649164962891],[127.03291937125226,37.665535829236156]]]},"properties":{"projectName":"방학2동 618","projectType":"모아타운","programTags":["moa_town"],"stageName":"관리지역고시","districtCode":"11320","districtName":"도봉구","regionName":"서울특별시 도봉구","areaSquareMeters":97864.0,"noticeDate":"","bounds":[127.031886,37.663731,127.036527,37.668015],"sourceName":"서울특별시 도시계획사업 현황(서울플랜+) 공간정보 OA-22712","sourceUrl":"https://data.seoul.go.kr/dataList/OA-22712/F/1/datasetView.do","sourceLicense":"공공누리 제4유형(출처표시·상업적이용금지·변경금지)","sourceBaseDate":"2026-02"}},{"type":"Feature","id":"11000UQ120PS202503070037","geometry":{"type":"Polygon","coordinates":[[[126.81156295498207,37.56909253367203],[126.81161322963719,37.567922115442435],[126.81154199635205,37.567873915169315],[126.8091935128267,37.56787650995688],[126.8091725344863,37.5680629710699],[126.8091397602306,37.56815748525898],[126.80892518177485,37.56851412445005],[126.80884097783982,37.56863292633699],[126.80880557629241,37.56865735738018],[126.80872426940358,37.56882898876596],[126.80870674715858,37.56890366096743],[126.80887913193352,37.5693021875229],[126.8089218566333,37.569440702846855],[126.80896014421056,37.56939457170933],[126.80968212999417,37.56939720662739],[126.80968627537864,37.56954188480076],[126.80990787141727,37.569896584687726],[126.80993594587521,37.56998407100209],[126.80982761278986,37.57001740285349],[126.80977758316794,37.57001210490126],[126.80999358625259,37.57041658403629],[126.81017142683666,37.5704183301949],[126.81020011019172,37.57068661119026],[126.81024463161549,37.570685944518665],[126.81024798462471,37.570755821456764],[126.81030644999197,37.57086654829545],[126.81032925512365,37.570859170108854],[126.81044042583142,37.570956134055336],[126.81051400824957,37.57093636834909],[126.81052295817462,37.57095560988014],[126.81054146184835,37.57095267556727],[126.81060708019388,37.571086199772665],[126.81066985093713,37.57108478760098],[126.81069445844484,37.57113853518073],[126.81076755589244,37.57116294930634],[126.8107592993325,37.57119536607327],[126.81088767353174,37.57136028275818],[126.81096698850835,37.571338733064216],[126.81097224962105,37.571379711211264],[126.81095811192267,37.571385279914864],[126.81097566005371,37.57147709172576],[126.81083519975319,37.57160734760625],[126.81142428780099,37.57162475859905],[126.81147167892306,37.570869105461014],[126.81151999446368,37.56968673739132],[126.81156295498207,37.56909253367203]]]},"properties":{"projectName":"방화동 592-1","projectType":"모아타운","programTags":["moa_town"],"stageName":"관리지역고시","districtCode":"11500","districtName":"강서구","regionName":"서울특별시 강서구","areaSquareMeters":67975.0,"noticeDate":"","bounds":[126.808707,37.567874,126.811613,37.571625],"sourceName":"서울특별시 도시계획사업 현황(서울플랜+) 공간정보 OA-22712","sourceUrl":"https://data.seoul.go.kr/dataList/OA-22712/F/1/datasetView.do","sourceLicense":"공공누리 제4유형(출처표시·상업적이용금지·변경금지)","sourceBaseDate":"2026-02"}},{"type":"Feature","id":"11000UQ120PS202503070038","geometry":{"type":"Polygon","coordinates":[[[127.02564458967116,37.63496266089243],[127.02479643216074,37.63553918683926],[127.02481468573407,37.63558170939397],[127.02658715666946,37.63570633522801],[127.02651547171878,37.63631394645569],[127.0265524187192,37.63635223017894],[127.02702974234673,37.63638645520577],[127.02747581362294,37.6367943206461],[127.02739256181812,37.63685353316449],[127.02794864645061,37.637376670717266],[127.02762779630399,37.637593904774754],[127.02811513795419,37.63805671820229],[127.03028875182233,37.63658536230781],[127.02980333317389,37.636124809725715],[127.02995714774335,37.63602089001535],[127.03020074444912,37.63603830642347],[127.03028440284487,37.63529615418925],[127.02564458967116,37.63496266089243]]]},"properties":{"projectName":"번동 411","projectType":"모아타운","programTags":["moa_town"],"stageName":"관리지역고시","districtCode":"11305","districtName":"강북구","regionName":"서울특별시 강북구","areaSquareMeters":72755.0,"noticeDate":"","bounds":[127.024796,37.634963,127.030289,37.638057],"sourceName":"서울특별시 도시계획사업 현황(서울플랜+) 공간정보 OA-22712","sourceUrl":"https://data.seoul.go.kr/dataList/OA-22712/F/1/datasetView.do","sourceLicense":"공공누리 제4유형(출처표시·상업적이용금지·변경금지)","sourceBaseDate":"2026-02"}},{"type":"Feature","id":"11000UQ120PS202503070039","geometry":{"type":"Polygon","coordinates":[[[127.03817030441242,37.63421189555446],[127.03804975393815,37.63415614166982],[127.03775551778745,37.63414546930767],[127.03587362234873,37.63462382086605],[127.03432191495342,37.635530285854735],[127.03550039940905,37.63603368907863],[127.03581928224791,37.636190366953066],[127.03601624543207,37.63631338309916],[127.0362102767856,37.63646478057456],[127.03655766634375,37.63682525822224],[127.03684950953134,37.63674902957728],[127.03733247469722,37.63648363614445],[127.03781818254281,37.63603858490896],[127.0378786003364,37.63540626005306],[127.03800173970457,37.6351525066643],[127.03811868478115,37.63428248608989],[127.03817030441242,37.63421189555446]]]},"properties":{"projectName":"번동 429-114","projectType":"모아타운","programTags":["moa_town"],"stageName":"관리지역고시","districtCode":"11305","districtName":"강북구","regionName":"서울특별시 강북구","areaSquareMeters":55572.0,"noticeDate":"","bounds":[127.034322,37.634145,127.03817,37.636825],"sourceName":"서울특별시 도시계획사업 현황(서울플랜+) 공간정보 OA-22712","sourceUrl":"https://data.seoul.go.kr/dataList/OA-22712/F/1/datasetView.do","sourceLicense":"공공누리 제4유형(출처표시·상업적이용금지·변경금지)","sourceBaseDate":"2026-02"}},{"type":"Feature","id":"11000UQ120PS202503070040","geometry":{"type":"Polygon","coordinates":[[[127.03608604678772,37.636698098183615],[127.0358570989832,37.636500760811636],[127.03560755201447,37.63634568479815],[127.03467166492423,37.6359324026442],[127.03406787277862,37.63634557895708],[127.03406131789527,37.63638279114642],[127.03467268230347,37.63694735378924],[127.03468880860835,37.63703348272166],[127.03154536150156,37.63916657781806],[127.03154005423336,37.63921081715533],[127.03192224416887,37.63956543406204],[127.03228267004071,37.640985280649616],[127.03233173968549,37.64100914373794],[127.03262766488355,37.64096149450284],[127.0327470876878,37.64096740940627],[127.03303100576855,37.64107785767995],[127.03334786789588,37.64056009733467],[127.03456734618834,37.63778051732832],[127.03477628511267,37.63756872889956],[127.03514697209148,37.6372721121154],[127.0361787449397,37.63692438847791],[127.03608604678772,37.636698098183615]]]},"properties":{"projectName":"번동 454-61","projectType":"모아타운","programTags":["moa_town"],"stageName":"관리지역고시","districtCode":"11305","districtName":"강북구","regionName":"서울특별시 강북구","areaSquareMeters":70897.0,"noticeDate":"","bounds":[127.03154,37.635932,127.036179,37.641078],"sourceName":"서울특별시 도시계획사업 현황(서울플랜+) 공간정보 OA-22712","sourceUrl":"https://data.seoul.go.kr/dataList/OA-22712/F/1/datasetView.do","sourceLicense":"공공누리 제4유형(출처표시·상업적이용금지·변경금지)","sourceBaseDate":"2026-02"}},{"type":"Feature","id":"11000UQ120PS202503070041","geometry":{"type":"Polygon","coordinates":[[[127.03186920266326,37.63960125886022],[127.03141274083062,37.639182428147784],[127.0331886859993,37.63798086465869],[127.03319467091659,37.637934102319164],[127.03286666035943,37.63762983970022],[127.03286417789347,37.63765380636292],[127.0320554608127,37.63819992069832],[127.03169664198623,37.63786914253513],[127.03249322197017,37.63732892170361],[127.03249671617128,37.637285583762974],[127.03209877942044,37.63691232242147],[127.03147785157373,37.63731116431056],[127.03154381650725,37.63737673871464],[127.03140279825624,37.63746660197895],[127.03135338187519,37.637419042866235],[127.0312354713702,37.637497637865394],[127.0312189235544,37.63748133433717],[127.03110599529839,37.637553440913436],[127.03096681245935,37.63741580635351],[127.03018118290048,37.63792586300165],[127.03049102997491,37.638215230860816],[127.02967437877403,37.63874593126945],[127.02953983918042,37.63861697666565],[127.02933378756647,37.63875008175993],[127.02916537651953,37.63858661195651],[127.02833962405761,37.63912351476301],[127.02964087110509,37.64034034198719],[127.02975798346358,37.64053150136745],[127.03014283543399,37.64133210695407],[127.03028336709437,37.64142667536443],[127.03138410966196,37.64200924388164],[127.03143010077383,37.641983914781385],[127.03123834600943,37.64117941513383],[127.03218419737196,37.6410303974803],[127.03221590620984,37.640992097710956],[127.03186920266326,37.63960125886022]]]},"properties":{"projectName":"번동 469","projectType":"모아타운","programTags":["moa_town"],"stageName":"대상지선정","districtCode":"11305","districtName":"강북구","regionName":"서울특별시 강북구","areaSquareMeters":99462.0,"noticeDate":"","bounds":[127.02834,37.636912,127.033195,37.642009],"sourceName":"서울특별시 도시계획사업 현황(서울플랜+) 공간정보 OA-22712","sourceUrl":"https://data.seoul.go.kr/dataList/OA-22712/F/1/datasetView.do","sourceLicense":"공공누리 제4유형(출처표시·상업적이용금지·변경금지)","sourceBaseDate":"2026-02"}},{"type":"Feature","id":"11000UQ120PS202503070042","geometry":{"type":"Polygon","coordinates":[[[126.929117502811,37.62326554423288],[126.929134234385,37.62330557150611],[126.93002985342267,37.62369750120801],[126.92970164841951,37.62408932080515],[126.92947183170251,37.62447829391525],[126.92974514172259,37.625311412276325],[126.92993827568606,37.62558524799296],[126.93051423567375,37.62560515442545],[126.9308742364241,37.62631382125038],[126.93192411545586,37.625875274531346],[126.931814169048,37.625774564851284],[126.93081694225027,37.62508142934023],[126.93059088160099,37.624680722759734],[126.93073745638482,37.62461419685876],[126.93079934118062,37.624550465343304],[126.93088026045238,37.624415417352246],[126.93090735419695,37.62445714260863],[126.93098473212213,37.6243712696845],[126.93094584222067,37.62429666695781],[126.93112605271959,37.62430776834814],[126.93150583722758,37.623863938442234],[126.93154093357231,37.62380227820178],[126.93155675989898,37.623682034747794],[126.93119505757528,37.62366314694646],[126.9310101064108,37.623623779099894],[126.93052432037639,37.62332110017113],[126.93051382698474,37.62324681259407],[126.93120363437127,37.622596848969955],[126.93141128489798,37.62229670210079],[126.93107011162347,37.6222772675021],[126.93015364374627,37.62218281039847],[126.9299434432568,37.62214145695873],[126.9297797181924,37.62207036033223],[126.92973642875039,37.622090155562674],[126.92948541654997,37.6225581516825],[126.92932307751725,37.62290519273905],[126.929117502811,37.62326554423288]]]},"properties":{"projectName":"불광동 170","projectType":"모아타운","programTags":["moa_town"],"stageName":"관리지역고시","districtCode":"11380","districtName":"은평구","regionName":"서울특별시 은평구","areaSquareMeters":53915.0,"noticeDate":"","bounds":[126.929118,37.62207,126.931924,37.626314],"sourceName":"서울특별시 도시계획사업 현황(서울플랜+) 공간정보 OA-22712","sourceUrl":"https://data.seoul.go.kr/dataList/OA-22712/F/1/datasetView.do","sourceLicense":"공공누리 제4유형(출처표시·상업적이용금지·변경금지)","sourceBaseDate":"2026-02"}},{"type":"Feature","id":"11000UQ120PS202503070044","geometry":{"type":"Polygon","coordinates":[[[126.96534355777227,37.489599875625125],[126.9654772258352,37.48949646361643],[126.96554193948356,37.489397868851846],[126.96605261851138,37.48832691393783],[126.96614391820347,37.488242058048016],[126.96632194413488,37.487937906398436],[126.96699353707481,37.48739878359246],[126.96738862317319,37.487105000959836],[126.96764476130593,37.48687690704607],[126.96764492053454,37.48677215494406],[126.96713792474733,37.48634279877816],[126.96704457476878,37.48622181222077],[126.96668151065563,37.48588732630444],[126.96656947442209,37.485930991763546],[126.96653324031736,37.48592235846286],[126.96646275816775,37.48596195458226],[126.96641656304068,37.48595283174983],[126.96569543561846,37.48650882115921],[126.96559134349118,37.486724263888775],[126.96597032686874,37.4870350165288],[126.96596017656556,37.48707575672625],[126.96537916030417,37.487519296248934],[126.96512178280616,37.487348973181],[126.9648739071526,37.4877052963754],[126.96476635547498,37.487796282051626],[126.96463389923032,37.487876871320545],[126.96396208482876,37.48811348769534],[126.96386307481562,37.488191518869726],[126.9638166246958,37.488282712339476],[126.96377156444584,37.48844290485043],[126.96371878858392,37.488521148880096],[126.96358809955427,37.48861281983694],[126.96324519841664,37.48876879858158],[126.96309930913985,37.48886510422128],[126.96301766420781,37.48896690871211],[126.96251018662258,37.489899854240285],[126.9624389380407,37.490062388258885],[126.96276644515825,37.490118503198566],[126.96293291404749,37.4900493518503],[126.96302912270212,37.48986220042839],[126.96311281103453,37.48983483725166],[126.96339357640937,37.48991558571902],[126.96342245315529,37.48996450132612],[126.96337112469516,37.49008428175693],[126.96336080659414,37.49016233207414],[126.96342375410772,37.49045321326644],[126.96342440440758,37.49064448229342],[126.96434954280062,37.49081001585314],[126.96437360321538,37.490747647181074],[126.96437680514491,37.49067526183717],[126.9643398038757,37.49065671662765],[126.96441309462004,37.49046177224271],[126.96460246120556,37.4902758470999],[126.96466172401058,37.49018235078906],[126.96479735600823,37.49006712805986],[126.96512687703886,37.48969087318907],[126.96534355777227,37.489599875625125]]]},"properties":{"projectName":"사당동 202-29","projectType":"모아타운","programTags":["moa_town"],"stageName":"관리지역고시","districtCode":"11590","districtName":"동작구","regionName":"서울특별시 동작구","areaSquareMeters":84311.0,"noticeDate":"","bounds":[126.962439,37.485887,126.967645,37.49081],"sourceName":"서울특별시 도시계획사업 현황(서울플랜+) 공간정보 OA-22712","sourceUrl":"https://data.seoul.go.kr/dataList/OA-22712/F/1/datasetView.do","sourceLicense":"공공누리 제4유형(출처표시·상업적이용금지·변경금지)","sourceBaseDate":"2026-02"}},{"type":"Feature","id":"11000UQ120PS202503070045","geometry":{"type":"Polygon","coordinates":[[[127.07108304540203,37.65508971627891],[127.07108319914421,37.655060155206534],[127.07106384346464,37.65503580966613],[127.0699874865276,37.65398655487438],[127.06992815187614,37.65398725060965],[127.06917340570544,37.65458019033975],[127.0691720900887,37.65462522632142],[127.06964918663668,37.655003322447044],[127.0695845242567,37.65505289356164],[127.06959550534593,37.65511501844527],[127.06885763458668,37.65571879764629],[127.06878854589283,37.65571200767229],[127.06869904402285,37.655638476069846],[127.06810976217892,37.65551663798587],[127.06773163772817,37.65671974020732],[127.06774242982996,37.656724925565044],[127.06756244984054,37.657331157031024],[127.06753487612674,37.65739370909819],[127.06747442235384,37.6574134922701],[127.06847987953509,37.65792798589153],[127.06863177861001,37.657984850165015],[127.06921573057728,37.65814286275905],[127.07036340973161,37.6583819388536],[127.07077822448623,37.65849019137551],[127.07100183807977,37.65856838157594],[127.07113177760264,37.658564926321034],[127.07137677437966,37.65835006132248],[127.07157697634867,37.6579477386758],[127.07152413396527,37.65796233879841],[127.07106648222964,37.65792593982248],[127.0705102044832,37.65748821271244],[127.07051015305007,37.657432622622544],[127.07085504907991,37.65715591137759],[127.07062932406038,37.65697621833292],[127.070627688611,37.65643680044796],[127.07101429232709,37.65611512093768],[127.07051694986201,37.655714910710714],[127.07051861121266,37.65567328470963],[127.07073150501027,37.655505218325345],[127.0708263729711,37.65552210095615],[127.07090710614708,37.65557196749819],[127.07131125441755,37.655487397876264],[127.07125356913204,37.655362646991165],[127.07126942300575,37.65535038436306],[127.07113237772705,37.65518964131869],[127.07108304540203,37.65508971627891]]]},"properties":{"projectName":"상계동 177-66","projectType":"모아타운","programTags":["moa_town"],"stageName":"관리지역고시","districtCode":"11350","districtName":"노원구","regionName":"서울특별시 노원구","areaSquareMeters":96468.0,"noticeDate":"","bounds":[127.067474,37.653987,127.071577,37.658568],"sourceName":"서울특별시 도시계획사업 현황(서울플랜+) 공간정보 OA-22712","sourceUrl":"https://data.seoul.go.kr/dataList/OA-22712/F/1/datasetView.do","sourceLicense":"공공누리 제4유형(출처표시·상업적이용금지·변경금지)","sourceBaseDate":"2026-02"}},{"type":"Feature","id":"11000UQ120PS202503070046","geometry":{"type":"Polygon","coordinates":[[[126.93497346865546,37.49929760236641],[126.93486540607631,37.499178636652246],[126.93472434277008,37.49906214795095],[126.93439476852566,37.49896429650586],[126.9344409353544,37.498846549575546],[126.93379064982726,37.498723190450676],[126.93359581996982,37.498952357558196],[126.93316515041883,37.49933693473626],[126.93242933523092,37.50005997258641],[126.93263373716252,37.50027582703342],[126.93297976275947,37.500552887102316],[126.93326970256216,37.50070100790996],[126.93374142091481,37.50085289048003],[126.9340342633868,37.501008137967574],[126.93417139310642,37.501137914939534],[126.93443301749622,37.501440123496536],[126.93447663247501,37.501495379453864],[126.93445728281088,37.5014951612424],[126.934462552505,37.501546133710136],[126.934806750188,37.50164200558386],[126.934910244316,37.50168796984365],[126.93530590064533,37.501680416635125],[126.93558234633933,37.501635548358166],[126.93582111886055,37.50152865178389],[126.93603729673532,37.501406992860375],[126.9362348323842,37.50125117539938],[126.9365211135969,37.50124685528426],[126.93681100870383,37.50122208379098],[126.93694528665515,37.50117621535035],[126.9367704792982,37.500918235905374],[126.93673395834982,37.50083142270296],[126.93670578803162,37.50072629677025],[126.93670180031303,37.500551167504945],[126.93668396667681,37.50052433499392],[126.93639018419688,37.50043162283995],[126.93635813956095,37.50043902038846],[126.93631315872338,37.5005360511317],[126.93614027920718,37.500587492704895],[126.93513143319453,37.50023872122456],[126.93481230805355,37.499411388706754],[126.93497346865546,37.49929760236641]]]},"properties":{"projectName":"상도동 242","projectType":"모아타운","programTags":["moa_town"],"stageName":"관리지역고시","districtCode":"11590","districtName":"동작구","regionName":"서울특별시 동작구","areaSquareMeters":62003.0,"noticeDate":"","bounds":[126.932429,37.498723,126.936945,37.501688],"sourceName":"서울특별시 도시계획사업 현황(서울플랜+) 공간정보 OA-22712","sourceUrl":"https://data.seoul.go.kr/dataList/OA-22712/F/1/datasetView.do","sourceLicense":"공공누리 제4유형(출처표시·상업적이용금지·변경금지)","sourceBaseDate":"2026-02"}},{"type":"Feature","id":"11000UQ120PS202503070047","geometry":{"type":"Polygon","coordinates":[[[126.93929830772105,37.495965170061034],[126.93953775286032,37.495385528112116],[126.93979599781888,37.49520661671638],[126.93951038897153,37.49490448821911],[126.93930716795565,37.494717405992965],[126.93911085984399,37.49459506387314],[126.93901976741127,37.49456162468354],[126.93881782887664,37.494723247088004],[126.9387062147395,37.49472737745074],[126.9380342444071,37.49429909762532],[126.93784936338989,37.49438654825991],[126.93795620816081,37.49443616526327],[126.93774866618799,37.49458520037131],[126.9364873096103,37.49587635666626],[126.93649068211367,37.49591243453139],[126.93790434920274,37.49683120334788],[126.93768039056673,37.4970536491422],[126.93770265662886,37.49705391345074],[126.93803026341043,37.49727897029781],[126.93805065267932,37.497265466267216],[126.93808206047564,37.49728722424135],[126.93832467505251,37.49724352966562],[126.93840701821482,37.49704787668823],[126.9386914781733,37.49686297209736],[126.93867723832217,37.496663600453175],[126.93873510704813,37.49633481158165],[126.93879343937715,37.49626237520113],[126.93929830772105,37.495965170061034]]]},"properties":{"projectName":"상도동 279","projectType":"모아타운","programTags":["moa_town"],"stageName":"대상지선정","districtCode":"11590","districtName":"동작구","regionName":"서울특별시 동작구","areaSquareMeters":49155.0,"noticeDate":"","bounds":[126.936487,37.494299,126.939796,37.497287],"sourceName":"서울특별시 도시계획사업 현황(서울플랜+) 공간정보 OA-22712","sourceUrl":"https://data.seoul.go.kr/dataList/OA-22712/F/1/datasetView.do","sourceLicense":"공공누리 제4유형(출처표시·상업적이용금지·변경금지)","sourceBaseDate":"2026-02"}},{"type":"Feature","id":"11000UQ120PS202503070048","geometry":{"type":"Polygon","coordinates":[[[126.96907201482074,37.55084339830316],[126.96908950986065,37.55071357932893],[126.96899030382319,37.55072591363869],[126.96897288536707,37.55062713320435],[126.96906475353275,37.550625509674724],[126.9691029862939,37.55058649825858],[126.969140750977,37.55058303980404],[126.96902466804345,37.55050068437612],[126.96902697147615,37.550460365664726],[126.96898506520445,37.5503592359108],[126.96890292660449,37.5503156323193],[126.96888583410257,37.550326268300594],[126.96874641488452,37.55022361582738],[126.96862571797034,37.55016215270324],[126.96799770952904,37.55044547291569],[126.9679625007123,37.55051830623235],[126.96810538622825,37.550698258420034],[126.96824662428413,37.55083341089602],[126.96860075369348,37.55103755754911],[126.96858511797191,37.551054672015944],[126.96858408401562,37.551166980237795],[126.96861837807752,37.55120760646472],[126.9686165915813,37.55122987846054],[126.96858195813297,37.55126613368678],[126.96856329426862,37.5514009527462],[126.96864410055952,37.55143986203311],[126.9686061435681,37.55151932785844],[126.96863661571426,37.55152749932417],[126.96864744445118,37.55160776259822],[126.96876301175178,37.55163009423343],[126.9689850991898,37.55171310083918],[126.9692230653051,37.55168918178644],[126.96940983815831,37.550865627989396],[126.96907201482074,37.55084339830316]]]},"properties":{"projectName":"서계동 116","projectType":"모아타운","programTags":["moa_town"],"stageName":"사전자문","districtCode":"11170","districtName":"용산구","regionName":"서울특별시 용산구","areaSquareMeters":11490.2,"noticeDate":"","bounds":[126.967963,37.550162,126.96941,37.551713],"sourceName":"서울특별시 도시계획사업 현황(서울플랜+) 공간정보 OA-22712","sourceUrl":"https://data.seoul.go.kr/dataList/OA-22712/F/1/datasetView.do","sourceLicense":"공공누리 제4유형(출처표시·상업적이용금지·변경금지)","sourceBaseDate":"2026-02"}},{"type":"Feature","id":"11000UQ120PS202503070050","geometry":{"type":"Polygon","coordinates":[[[127.06191926422245,37.60507951575735],[127.06133257265593,37.60494361391046],[127.06113177481086,37.60495912229911],[127.06072458639468,37.604875419654356],[127.06022543574608,37.60468836282118],[127.06020706959292,37.60466272098148],[127.05997823798383,37.60464204887477],[127.05979964557999,37.605016873851525],[127.05930163254784,37.60547600710443],[127.05905827716758,37.605946793793045],[127.0586365065781,37.60657920713649],[127.05927390452293,37.606832008097314],[127.06042248646607,37.60738982417253],[127.06136047223555,37.60646479141362],[127.06156294202025,37.606185519219885],[127.06164797456725,37.606051049367224],[127.06178605048224,37.605759583228526],[127.06187326988639,37.60543140086725],[127.06191926422245,37.60507951575735]]]},"properties":{"projectName":"석관동 261-22","projectType":"모아타운","programTags":["moa_town"],"stageName":"위원회심의","districtCode":"11290","districtName":"성북구","regionName":"서울특별시 성북구","areaSquareMeters":52019.0,"noticeDate":"","bounds":[127.058637,37.604642,127.061919,37.60739],"sourceName":"서울특별시 도시계획사업 현황(서울플랜+) 공간정보 OA-22712","sourceUrl":"https://data.seoul.go.kr/dataList/OA-22712/F/1/datasetView.do","sourceLicense":"공공누리 제4유형(출처표시·상업적이용금지·변경금지)","sourceBaseDate":"2026-02"}},{"type":"Feature","id":"11000UQ120PS202503070051","geometry":{"type":"Polygon","coordinates":[[[127.0562248475845,37.60950166136095],[127.05611707807313,37.60968739730967],[127.05768956951441,37.61001958747925],[127.05773486133646,37.610006033169206],[127.06042245813626,37.60738980256306],[127.05927387619367,37.60683198648761],[127.05863647824842,37.606579184625645],[127.05795234078069,37.607537511875364],[127.05759753323561,37.60793537899261],[127.05664690458312,37.607603708625675],[127.05656195829383,37.607762267064075],[127.0566273994555,37.60779888847817],[127.05665171725246,37.60778714633444],[127.05681913496552,37.60789121253003],[127.05655574729002,37.60815538645542],[127.05647659110967,37.60814968408474],[127.05555998875724,37.60896995588265],[127.05558029552886,37.608986191286775],[127.05554621138135,37.609008974706946],[127.0556211623483,37.609086857288354],[127.05595421774214,37.60930471293004],[127.05593744547306,37.609319588667184],[127.0562248475845,37.60950166136095]]]},"properties":{"projectName":"석관동 334-69","projectType":"모아타운","programTags":["moa_town"],"stageName":"위원회심의","districtCode":"11290","districtName":"성북구","regionName":"서울특별시 성북구","areaSquareMeters":76336.0,"noticeDate":"","bounds":[127.055546,37.606579,127.060422,37.61002],"sourceName":"서울특별시 도시계획사업 현황(서울플랜+) 공간정보 OA-22712","sourceUrl":"https://data.seoul.go.kr/dataList/OA-22712/F/1/datasetView.do","sourceLicense":"공공누리 제4유형(출처표시·상업적이용금지·변경금지)","sourceBaseDate":"2026-02"}},{"type":"Feature","id":"11000UQ120PS202503070052","geometry":{"type":"Polygon","coordinates":[[[126.90879220914104,37.5666736896422],[126.90909954549726,37.565498121095594],[126.90909084430868,37.565486581633344],[126.90812969781759,37.565180570447446],[126.90721827114217,37.56502782044762],[126.90724684080534,37.56490912181858],[126.90723215345956,37.56488775666463],[126.90695196163297,37.564840681182055],[126.90709047998118,37.564796274205655],[126.90631985850908,37.56462817063087],[126.906343930255,37.564657201866105],[126.90629357042033,37.56473978190345],[126.90627730588324,37.56471282922978],[126.90620563635908,37.56481935833013],[126.90617662368541,37.56486608719623],[126.9061339646017,37.565016256522014],[126.90609532655017,37.56504866088421],[126.9060436821885,37.56525044053487],[126.90602728454871,37.56523907482046],[126.90589568595722,37.565297802855],[126.90577770433657,37.565329422034964],[126.905538497112,37.56545068105324],[126.90560426065721,37.56589086728537],[126.90609873682534,37.56583585716236],[126.90623315263076,37.565876420090845],[126.90631143347044,37.56591207227719],[126.9064706975599,37.56608374876167],[126.90673298514737,37.5662388394968],[126.90674731524354,37.566274259837584],[126.906675525294,37.566475122562544],[126.9066333427799,37.56653518458254],[126.90659031059126,37.56655118758168],[126.90651916580781,37.56651085618706],[126.90644597357839,37.56674568488897],[126.90646427916711,37.56694833185994],[126.90669379890434,37.56728387319901],[126.90550030815716,37.56821938653347],[126.90550464688337,37.56827840477033],[126.90599435933106,37.568686589114705],[126.90609621953006,37.56869676254737],[126.90775766609983,37.568059113034536],[126.907764479149,37.568041909574774],[126.9075845831677,37.56777844383862],[126.9091233334917,37.5671327125737],[126.90913536934637,37.567102178494835],[126.90879220914104,37.5666736896422]]]},"properties":{"projectName":"성산동 160-4","projectType":"모아타운","programTags":["moa_town"],"stageName":"관리지역고시","districtCode":"11440","districtName":"마포구","regionName":"서울특별시 마포구","areaSquareMeters":84876.0,"noticeDate":"","bounds":[126.9055,37.564628,126.909135,37.568697],"sourceName":"서울특별시 도시계획사업 현황(서울플랜+) 공간정보 OA-22712","sourceUrl":"https://data.seoul.go.kr/dataList/OA-22712/F/1/datasetView.do","sourceLicense":"공공누리 제4유형(출처표시·상업적이용금지·변경금지)","sourceBaseDate":"2026-02"}},{"type":"Feature","id":"11000UQ120PS202503070053","geometry":{"type":"Polygon","coordinates":[[[126.95503183061845,37.48825610992143],[126.95540009613809,37.48790828963823],[126.95543183727219,37.48777576484295],[126.95540289202513,37.48759059793338],[126.95521179624839,37.48730962725071],[126.95516522943105,37.48706112202522],[126.95512886310495,37.48670066242808],[126.95509625139096,37.486540577830965],[126.95501125312828,37.48627460502255],[126.95500288091668,37.48610057342356],[126.95496333186368,37.48595149627258],[126.95237927241291,37.48642077232559],[126.95236706121342,37.48664490018881],[126.9523480337152,37.48672820780789],[126.95229399209477,37.48692708120871],[126.95227131928004,37.48693086497412],[126.95220541251177,37.48716997207009],[126.95208276141983,37.48750326401399],[126.95204893078605,37.48770925462446],[126.95216705208384,37.487937437353665],[126.95225055164472,37.48802811285033],[126.9525002649858,37.48829257024853],[126.95277920345185,37.48848036402981],[126.95293965102601,37.48867343880952],[126.95303998443038,37.488945747917285],[126.95307630152028,37.48908839206882],[126.95330464623368,37.48935959555987],[126.95339852436346,37.489316205614365],[126.95339820751047,37.48928133677328],[126.95322161229628,37.48908584676142],[126.9533017783393,37.48907163468637],[126.95365174181667,37.489063848173785],[126.95379416061026,37.488968129444814],[126.953838679383,37.4890178826374],[126.95388819604234,37.48903195821368],[126.95390546731629,37.489077285492144],[126.95394943394845,37.48910640551181],[126.95407425373635,37.489125376703775],[126.95423523463369,37.4891794111529],[126.95441977651582,37.48916705105188],[126.95448486703545,37.48922951630228],[126.95451161902237,37.48930322877417],[126.95443645941445,37.489429789392304],[126.95441312705884,37.489492489713015],[126.95441729016312,37.48952528778289],[126.95468437501808,37.48933348088566],[126.95512774985929,37.48912291181622],[126.95521664506838,37.48908987997149],[126.95526672622913,37.48910584729191],[126.95529004952711,37.48888766656707],[126.95534266119421,37.488635284490954],[126.95535498499335,37.48863691110712],[126.9553591813898,37.48861618973684],[126.95526913282832,37.48850352947092],[126.95517032187053,37.488298783450176],[126.95503183061845,37.48825610992143]]]},"properties":{"projectName":"성현동 1021","projectType":"모아타운","programTags":["moa_town"],"stageName":"위원회심의","districtCode":"11620","districtName":"관악구","regionName":"서울특별시 관악구","areaSquareMeters":81623.0,"noticeDate":"","bounds":[126.952049,37.485951,126.955432,37.489525],"sourceName":"서울특별시 도시계획사업 현황(서울플랜+) 공간정보 OA-22712","sourceUrl":"https://data.seoul.go.kr/dataList/OA-22712/F/1/datasetView.do","sourceLicense":"공공누리 제4유형(출처표시·상업적이용금지·변경금지)","sourceBaseDate":"2026-02"}},{"type":"Feature","id":"11000UQ120PS202503070055","geometry":{"type":"Polygon","coordinates":[[[127.02533239767216,37.64361886394302],[127.02699089844779,37.642786914263546],[127.02755809796243,37.64331681975941],[127.02625207112975,37.64420649892579],[127.02625627686102,37.64424683476486],[127.02717061451582,37.644760736736515],[127.02722930658094,37.644756759665974],[127.02977857304084,37.643141266198754],[127.0297841083446,37.643097297208634],[127.02915673961601,37.64249234981888],[127.0284408736771,37.641525136423354],[127.02802723296968,37.641285299899685],[127.0279721722653,37.641297475445896],[127.02767010979362,37.64162666966979],[127.02650791438205,37.64244605637749],[127.02615042356743,37.64211325392919],[127.0260932041288,37.64211011244048],[127.02474484888876,37.64307217829632],[127.02474236977534,37.6431158761561],[127.02526826653407,37.64361914716118],[127.02533239767216,37.64361886394302]]]},"properties":{"projectName":"수유동 141","projectType":"모아타운","programTags":["moa_town"],"stageName":"대상지선정","districtCode":"11305","districtName":"강북구","regionName":"서울특별시 강북구","areaSquareMeters":73865.0,"noticeDate":"","bounds":[127.024742,37.641285,127.029784,37.644761],"sourceName":"서울특별시 도시계획사업 현황(서울플랜+) 공간정보 OA-22712","sourceUrl":"https://data.seoul.go.kr/dataList/OA-22712/F/1/datasetView.do","sourceLicense":"공공누리 제4유형(출처표시·상업적이용금지·변경금지)","sourceBaseDate":"2026-02"}},{"type":"Feature","id":"11000UQ120PS202503070056","geometry":{"type":"Polygon","coordinates":[[[127.021075942528,37.636702934349266],[127.02117089354722,37.63673841709719],[127.02112401416164,37.63683356814157],[127.02109447303854,37.63682344966023],[127.02093672537569,37.63712693401733],[127.020475019967,37.63695900017674],[127.02034190930009,37.63718651834616],[127.02022656331475,37.63714518181409],[127.02021309776579,37.63721185629453],[127.020097561041,37.637314405796694],[127.02005360668373,37.637333243141136],[127.02011995505067,37.63761370703134],[127.02012383697627,37.63773335624186],[127.02007107274751,37.63831872964685],[127.02009558047615,37.638915893634426],[127.01991456794704,37.640453439701986],[127.01994981297995,37.64048722084541],[127.02094121808992,37.640559140003845],[127.02101891085414,37.640029130971485],[127.02167720710301,37.6400769937839],[127.02171912020574,37.64004689397764],[127.02196630897295,37.63785828724971],[127.0220027615717,37.6377521457715],[127.02224817644642,37.63739198217208],[127.02234830630678,37.63649296900218],[127.02222515034099,37.63647839483681],[127.02222639111334,37.6364586632061],[127.02188808393771,37.63643025118971],[127.02160609644226,37.636445526051546],[127.0216017881955,37.63643426456273],[127.02140833912611,37.6364857611764],[127.02136443868807,37.63653386276014],[127.021075942528,37.636702934349266]]]},"properties":{"projectName":"수유동 31-10","projectType":"모아타운","programTags":["moa_town"],"stageName":"대상지선정","districtCode":"11305","districtName":"강북구","regionName":"서울특별시 강북구","areaSquareMeters":65961.0,"noticeDate":"","bounds":[127.019915,37.63643,127.022348,37.640559],"sourceName":"서울특별시 도시계획사업 현황(서울플랜+) 공간정보 OA-22712","sourceUrl":"https://data.seoul.go.kr/dataList/OA-22712/F/1/datasetView.do","sourceLicense":"공공누리 제4유형(출처표시·상업적이용금지·변경금지)","sourceBaseDate":"2026-02"}},{"type":"Feature","id":"11000UQ120PS202503070057","geometry":{"type":"Polygon","coordinates":[[[127.01839628420717,37.636523602960565],[127.01834379613484,37.6365308444061],[127.01794040811698,37.63685466937935],[127.01738246535746,37.63721397271013],[127.01732501740096,37.63727854898183],[127.01721159258102,37.6388770045546],[127.01711328345762,37.639984435829724],[127.01780576035432,37.63999420798822],[127.01877343390669,37.64009041285849],[127.01987569772483,37.63996079142798],[127.01991228592412,37.63992889203765],[127.02002965978882,37.638911409918265],[127.0200047968037,37.63819063726638],[127.02006415891302,37.637669778242405],[127.01988945797055,37.6369228356425],[127.01984879103158,37.63690229877384],[127.01979561203626,37.636910794232065],[127.01953419065212,37.63688639631206],[127.0186899568863,37.63675492446997],[127.01839628420717,37.636523602960565]]]},"properties":{"projectName":"수유동 392-9","projectType":"모아타운","programTags":["moa_town"],"stageName":"대상지선정","districtCode":"11305","districtName":"강북구","regionName":"서울특별시 강북구","areaSquareMeters":86363.0,"noticeDate":"","bounds":[127.017113,37.636524,127.020064,37.64009],"sourceName":"서울특별시 도시계획사업 현황(서울플랜+) 공간정보 OA-22712","sourceUrl":"https://data.seoul.go.kr/dataList/OA-22712/F/1/datasetView.do","sourceLicense":"공공누리 제4유형(출처표시·상업적이용금지·변경금지)","sourceBaseDate":"2026-02"}},{"type":"Feature","id":"11000UQ120PS202503070058","geometry":{"type":"Polygon","coordinates":[[[127.01951589307717,37.63430116915773],[127.02076698647849,37.63438715929054],[127.02105423487156,37.634157092378935],[127.0210573926745,37.63410222228842],[127.0206071085734,37.633779591736534],[127.02134465497612,37.63307902352615],[127.02139155134688,37.633057572354915],[127.02188968431015,37.631800352278425],[127.02186418466255,37.63176431753808],[127.0179140657282,37.630774126306775],[127.01790954427679,37.63081971645398],[127.01831346929322,37.63158188753819],[127.01947113512531,37.63370416983687],[127.01951068709053,37.6338067762186],[127.01952861589719,37.63392614408094],[127.01951589307717,37.63430116915773]]]},"properties":{"projectName":"수유동 52-1","projectType":"모아타운","programTags":["moa_town"],"stageName":"위원회심의","districtCode":"11305","districtName":"강북구","regionName":"서울특별시 강북구","areaSquareMeters":72754.0,"noticeDate":"","bounds":[127.01791,37.630774,127.02189,37.634387],"sourceName":"서울특별시 도시계획사업 현황(서울플랜+) 공간정보 OA-22712","sourceUrl":"https://data.seoul.go.kr/dataList/OA-22712/F/1/datasetView.do","sourceLicense":"공공누리 제4유형(출처표시·상업적이용금지·변경금지)","sourceBaseDate":"2026-02"}},{"type":"Feature","id":"11000UQ120PS202503070059","geometry":{"type":"Polygon","coordinates":[[[127.01716238836666,37.57617580864001],[127.0171895724968,37.57616200011134],[127.01729927764163,37.57615899692445],[127.01734686163287,37.576126518981276],[127.01731844423725,37.57605749816935],[127.01726760789246,37.576073641639994],[127.01723214844048,37.576000387106625],[127.0173501566691,37.57596990896816],[127.01732514977564,37.575915195373504],[127.01732452617767,37.575803437018095],[127.01728060240947,37.57579910013254],[127.01728128132149,37.57574393260143],[127.0171551592288,37.57573211040234],[127.01714350826143,37.575720786536884],[127.01714238150902,37.575637679634035],[127.01711700080742,37.575634835870765],[127.01710078903065,37.575575174643745],[127.01696796579772,37.57556410995777],[127.01693623648401,37.575516235648855],[127.01678390890102,37.57556239499456],[127.01670429201093,37.57555592716463],[127.0166378692767,37.575523193816856],[127.01665270444312,37.575494918939434],[127.01626711165356,37.575257548609756],[127.01620498194768,37.575236031770885],[127.01619283876178,37.57548428227577],[127.01615486551228,37.57563202185073],[127.01604361779125,37.57561575475244],[127.01603154083864,37.57568337532142],[127.01592740140377,37.57566288161015],[127.0158507917892,37.57587238845733],[127.01575446279465,37.57584992949392],[127.01561685374797,37.576635291355394],[127.01630538829036,37.57670358302708],[127.01671294990142,37.576715532423826],[127.01674620512198,37.57675003593972],[127.01689150473368,37.576812032041175],[127.01690088639461,37.576797380771445],[127.01701536639267,37.576832936764724],[127.0171653822669,37.57681805069354],[127.01712319883231,37.57669354888943],[127.01700146080971,37.57648537385584],[127.01709897788517,37.57649939840422],[127.01717553463362,37.576467366297415],[127.01717907129827,37.57639787360169],[127.0171323016496,37.576357555221584],[127.0171953136219,37.57633209038414],[127.0172645158303,37.576281094319164],[127.01726780517377,37.57625786643481],[127.01723453541513,37.5762081544037],[127.01717614639199,37.576215415107484],[127.01716238836666,37.57617580864001]]]},"properties":{"projectName":"숭인동 61","projectType":"모아타운","programTags":["moa_town"],"stageName":"수립범위 자문","districtCode":"11110","districtName":"종로구","regionName":"서울특별시 종로구","areaSquareMeters":17334.0,"noticeDate":"","bounds":[127.015617,37.575236,127.01735,37.576833],"sourceName":"서울특별시 도시계획사업 현황(서울플랜+) 공간정보 OA-22712","sourceUrl":"https://data.seoul.go.kr/dataList/OA-22712/F/1/datasetView.do","sourceLicense":"공공누리 제4유형(출처표시·상업적이용금지·변경금지)","sourceBaseDate":"2026-02"}},{"type":"Feature","id":"11000UQ120PS202503070060","geometry":{"type":"Polygon","coordinates":[[[126.90447441043679,37.4615517157864],[126.90479239883126,37.45994647666535],[126.9042670175504,37.45987901078441],[126.90423383455887,37.45984249279034],[126.90432131464767,37.45938509679773],[126.90262120609755,37.457653064416654],[126.90247056336976,37.457638341990084],[126.90214765954882,37.45784490111922],[126.90196915915993,37.458510724104435],[126.90177773162986,37.459445821790666],[126.90157840323509,37.46077237893856],[126.90192893861358,37.461171977447684],[126.90243361213614,37.461144930908034],[126.90247595905223,37.46117478964696],[126.9024885613675,37.46135263773989],[126.90317714680528,37.46138666068942],[126.90393017380266,37.46148159930049],[126.90392806351741,37.46150073759254],[126.90395546017251,37.46148485748552],[126.90447441043679,37.4615517157864]]]},"properties":{"projectName":"시흥1동 864","projectType":"모아타운","programTags":["moa_town"],"stageName":"관리지역고시","districtCode":"11545","districtName":"금천구","regionName":"서울특별시 금천구","areaSquareMeters":81648.0,"noticeDate":"","bounds":[126.901578,37.457638,126.904792,37.461552],"sourceName":"서울특별시 도시계획사업 현황(서울플랜+) 공간정보 OA-22712","sourceUrl":"https://data.seoul.go.kr/dataList/OA-22712/F/1/datasetView.do","sourceLicense":"공공누리 제4유형(출처표시·상업적이용금지·변경금지)","sourceBaseDate":"2026-02"}},{"type":"Feature","id":"11000UQ120PS202503070061","geometry":{"type":"Polygon","coordinates":[[[126.90743475540125,37.443506235234445],[126.90799802934771,37.443019796875944],[126.90794851281119,37.44261850223963],[126.90792197167136,37.44251621690513],[126.90795107720297,37.44249204790219],[126.90774573283876,37.44179685715593],[126.90768216651075,37.44185829145535],[126.90588052389525,37.44185684755621],[126.90450996623683,37.44183149365578],[126.90448169599416,37.441855716559736],[126.90437976912075,37.441855623834996],[126.9047314601497,37.44480544917748],[126.90414648807133,37.44484821708466],[126.90413294170166,37.44544755566358],[126.9041001933844,37.445771067589135],[126.90403991749245,37.44614233537176],[126.90470201706863,37.446279425283116],[126.90492060294778,37.44561876255005],[126.90479275333075,37.444560425471934],[126.90494588274746,37.444545864262615],[126.90494795018246,37.44456388609005],[126.90551844955053,37.44452533719234],[126.90573764345503,37.44426989032355],[126.90611847866978,37.444369408171326],[126.9062794723443,37.44457794089924],[126.9065439823945,37.44460572453143],[126.90647800713985,37.44530485283481],[126.90705599997868,37.44533216614712],[126.90710004093056,37.44535724932316],[126.90708657121598,37.445284797615116],[126.9073563919658,37.44432327809764],[126.90782416891665,37.44382998805519],[126.90743475540125,37.443506235234445]]]},"properties":{"projectName":"시흥3동 1005","projectType":"모아타운","programTags":["moa_town"],"stageName":"관리지역고시","districtCode":"11545","districtName":"금천구","regionName":"서울특별시 금천구","areaSquareMeters":86705.0,"noticeDate":"","bounds":[126.90404,37.441797,126.907998,37.446279],"sourceName":"서울특별시 도시계획사업 현황(서울플랜+) 공간정보 OA-22712","sourceUrl":"https://data.seoul.go.kr/dataList/OA-22712/F/1/datasetView.do","sourceLicense":"공공누리 제4유형(출처표시·상업적이용금지·변경금지)","sourceBaseDate":"2026-02"}},{"type":"Feature","id":"11000UQ120PS202503070062","geometry":{"type":"Polygon","coordinates":[[[126.90778614259474,37.44176920124877],[126.90728862086472,37.44018382541102],[126.90729898741628,37.440145919273796],[126.90738251831375,37.44013319151381],[126.90757223842746,37.440046305105945],[126.9075760975742,37.439824615241065],[126.9075618541263,37.43971166260912],[126.9074128440279,37.43954002825499],[126.90726290897544,37.439484776138585],[126.90612045978844,37.439279132719754],[126.90589444539131,37.43929924620899],[126.90548854382085,37.43907694850631],[126.90543420836742,37.43906438034647],[126.90418689886748,37.43910273397953],[126.90349873975043,37.43915190099995],[126.90381285926141,37.44181238579832],[126.9043563863254,37.441818510145936],[126.90437974083554,37.44185565084197],[126.90448166770904,37.44185574356675],[126.90450993795169,37.44183152066279],[126.9058804956106,37.441856874563555],[126.90768213822676,37.44185831846312],[126.90778614259474,37.44176920124877]]]},"properties":{"projectName":"시흥3동 950","projectType":"모아타운","programTags":["moa_town"],"stageName":"관리지역고시","districtCode":"11545","districtName":"금천구","regionName":"서울특별시 금천구","areaSquareMeters":99715.0,"noticeDate":"","bounds":[126.903499,37.439064,126.907786,37.441858],"sourceName":"서울특별시 도시계획사업 현황(서울플랜+) 공간정보 OA-22712","sourceUrl":"https://data.seoul.go.kr/dataList/OA-22712/F/1/datasetView.do","sourceLicense":"공공누리 제4유형(출처표시·상업적이용금지·변경금지)","sourceBaseDate":"2026-02"}},{"type":"Feature","id":"11000UQ120PS202505310765","geometry":{"type":"Polygon","coordinates":[[[126.90508800098772,37.43612671328173],[126.90530486822212,37.43618262364971],[126.90635367247944,37.43546293628469],[126.90661576303542,37.43532331048364],[126.90665751725112,37.43510529997122],[126.90702940565886,37.435158216690134],[126.90714309699577,37.434690413837494],[126.90714463951855,37.43454174867268],[126.90694588804824,37.43413548638782],[126.90630708650595,37.433972811015025],[126.90635220350423,37.43394572698543],[126.90613715896194,37.43396627687499],[126.90610537288033,37.43399472309521],[126.90582515767882,37.43399611841901],[126.90558299210784,37.43401925826831],[126.90554701714034,37.43405400799837],[126.90556919069319,37.43429792900302],[126.90531333161438,37.434778679379534],[126.90536578080098,37.43476178309258],[126.90570821999988,37.43487775060223],[126.90572940893985,37.43491957456326],[126.90508800098772,37.43612671328173]]]},"properties":{"projectName":"시흥3동 972","projectType":"모아타운","programTags":["moa_town"],"stageName":"수립범위 자문","districtCode":"11545","districtName":"금천구","regionName":"서울특별시 금천구","areaSquareMeters":24030.3,"noticeDate":"","bounds":[126.905088,37.433946,126.907145,37.436183],"sourceName":"서울특별시 도시계획사업 현황(서울플랜+) 공간정보 OA-22712","sourceUrl":"https://data.seoul.go.kr/dataList/OA-22712/F/1/datasetView.do","sourceLicense":"공공누리 제4유형(출처표시·상업적이용금지·변경금지)","sourceBaseDate":"2026-02"}},{"type":"Feature","id":"11000UQ120PS202503070063","geometry":{"type":"Polygon","coordinates":[[[126.90875511589289,37.45538571195884],[126.90835049367614,37.455344506082916],[126.90834982504383,37.45535507434787],[126.90599698986576,37.45505343180211],[126.90576961552016,37.45619626395538],[126.90795013806596,37.456478583293354],[126.90796879953967,37.456468416707665],[126.90799569575222,37.45638390929681],[126.90837579226921,37.45586048757799],[126.908406925951,37.45583630209889],[126.90867435722633,37.45579195776778],[126.90871977014592,37.45575483597667],[126.90877871952273,37.455418482023504],[126.90875511589289,37.45538571195884]]]},"properties":{"projectName":"시흥4동 817","projectType":"모아타운","programTags":["moa_town"],"stageName":"관리지역고시","districtCode":"11545","districtName":"금천구","regionName":"서울특별시 금천구","areaSquareMeters":30430.0,"noticeDate":"","bounds":[126.90577,37.455053,126.908779,37.456479],"sourceName":"서울특별시 도시계획사업 현황(서울플랜+) 공간정보 OA-22712","sourceUrl":"https://data.seoul.go.kr/dataList/OA-22712/F/1/datasetView.do","sourceLicense":"공공누리 제4유형(출처표시·상업적이용금지·변경금지)","sourceBaseDate":"2026-02"}},{"type":"Feature","id":"11000UQ120PS202503070064","geometry":{"type":"Polygon","coordinates":[[[126.90793098820482,37.44726434114028],[126.90678687396715,37.44738777765822],[126.90689520787376,37.44689177924169],[126.90629084412367,37.446734942224765],[126.90603882143493,37.44645237245805],[126.90587631518284,37.44640855126961],[126.9057259938063,37.44646032752725],[126.9056143653094,37.44686696040052],[126.90543918277595,37.44735033428174],[126.90542437105462,37.44734735793],[126.90543320529676,37.44736744854625],[126.9053696582904,37.44752783909651],[126.90493675380952,37.44757061734885],[126.90428184845709,37.44756322376204],[126.90413829160134,37.447677082896334],[126.90381396973969,37.44855089054628],[126.90388882734051,37.448603841468746],[126.9044043261618,37.448736533848034],[126.90467927284269,37.44883298689358],[126.90496331966261,37.44897098312025],[126.90524594719292,37.44915907345145],[126.90545402612672,37.44934384089545],[126.90566895063577,37.44960262216484],[126.90579660486128,37.44981941758674],[126.9059102517521,37.450120625803464],[126.90797437507045,37.4501859298605],[126.90797864840522,37.450102188330995],[126.90785255924891,37.448987183440906],[126.90745946529444,37.4485668221569],[126.90744991485307,37.44852248504559],[126.90793098820482,37.44726434114028]]]},"properties":{"projectName":"시흥5동 922-61","projectType":"모아타운","programTags":["moa_town"],"stageName":"관리지역고시","districtCode":"11545","districtName":"금천구","regionName":"서울특별시 금천구","areaSquareMeters":89944.0,"noticeDate":"","bounds":[126.903814,37.446409,126.907979,37.450186],"sourceName":"서울특별시 도시계획사업 현황(서울플랜+) 공간정보 OA-22712","sourceUrl":"https://data.seoul.go.kr/dataList/OA-22712/F/1/datasetView.do","sourceLicense":"공공누리 제4유형(출처표시·상업적이용금지·변경금지)","sourceBaseDate":"2026-02"}},{"type":"Feature","id":"11000UQ120PS202503070065","geometry":{"type":"Polygon","coordinates":[[[127.09964536440424,37.60046400891896],[127.09961149081704,37.60042696162448],[127.09720803923956,37.59991296860424],[127.09714606182975,37.60014199467265],[127.09709867621362,37.60098716411496],[127.09712738676109,37.60102558580391],[127.0996740516796,37.60200963020151],[127.09972237451953,37.60198538059941],[127.09964536440424,37.60046400891896]]]},"properties":{"projectName":"신내동 493-13","projectType":"모아타운","programTags":["moa_town"],"stageName":"수립범위 자문","districtCode":"11260","districtName":"중랑구","regionName":"서울특별시 중랑구","areaSquareMeters":33876.0,"noticeDate":"","bounds":[127.097099,37.599913,127.099722,37.60201],"sourceName":"서울특별시 도시계획사업 현황(서울플랜+) 공간정보 OA-22712","sourceUrl":"https://data.seoul.go.kr/dataList/OA-22712/F/1/datasetView.do","sourceLicense":"공공누리 제4유형(출처표시·상업적이용금지·변경금지)","sourceBaseDate":"2026-02"}},{"type":"Feature","id":"11000UQ120PS202503070068","geometry":{"type":"Polygon","coordinates":[[[126.92168316294565,37.467911767570385],[126.9218448383416,37.467672579168116],[126.92187926827158,37.467567932799376],[126.92154404682533,37.466869293525704],[126.92148672637497,37.46684667557232],[126.92067734134038,37.46709299066215],[126.92066081483419,37.467124658641296],[126.92070967459702,37.46726775340339],[126.92069382647233,37.46726776058592],[126.92071122401397,37.46733004984697],[126.92062876198432,37.46770754993938],[126.9204952740126,37.46803136923442],[126.9203177301741,37.468294917012464],[126.92125028115503,37.468625042000724],[126.92123364591365,37.46853630890221],[126.92141123908367,37.46837131604554],[126.92152281839476,37.46809978865846],[126.92168316294565,37.467911767570385]]]},"properties":{"projectName":"신림동 655-78","projectType":"모아타운","programTags":["moa_town"],"stageName":"관리지역고시","districtCode":"11620","districtName":"관악구","regionName":"서울특별시 관악구","areaSquareMeters":16137.0,"noticeDate":"","bounds":[126.920318,37.466847,126.921879,37.468625],"sourceName":"서울특별시 도시계획사업 현황(서울플랜+) 공간정보 OA-22712","sourceUrl":"https://data.seoul.go.kr/dataList/OA-22712/F/1/datasetView.do","sourceLicense":"공공누리 제4유형(출처표시·상업적이용금지·변경금지)","sourceBaseDate":"2026-02"}},{"type":"Feature","id":"11000UQ120PS202503070069","geometry":{"type":"Polygon","coordinates":[[[126.83172966131796,37.5346048838437],[126.83407083190353,37.53551577612401],[126.83408951857773,37.53555823935199],[126.83451239168991,37.534871471053904],[126.83397122436554,37.53465775321603],[126.83481110790913,37.53328515521467],[126.8347926478649,37.533242602305215],[126.8332363140356,37.532637090337396],[126.83318276741328,37.532651520011825],[126.83259448721624,37.53358843317573],[126.83252052335195,37.53362562845332],[126.832418559889,37.533586559630436],[126.83232659058515,37.533580841760816],[126.83118884309886,37.53314150420527],[126.83113507067799,37.533155392028085],[126.8297500781436,37.5352054861639],[126.82978405104465,37.53524157525913],[126.83137975363445,37.534964216804624],[126.83148338746638,37.5349159827666],[126.83157066665164,37.534845290395275],[126.83172966131796,37.5346048838437]]]},"properties":{"projectName":"신월동 102-33","projectType":"모아타운","programTags":["moa_town"],"stageName":"관리지역고시","districtCode":"11470","districtName":"양천구","regionName":"서울특별시 양천구","areaSquareMeters":74094.0,"noticeDate":"","bounds":[126.82975,37.532637,126.834811,37.535558],"sourceName":"서울특별시 도시계획사업 현황(서울플랜+) 공간정보 OA-22712","sourceUrl":"https://data.seoul.go.kr/dataList/OA-22712/F/1/datasetView.do","sourceLicense":"공공누리 제4유형(출처표시·상업적이용금지·변경금지)","sourceBaseDate":"2026-02"}},{"type":"Feature","id":"11000UQ120PS202503070070","geometry":{"type":"Polygon","coordinates":[[[126.82886570284361,37.532310060165855],[126.82915378360774,37.532050820252444],[126.82901236371961,37.53195348586115],[126.82889505556734,37.531996199914694],[126.82844613886161,37.532016700939096],[126.82818357962954,37.531835403760624],[126.82807551983883,37.531793708454],[126.82799646417105,37.53178214882281],[126.82783848504998,37.531800114865696],[126.82744882944694,37.531951892783454],[126.82726751649034,37.531981535673175],[126.8271290650529,37.53196997701396],[126.8264331409121,37.53183703485682],[126.82640313577753,37.531798878379824],[126.8266263260992,37.53099346024367],[126.82664116171144,37.53098708516189],[126.8254024044011,37.530769172877854],[126.82463176086188,37.53356880102543],[126.8258261601907,37.533778674365806],[126.82608260187446,37.53286156049907],[126.82639282834626,37.53290779493469],[126.82646813974436,37.53263581042596],[126.82715278967493,37.53349028027861],[126.82738972708947,37.5333704059144],[126.82744740408147,37.53338067305326],[126.8283003485169,37.534449064340805],[126.82823987606646,37.53453853787519],[126.82879739641606,37.534778297704754],[126.82895826961467,37.53454004470255],[126.8287078027991,37.534432367589496],[126.82878852219031,37.53431346728304],[126.82854088103535,37.53420696523557],[126.82889486804994,37.5336828442791],[126.82894012137479,37.53368390150532],[126.8289187910866,37.533644674459076],[126.82895675765766,37.533584097648664],[126.82860940869918,37.53315336479959],[126.82868418657624,37.53310725423584],[126.828670303435,37.53309299823604],[126.82886416095008,37.532973092984726],[126.8288685220807,37.532946249781034],[126.82873839035476,37.53281090968818],[126.82877658861469,37.53278024261656],[126.82875264728102,37.53276119665318],[126.82877277307593,37.53257246993808],[126.8288121880484,37.53250522433152],[126.82895696868891,37.532373804531666],[126.82886570284361,37.532310060165855]]]},"properties":{"projectName":"신월동 173","projectType":"모아타운","programTags":["moa_town"],"stageName":"관리지역고시","districtCode":"11470","districtName":"양천구","regionName":"서울특별시 양천구","areaSquareMeters":80031.0,"noticeDate":"","bounds":[126.824632,37.530769,126.829154,37.534778],"sourceName":"서울특별시 도시계획사업 현황(서울플랜+) 공간정보 OA-22712","sourceUrl":"https://data.seoul.go.kr/dataList/OA-22712/F/1/datasetView.do","sourceLicense":"공공누리 제4유형(출처표시·상업적이용금지·변경금지)","sourceBaseDate":"2026-02"}},{"type":"Feature","id":"11000UQ120PS202503070071","geometry":{"type":"Polygon","coordinates":[[[127.0245346674503,37.65093100006141],[127.02442523833253,37.65065469305468],[127.02371183635653,37.649963507189845],[127.02365969257323,37.649893330979786],[127.02360325462408,37.64986658257847],[127.02356187227625,37.649783880746945],[127.02348910566506,37.649714698482505],[127.02344809032247,37.649734887968556],[127.02332551467569,37.64984671906858],[127.02329957939271,37.64989456476748],[127.02311604139341,37.6500133434961],[127.02311038438222,37.65004758160703],[127.02305781747201,37.650087863925926],[127.02285153322713,37.64989554219302],[127.02279782004553,37.64988996494162],[127.0224963507277,37.65008335028531],[127.02237407613495,37.64996189611316],[127.02249672841448,37.64983073105146],[127.02258691072291,37.64977116229117],[127.0228781577648,37.649451990628975],[127.02298533853036,37.64939935599548],[127.02311757163277,37.6493849180539],[127.02309592353882,37.64936383918146],[127.02285570489198,37.64939027785117],[127.02275850019278,37.64946246174571],[127.02252255655601,37.649501234226186],[127.02245428036035,37.64943884387788],[127.02246738998862,37.64939123489247],[127.02221710641194,37.64954021486044],[127.02180442570052,37.64972862109235],[127.02267751020345,37.650587578680685],[127.02245768725042,37.65090649386959],[127.02256093797845,37.65098125737192],[127.02251518876353,37.65109523712293],[127.0223956891079,37.65128680211352],[127.02234097172258,37.65134483370191],[127.02233724131348,37.651377359574646],[127.02229045863004,37.65144457878717],[127.02199454296776,37.65171491773483],[127.02182019912945,37.65191838360119],[127.02179325486681,37.65202082823344],[127.0217712369439,37.65233355785398],[127.0217451982869,37.652433299386644],[127.02166715803605,37.65256551554664],[127.0215822265431,37.65280731664258],[127.02149603338147,37.652981937565045],[127.02153173447921,37.652992904492294],[127.02149140014755,37.65305549396602],[127.0215249719165,37.65315068441745],[127.02161249601421,37.65360019308167],[127.02163509660942,37.65397343077839],[127.02162124717603,37.654329405674645],[127.02183493418457,37.65418242365186],[127.02205386606617,37.65416319768665],[127.02216130524252,37.654206967226685],[127.02243071538209,37.654381981934435],[127.02327436421037,37.65427237264255],[127.02358418341883,37.654267183155724],[127.02379583008124,37.65413191153809],[127.02414882789826,37.65334287127695],[127.02417613039982,37.653313404149344],[127.02336342363746,37.651937487065105],[127.02357690142314,37.65169257935445],[127.02364863950231,37.651634105230215],[127.02371450587778,37.65173743473876],[127.0237961989607,37.65170570590937],[127.02378405929878,37.65165300203975],[127.02390797177743,37.6514494509434],[127.02430291660387,37.651175036417186],[127.0244206500045,37.651167266135865],[127.02446097590706,37.651114371940864],[127.02449607819914,37.65110684466784],[127.0245346674503,37.65093100006141]]]},"properties":{"projectName":"쌍문1동 460","projectType":"모아타운","programTags":["moa_town"],"stageName":"관리지역고시","districtCode":"11320","districtName":"도봉구","regionName":"서울특별시 도봉구","areaSquareMeters":81141.0,"noticeDate":"","bounds":[127.021491,37.649364,127.024535,37.654382],"sourceName":"서울특별시 도시계획사업 현황(서울플랜+) 공간정보 OA-22712","sourceUrl":"https://data.seoul.go.kr/dataList/OA-22712/F/1/datasetView.do","sourceLicense":"공공누리 제4유형(출처표시·상업적이용금지·변경금지)","sourceBaseDate":"2026-02"}},{"type":"Feature","id":"11000UQ120PS202503070072","geometry":{"type":"Polygon","coordinates":[[[127.01543241110258,37.65403807010619],[127.01460485929043,37.653886093705246],[127.01451507901798,37.65441257488235],[127.01438237459699,37.6555074361309],[127.01464351418008,37.657542501956975],[127.01503323256395,37.65746578503247],[127.01513397735434,37.657381076437886],[127.01538062083526,37.65676418645274],[127.01556603742033,37.65618905165839],[127.01594878791647,37.65446344849789],[127.0159187567848,37.654460028461614],[127.01591602944414,37.6544206561868],[127.01582366909432,37.654407423087285],[127.0157163292255,37.65428391237653],[127.01572471167489,37.65426607206209],[127.01539085689168,37.654225838199146],[127.01543241110258,37.65403807010619]]]},"properties":{"projectName":"쌍문동 494-22","projectType":"모아타운","programTags":["moa_town"],"stageName":"관리지역고시","districtCode":"11320","districtName":"도봉구","regionName":"서울특별시 도봉구","areaSquareMeters":31303.0,"noticeDate":"","bounds":[127.014382,37.653886,127.015949,37.657543],"sourceName":"서울특별시 도시계획사업 현황(서울플랜+) 공간정보 OA-22712","sourceUrl":"https://data.seoul.go.kr/dataList/OA-22712/F/1/datasetView.do","sourceLicense":"공공누리 제4유형(출처표시·상업적이용금지·변경금지)","sourceBaseDate":"2026-02"}},{"type":"Feature","id":"11000UQ120PS202503070073","geometry":{"type":"Polygon","coordinates":[[[127.01864688195431,37.65714333452624],[127.01902589974841,37.656671771849744],[127.01927549585781,37.656416308230966],[127.0195994715008,37.65632571107282],[127.01963467163198,37.65614433946188],[127.01916489104656,37.655941060653234],[127.01882341444198,37.655815875734035],[127.01869180812785,37.65565750359202],[127.01900201818148,37.65535031571354],[127.01885705436374,37.65525321201348],[127.01886054441786,37.65515437455602],[127.01893690111208,37.65505417490031],[127.01887899537843,37.65506508523052],[127.01813123435582,37.654827515694016],[127.01792870743193,37.654743122681595],[127.0179217636674,37.6547564580764],[127.01769694236768,37.6546526968004],[127.01743662278042,37.6545727256278],[127.01718218284532,37.654427612606916],[127.01700064237093,37.65443790768103],[127.0166723213757,37.654311273215654],[127.01624257868973,37.654187083165446],[127.01620689320748,37.654242857967695],[127.01608582478788,37.6546166875051],[127.01573358168687,37.65621190644103],[127.01554160780546,37.65680927562702],[127.01533409086348,37.6573300634238],[127.01543870294856,37.6573909570089],[127.0161143312311,37.65725203519092],[127.01650518513534,37.6572016217174],[127.01684176800153,37.65721419213194],[127.01687269905229,37.657179500589855],[127.01691768861933,37.65717408887952],[127.01719941997774,37.657180268499914],[127.01725616886625,37.657209785881534],[127.01739774982234,37.65721871359061],[127.01848715416413,37.65723970422221],[127.01864688195431,37.65714333452624]]]},"properties":{"projectName":"쌍문동 524-87","projectType":"모아타운","programTags":["moa_town"],"stageName":"관리지역고시","districtCode":"11320","districtName":"도봉구","regionName":"서울특별시 도봉구","areaSquareMeters":82630.0,"noticeDate":"","bounds":[127.015334,37.654187,127.019635,37.657391],"sourceName":"서울특별시 도시계획사업 현황(서울플랜+) 공간정보 OA-22712","sourceUrl":"https://data.seoul.go.kr/dataList/OA-22712/F/1/datasetView.do","sourceLicense":"공공누리 제4유형(출처표시·상업적이용금지·변경금지)","sourceBaseDate":"2026-02"}},{"type":"Feature","id":"11000UQ120PS202503070074","geometry":{"type":"Polygon","coordinates":[[[127.04631074842897,37.470678791132435],[127.04598073436168,37.47004352827217],[127.04508638663287,37.4690458469863],[127.04313136184435,37.470761237565405],[127.04363782605543,37.471108651632655],[127.0439244827206,37.47126298104405],[127.04641370500627,37.47214576529789],[127.04662482247207,37.4722443447224],[127.04682883164698,37.47237214421746],[127.0479303527444,37.47143536913856],[127.04800436398149,37.471355454408545],[127.04774003479963,37.471150906955685],[127.0475157102897,37.47108107664681],[127.04734363481631,37.47104699548518],[127.04636991500104,37.47075292125302],[127.04631074842897,37.470678791132435]]]},"properties":{"projectName":"양재동 374","projectType":"모아타운","programTags":["moa_town"],"stageName":"대상지선정","districtCode":"11650","districtName":"서초구","regionName":"서울특별시 서초구","areaSquareMeters":61289.0,"noticeDate":"","bounds":[127.043131,37.469046,127.048004,37.472372],"sourceName":"서울특별시 도시계획사업 현황(서울플랜+) 공간정보 OA-22712","sourceUrl":"https://data.seoul.go.kr/dataList/OA-22712/F/1/datasetView.do","sourceLicense":"공공누리 제4유형(출처표시·상업적이용금지·변경금지)","sourceBaseDate":"2026-02"}},{"type":"Feature","id":"11000UQ120PS202503070075","geometry":{"type":"Polygon","coordinates":[[[127.0490512591491,37.470457064832345],[127.0448715110465,37.46742967875245],[127.04395997555584,37.468229799064815],[127.0451021524498,37.469057256886245],[127.04598073436168,37.47004352827217],[127.04631074842897,37.470678791132435],[127.04636991500104,37.47075292125302],[127.04734363481631,37.47104699548518],[127.0475157102897,37.47108107664681],[127.04774003479963,37.471150906955685],[127.04800436398149,37.471355454408545],[127.0490512591491,37.470457064832345]]]},"properties":{"projectName":"양재동 382","projectType":"모아타운","programTags":["moa_town"],"stageName":"대상지선정","districtCode":"11650","districtName":"서초구","regionName":"서울특별시 서초구","areaSquareMeters":68804.0,"noticeDate":"","bounds":[127.04396,37.46743,127.049051,37.471355],"sourceName":"서울특별시 도시계획사업 현황(서울플랜+) 공간정보 OA-22712","sourceUrl":"https://data.seoul.go.kr/dataList/OA-22712/F/1/datasetView.do","sourceLicense":"공공누리 제4유형(출처표시·상업적이용금지·변경금지)","sourceBaseDate":"2026-02"}},{"type":"Feature","id":"11000UQ120PS202503070076","geometry":{"type":"Polygon","coordinates":[[[127.02698277126927,37.469208465642026],[127.02807981960632,37.4686651316446],[127.02792731722303,37.468464840296384],[127.0280529975747,37.46840417459831],[127.02790934055831,37.46821481941531],[127.0277337317673,37.46829603532864],[127.02752214366524,37.46836681086561],[127.02738452278271,37.468221869589705],[127.02575266143614,37.468209150992294],[127.02434079966511,37.469011325305324],[127.02428495467636,37.46900394784979],[127.02535063714078,37.47018414229251],[127.02535977957722,37.47013972098386],[127.02698277126927,37.469208465642026]]]},"properties":{"projectName":"우면동 2","projectType":"모아타운","programTags":["moa_town"],"stageName":"수립범위 자문","districtCode":"11650","districtName":"서초구","regionName":"서울특별시 서초구","areaSquareMeters":40708.3,"noticeDate":"","bounds":[127.024285,37.468209,127.02808,37.470184],"sourceName":"서울특별시 도시계획사업 현황(서울플랜+) 공간정보 OA-22712","sourceUrl":"https://data.seoul.go.kr/dataList/OA-22712/F/1/datasetView.do","sourceLicense":"공공누리 제4유형(출처표시·상업적이용금지·변경금지)","sourceBaseDate":"2026-02"}},{"type":"Feature","id":"11000UQ120PS202503070077","geometry":{"type":"Polygon","coordinates":[[[126.95184959748421,37.53393973683125],[126.95165069800316,37.53412592439876],[126.95162875879689,37.534178866515994],[126.95148715869601,37.5342880430563],[126.95136905250885,37.53440465358828],[126.95137834193861,37.53445448246548],[126.95170977202253,37.53456297616582],[126.95200359151218,37.534608275519645],[126.9520688661827,37.53463699049553],[126.9524722142514,37.534722599882826],[126.95249321028825,37.53470982350485],[126.95248778114716,37.53472461556148],[126.95255493085557,37.53474121268649],[126.95264535045216,37.5347108145832],[126.95273990040799,37.534783446703095],[126.9528038144462,37.53490432331526],[126.95299473486685,37.534790795663696],[126.9530858681535,37.53477631806857],[126.95323947694737,37.53471074359704],[126.95339443090175,37.534611427272324],[126.95343586416698,37.53446878986965],[126.95346912220631,37.534441827663365],[126.95340145361888,37.53433483418001],[126.95347140487765,37.53430504878665],[126.9534793540581,37.534276932016375],[126.95352485582094,37.5342485602133],[126.9535268750663,37.53422255836422],[126.9535753601866,37.534180204335904],[126.95358091788701,37.53412324578802],[126.95352575192878,37.53408605740526],[126.95342069307641,37.533938549071586],[126.953402308122,37.533744377491566],[126.95351066663824,37.533721157935176],[126.95364601287746,37.53377840793918],[126.95371035617153,37.53374176356766],[126.95392379908918,37.53369824168955],[126.9538698676181,37.53360593118017],[126.95392681447727,37.533599962534176],[126.95397203117051,37.533572392324736],[126.95393861490426,37.53349311846817],[126.9539549621118,37.53333499167788],[126.95386685586445,37.533307133482474],[126.95386274899595,37.53325366686811],[126.95382074062621,37.53325351476134],[126.95363645203383,37.533195208978384],[126.95274151042413,37.53309298544398],[126.95270758187546,37.53312505580812],[126.95271873018058,37.533188156994406],[126.95280093899815,37.53325438692971],[126.95272739823123,37.53341146281566],[126.9525860939047,37.533453570853695],[126.9523302762303,37.5335893704504],[126.95184959748421,37.53393973683125]]]},"properties":{"projectName":"원효로4가 71","projectType":"모아타운","programTags":["moa_town"],"stageName":"관리지역고시","districtCode":"11170","districtName":"용산구","regionName":"서울특별시 용산구","areaSquareMeters":26192.0,"noticeDate":"","bounds":[126.951369,37.533093,126.953972,37.534904],"sourceName":"서울특별시 도시계획사업 현황(서울플랜+) 공간정보 OA-22712","sourceUrl":"https://data.seoul.go.kr/dataList/OA-22712/F/1/datasetView.do","sourceLicense":"공공누리 제4유형(출처표시·상업적이용금지·변경금지)","sourceBaseDate":"2026-02"}},{"type":"Feature","id":"11000UQ120PS202503070078","geometry":{"type":"Polygon","coordinates":[[[127.05478100853746,37.62384015342292],[127.05479680241251,37.62378272866349],[127.05403230520022,37.62290154647989],[127.05402018177527,37.62290044096595],[127.05398226268927,37.622988510582275],[127.05400108005128,37.6230080805055],[127.05380008712035,37.6230106564244],[127.05342471858174,37.62270306544777],[127.05339500961144,37.62265829981449],[127.05320924844682,37.622490708979875],[127.05293800159608,37.6224399311254],[127.05280661003127,37.62239942618801],[127.05252547065537,37.62222624455733],[127.05247362758142,37.62222952850045],[127.05165666673642,37.62307618678244],[127.05166707643319,37.623143251292085],[127.05196402419236,37.623307103043736],[127.05258723063321,37.62340674464194],[127.05280701896294,37.6235520494281],[127.0528337475516,37.62368071572514],[127.05306639310126,37.624057692328826],[127.0531249507438,37.624261711582676],[127.05321349146777,37.62431611001574],[127.0534352432404,37.6248716917858],[127.05372002095132,37.62503062507297],[127.0541224332381,37.62489179465184],[127.05514758360833,37.625064213168066],[127.05539774187255,37.62518339790587],[127.055666375171,37.625050704838216],[127.05597700395754,37.62475324768764],[127.05558443207521,37.62441230834293],[127.0551697913323,37.62422035468021],[127.05478100853746,37.62384015342292]]]},"properties":{"projectName":"월계동 534","projectType":"모아타운","programTags":["moa_town"],"stageName":"관리지역고시","districtCode":"11350","districtName":"노원구","regionName":"서울특별시 노원구","areaSquareMeters":51621.0,"noticeDate":"","bounds":[127.051657,37.622226,127.055977,37.625183],"sourceName":"서울특별시 도시계획사업 현황(서울플랜+) 공간정보 OA-22712","sourceUrl":"https://data.seoul.go.kr/dataList/OA-22712/F/1/datasetView.do","sourceLicense":"공공누리 제4유형(출처표시·상업적이용금지·변경금지)","sourceBaseDate":"2026-02"}},{"type":"Feature","id":"11000UQ120PS202503070079","geometry":{"type":"Polygon","coordinates":[[[126.94153582019078,37.488734364067184],[126.94056578369953,37.48815540737807],[126.94012627304541,37.48777380436175],[126.94005159584383,37.487697838226154],[126.93952717523402,37.487028859668015],[126.93949418387427,37.487053538781225],[126.93951532654033,37.48721926190502],[126.93942318016525,37.48725396510798],[126.93806722807047,37.487348039013334],[126.93798043561375,37.48705456351935],[126.93796223023259,37.4869359009595],[126.93792812774484,37.48691025815404],[126.93669322217013,37.48700235412915],[126.93666370080632,37.4870404682742],[126.93690517846092,37.48737349324584],[126.93695554337774,37.48739547815938],[126.9370540966152,37.48739349570724],[126.93710391834807,37.48766630078327],[126.93720641445412,37.48778727087963],[126.93740289660333,37.48806520114842],[126.93740318294518,37.48808737492438],[126.93797154184506,37.48853074890677],[126.93821702359904,37.4884994898226],[126.93824143415404,37.4885951711161],[126.93873308223438,37.48853881452302],[126.93920019632267,37.48930894855299],[126.93913729415155,37.49009755181511],[126.94019712950696,37.48990994173745],[126.94029524368754,37.489964962636094],[126.94047254013775,37.49024642770147],[126.94075639428087,37.49050608907193],[126.94062236731804,37.490659208102144],[126.94075207850035,37.49094827965126],[126.94075458863678,37.490962399612236],[126.94066465546122,37.49098198611791],[126.94075086585508,37.491267144722485],[126.94114538510819,37.491184373880444],[126.94117850211843,37.49130028642246],[126.94150250507847,37.49123433606493],[126.94187539406533,37.4908289829824],[126.94199346064023,37.490651527493384],[126.94212143060457,37.49040438450276],[126.94218501714927,37.490212314217345],[126.9421842123495,37.49010043662673],[126.94181917028358,37.48898547220173],[126.94162971481765,37.48877700198168],[126.94153582019078,37.488734364067184]]]},"properties":{"projectName":"은천동 635-540","projectType":"모아타운","programTags":["moa_town"],"stageName":"사전자문","districtCode":"11620","districtName":"관악구","regionName":"서울특별시 관악구","areaSquareMeters":65070.0,"noticeDate":"","bounds":[126.936664,37.48691,126.942185,37.4913],"sourceName":"서울특별시 도시계획사업 현황(서울플랜+) 공간정보 OA-22712","sourceUrl":"https://data.seoul.go.kr/dataList/OA-22712/F/1/datasetView.do","sourceLicense":"공공누리 제4유형(출처표시·상업적이용금지·변경금지)","sourceBaseDate":"2026-02"}},{"type":"Feature","id":"11000UQ120PS202503070080","geometry":{"type":"Polygon","coordinates":[[[126.9426563131343,37.487454732069345],[126.9425397723483,37.48745443969587],[126.94249664569867,37.487212427429014],[126.94242761222876,37.48713212278322],[126.94234390725421,37.487146181552625],[126.94197786279703,37.48709572183658],[126.94197417657057,37.48695346099226],[126.94192914143485,37.48681077384863],[126.94190282897475,37.486812472477276],[126.94188322193025,37.4866429122794],[126.94184170495556,37.48661222125565],[126.93955245398413,37.486786674950956],[126.93952637162619,37.48682457537658],[126.94015339311854,37.487614611660874],[126.94029801554973,37.48775982885215],[126.94073933877827,37.48813816153162],[126.94174134595191,37.488711844104515],[126.94195529311118,37.488962844701724],[126.9423328132075,37.490115629938224],[126.94230910063045,37.49028882632222],[126.94229005316433,37.49036778042513],[126.94220555485049,37.4905511636357],[126.94205232916555,37.49079178878282],[126.9415759860313,37.491334824049396],[126.94159464204827,37.49135080824159],[126.94242741739328,37.4911838398872],[126.94246858729983,37.491041259201765],[126.94251277131917,37.49078981217028],[126.94253855321357,37.49078874384266],[126.94297001968054,37.49053352491424],[126.9430114496607,37.49047615173105],[126.94336833947477,37.490295136791815],[126.94357484965353,37.49010089251605],[126.94354297233399,37.49008862327717],[126.94358767102447,37.49004386549333],[126.94366038767907,37.48978128660163],[126.94381407173076,37.48971448051143],[126.94395077546163,37.48956939605913],[126.94396058724513,37.48945533420886],[126.94393069241482,37.489261730725865],[126.94396731213979,37.48920858054135],[126.94348214230853,37.48906073235423],[126.94341811772087,37.488801933595724],[126.94331529098811,37.488713494854615],[126.94334172307356,37.48845627226348],[126.94252487342703,37.487909933068266],[126.94268235071,37.48787592673933],[126.94268107147359,37.48770487115771],[126.94264336914004,37.48769650911303],[126.9426563131343,37.487454732069345]]]},"properties":{"projectName":"은천동 938-5","projectType":"모아타운","programTags":["moa_town"],"stageName":"사전자문","districtCode":"11620","districtName":"관악구","regionName":"서울특별시 관악구","areaSquareMeters":74515.0,"noticeDate":"","bounds":[126.939526,37.486612,126.943967,37.491351],"sourceName":"서울특별시 도시계획사업 현황(서울플랜+) 공간정보 OA-22712","sourceUrl":"https://data.seoul.go.kr/dataList/OA-22712/F/1/datasetView.do","sourceLicense":"공공누리 제4유형(출처표시·상업적이용금지·변경금지)","sourceBaseDate":"2026-02"}},{"type":"Feature","id":"11000UQ120PS202503070081","geometry":{"type":"Polygon","coordinates":[[[127.03189464135383,37.55287156006234],[127.03172284615572,37.552549806316726],[127.03149408439072,37.5522293191552],[127.03131618369927,37.55219768534844],[127.03095415148823,37.55217398999599],[127.03070807983453,37.55208331771052],[127.03052526461286,37.551928125659146],[127.03039920616926,37.551660021702894],[127.03022073882948,37.551444458115846],[127.0300677665553,37.55143061994059],[127.02998656119463,37.55155704855832],[127.02977831180827,37.551796041339344],[127.02975130186056,37.55189398549695],[127.02959504821051,37.55197412083094],[127.02956520171976,37.552053234911064],[127.02941756784055,37.5521858957195],[127.0293265231086,37.55233422026557],[127.02926416512553,37.55232729730584],[127.02921956414491,37.552292439437224],[127.02925043364336,37.55222422719499],[127.02914172526893,37.55219460107096],[127.02900615162083,37.55241312295283],[127.02899418445614,37.55264524796311],[127.02894339706432,37.55277559707518],[127.029008872692,37.55282740683076],[127.02922886498656,37.55289962386706],[127.02943265328176,37.55300575761019],[127.02952382542881,37.5531660943254],[127.02958767610261,37.553349106385525],[127.02958717661616,37.553495877861096],[127.02943546252618,37.55377140068071],[127.0295158385033,37.55386941842329],[127.02984209110683,37.553795540488274],[127.03001017309917,37.55368189416221],[127.03035337326479,37.55339215141465],[127.03043197552397,37.55334951534199],[127.03054266306181,37.55354524639771],[127.03054375477349,37.55361723527039],[127.03060777571817,37.553706814010354],[127.03071187931872,37.553674469789904],[127.03101169275507,37.553529869202364],[127.03098859772113,37.55331871702733],[127.03117042655137,37.55323265394006],[127.03137238237116,37.55353038943353],[127.03154831759032,37.553478618956476],[127.03155450664192,37.553418935770345],[127.03151821971046,37.55329394156834],[127.03146357783612,37.55325616789446],[127.03134669143937,37.55288783378783],[127.03189526554827,37.55293168300471],[127.03189464135383,37.55287156006234]]]},"properties":{"projectName":"응봉동 265","projectType":"모아타운","programTags":["moa_town"],"stageName":"대상지선정","districtCode":"11200","districtName":"성동구","regionName":"서울특별시 성동구","areaSquareMeters":37287.0,"noticeDate":"","bounds":[127.028943,37.551431,127.031895,37.553869],"sourceName":"서울특별시 도시계획사업 현황(서울플랜+) 공간정보 OA-22712","sourceUrl":"https://data.seoul.go.kr/dataList/OA-22712/F/1/datasetView.do","sourceLicense":"공공누리 제4유형(출처표시·상업적이용금지·변경금지)","sourceBaseDate":"2026-02"}},{"type":"Feature","id":"11000UQ120PS202503070082","geometry":{"type":"Polygon","coordinates":[[[127.08670430527162,37.49347187872121],[127.08374189943338,37.49247080458957],[127.08363734047137,37.49250511529958],[127.08321735708925,37.49332279333496],[127.08170009745785,37.49283807958261],[127.08114492317108,37.49402969090847],[127.08568277507287,37.49550868924768],[127.08578688404214,37.49547356616519],[127.08674782210608,37.493555099691825],[127.08670430527162,37.49347187872121]]]},"properties":{"projectName":"일원동 대청마을 북측구역","projectType":"모아타운","programTags":["moa_town"],"stageName":"대상지선정","districtCode":"11680","districtName":"강남구","regionName":"서울특별시 강남구","areaSquareMeters":90992.0,"noticeDate":"","bounds":[127.081145,37.492471,127.086748,37.495509],"sourceName":"서울특별시 도시계획사업 현황(서울플랜+) 공간정보 OA-22712","sourceUrl":"https://data.seoul.go.kr/dataList/OA-22712/F/1/datasetView.do","sourceLicense":"공공누리 제4유형(출처표시·상업적이용금지·변경금지)","sourceBaseDate":"2026-02"}},{"type":"Feature","id":"11000UQ120PS202503070083","geometry":{"type":"Polygon","coordinates":[[[127.08078007743278,37.53602521091501],[127.08056481709691,37.53546240571256],[127.08053567937074,37.535448261599555],[127.08052555892304,37.53542156293457],[127.08058619009917,37.5352806340632],[127.07810389496701,37.53465472809484],[127.07803836531593,37.534412673681054],[127.07770672048792,37.53416106046502],[127.07697008678035,37.53429560117945],[127.07619055675616,37.534416739627176],[127.07693439423535,37.53692802849532],[127.0774255532934,37.53683786681647],[127.07825647818305,37.53663254314337],[127.07813026734681,37.53631303387019],[127.07882665350088,37.53634522304441],[127.07893931684941,37.53632945394345],[127.07911627471766,37.53634173546876],[127.07961672098794,37.5364187468254],[127.07983134875144,37.53647817835345],[127.07995782832488,37.5365609587374],[127.0801373872249,37.53662523330657],[127.08016641395345,37.536608734819175],[127.08019761778453,37.53618751333887],[127.08076142336319,37.53604964034376],[127.08078007743278,37.53602521091501]]]},"properties":{"projectName":"자양1동 799","projectType":"모아타운","programTags":["moa_town"],"stageName":"대상지선정","districtCode":"11215","districtName":"광진구","regionName":"서울특별시 광진구","areaSquareMeters":73362.0,"noticeDate":"","bounds":[127.076191,37.534161,127.08078,37.536928],"sourceName":"서울특별시 도시계획사업 현황(서울플랜+) 공간정보 OA-22712","sourceUrl":"https://data.seoul.go.kr/dataList/OA-22712/F/1/datasetView.do","sourceLicense":"공공누리 제4유형(출처표시·상업적이용금지·변경금지)","sourceBaseDate":"2026-02"}},{"type":"Feature","id":"11000UQ120PS202503070084","geometry":{"type":"Polygon","coordinates":[[[127.08262078521128,37.52991834285424],[127.08274287404508,37.52878670054701],[127.08270516465527,37.52875311939349],[127.08103142405639,37.52872407475204],[127.08077587987034,37.52817725294541],[127.08059017325387,37.52822918458696],[127.08058382364277,37.528215673924485],[127.08033827012942,37.52829107917643],[127.08032809072913,37.52826972429747],[127.0801462324016,37.52832390515806],[127.08013954299567,37.528309944200956],[127.07985362850869,37.528388070178345],[127.07985489264597,37.528406900118604],[127.07955123178662,37.52850035403319],[127.07982667865414,37.529087526199994],[127.07848843569549,37.52934519282436],[127.0784618903713,37.52938503405811],[127.07940521927972,37.53136831419496],[127.07945682848805,37.531386750520575],[127.08072215952923,37.53100525959925],[127.08096528620428,37.53152869710817],[127.08133257660275,37.53144829706718],[127.0817045967219,37.53139036435669],[127.08208382322697,37.531364174775554],[127.0824636273551,37.53137022203744],[127.08257295588567,37.53036085379948],[127.08227970400671,37.53035411703708],[127.08216920213586,37.53007984080405],[127.08258665762871,37.52995422584331],[127.08262078521128,37.52991834285424]]]},"properties":{"projectName":"자양2동 649","projectType":"모아타운","programTags":["moa_town"],"stageName":"대상지선정","districtCode":"11215","districtName":"광진구","regionName":"서울특별시 광진구","areaSquareMeters":88762.0,"noticeDate":"","bounds":[127.078462,37.528177,127.082743,37.531529],"sourceName":"서울특별시 도시계획사업 현황(서울플랜+) 공간정보 OA-22712","sourceUrl":"https://data.seoul.go.kr/dataList/OA-22712/F/1/datasetView.do","sourceLicense":"공공누리 제4유형(출처표시·상업적이용금지·변경금지)","sourceBaseDate":"2026-02"}},{"type":"Feature","id":"11000UQ120PS202503070085","geometry":{"type":"Polygon","coordinates":[[[127.08558238911023,37.53249919851075],[127.08751262680057,37.533184636156044],[127.08854425042739,37.533497786593266],[127.08859570818154,37.53347909810202],[127.08877785685189,37.53308694143725],[127.08880837647467,37.53296600556534],[127.08896706533861,37.531377526617234],[127.08892477307829,37.531347684577376],[127.08816232200112,37.53146948049166],[127.08812468654664,37.531503115159765],[127.08804670485378,37.532259916854876],[127.08793103070848,37.532316583941245],[127.08654443762336,37.53123738904822],[127.08558238911023,37.53249919851075]]]},"properties":{"projectName":"자양2동 681","projectType":"모아타운","programTags":["moa_town"],"stageName":"수립범위 자문","districtCode":"11215","districtName":"광진구","regionName":"서울특별시 광진구","areaSquareMeters":42045.5,"noticeDate":"","bounds":[127.085582,37.531237,127.088967,37.533498],"sourceName":"서울특별시 도시계획사업 현황(서울플랜+) 공간정보 OA-22712","sourceUrl":"https://data.seoul.go.kr/dataList/OA-22712/F/1/datasetView.do","sourceLicense":"공공누리 제4유형(출처표시·상업적이용금지·변경금지)","sourceBaseDate":"2026-02"}},{"type":"Feature","id":"11000UQ120PS202503070087","geometry":{"type":"Polygon","coordinates":[[[127.07886999559584,37.538894454637656],[127.07901414153417,37.53886888006623],[127.07900388442125,37.538852182393875],[127.07910754886818,37.538807407079865],[127.07911482072299,37.53882585463052],[127.0791475900564,37.538838582139945],[127.07967447660094,37.538745612585764],[127.07994927458157,37.538667566625115],[127.08003830966572,37.53876437317704],[127.08016683973226,37.5391580844737],[127.08032682978681,37.53911420759985],[127.08037704605725,37.53913694216047],[127.08061221384824,37.538999095212496],[127.08069252178966,37.53892022257027],[127.08080305223787,37.53891713009218],[127.0809361900687,37.539458654275634],[127.08149515850131,37.539484342769704],[127.08155296683714,37.53918874202536],[127.08177527363567,37.53921475598128],[127.08177049125368,37.539239392366746],[127.08210720688496,37.53928030239174],[127.08212626908754,37.539172188299744],[127.08229660367037,37.539194903064505],[127.08230475692994,37.539001760726954],[127.08172400578032,37.5387071625914],[127.08128377251766,37.53843050463118],[127.08106984065239,37.53825498239178],[127.0809355897832,37.537857734964376],[127.08077728475801,37.53764457542733],[127.08126841444474,37.53736421713899],[127.08128560871188,37.5373287965092],[127.08123992062379,37.5372436474979],[127.0781830513364,37.538006550843264],[127.07836012921865,37.53846285162658],[127.07836287286017,37.5385178203041],[127.07839371002443,37.53851684428157],[127.07840300224967,37.53866290715882],[127.07837760243905,37.538664563498635],[127.07840910994007,37.53883702901471],[127.0784625772601,37.53886413208816],[127.07846777337598,37.53897682485527],[127.07882010970435,37.538862339885846],[127.0788011598803,37.538930404258316],[127.07886999559584,37.538894454637656]]]},"properties":{"projectName":"자양동 772-1","projectType":"모아타운","programTags":["moa_town"],"stageName":"수립범위 자문","districtCode":"11215","districtName":"광진구","regionName":"서울특별시 광진구","areaSquareMeters":42315.0,"noticeDate":"","bounds":[127.078183,37.537244,127.082305,37.539484],"sourceName":"서울특별시 도시계획사업 현황(서울플랜+) 공간정보 OA-22712","sourceUrl":"https://data.seoul.go.kr/dataList/OA-22712/F/1/datasetView.do","sourceLicense":"공공누리 제4유형(출처표시·상업적이용금지·변경금지)","sourceBaseDate":"2026-02"}},{"type":"Feature","id":"11000UQ120PS202503070088","geometry":{"type":"Polygon","coordinates":[[[127.01332679316575,37.60989496072624],[127.01335335343846,37.60976463013786],[127.01338198617438,37.60976978988973],[127.013390238382,37.609744246223734],[127.01332870711556,37.60960805006254],[127.0133363273808,37.60959693118315],[127.0131675462925,37.609544311696524],[127.0131997138246,37.609420539729875],[127.01317906704135,37.60941701893195],[127.0131823927788,37.609391818138654],[127.01316419137171,37.60938238665492],[127.01318650791491,37.60927248177223],[127.01311337520454,37.60924256736789],[127.01302097385489,37.60926616411591],[127.01298656129799,37.60930076517131],[127.01279696322197,37.60939351340206],[127.01253039154896,37.609371915005106],[127.01238136930635,37.60928453266349],[127.01229834630591,37.609269367738555],[127.01228845968384,37.60923318430459],[127.01231423201364,37.60920375587936],[127.01233442981699,37.609079390587304],[127.01228350637248,37.60912602105995],[127.01208264553205,37.60910401920757],[127.01207518993837,37.60915938611807],[127.0118051400612,37.60912065782474],[127.01176395254468,37.60922406800862],[127.01162877290037,37.60940104333096],[127.01161966839683,37.609576908573835],[127.01158457721479,37.60957365001699],[127.01166787621787,37.60970994432682],[127.01160163027549,37.60976920758269],[127.01176641792013,37.609776040853646],[127.01192409504941,37.610040080515276],[127.01195585745765,37.609999658764664],[127.01199890727304,37.61009161005748],[127.01200060211117,37.610224604734334],[127.01234940088855,37.61047813925296],[127.0125034848686,37.61054413093815],[127.01261439740097,37.61061991205031],[127.01270732791522,37.61071455231087],[127.01290783561073,37.61084948307784],[127.01287817585037,37.61086310877943],[127.01330482465386,37.6111338326688],[127.01333525459823,37.61112026084239],[127.01335750038479,37.61113390848555],[127.013592783918,37.61142454313321],[127.01362698905255,37.611433550346526],[127.01391212034291,37.611116282411835],[127.01387855221205,37.61009659983684],[127.01325322825193,37.61007389314633],[127.01320086679995,37.61004366319185],[127.01332679316575,37.60989496072624]]]},"properties":{"projectName":"정릉동 226-1","projectType":"모아타운","programTags":["moa_town"],"stageName":"수립범위 자문","districtCode":"11290","districtName":"성북구","regionName":"서울특별시 성북구","areaSquareMeters":27023.7,"noticeDate":"","bounds":[127.011585,37.609079,127.013912,37.611434],"sourceName":"서울특별시 도시계획사업 현황(서울플랜+) 공간정보 OA-22712","sourceUrl":"https://data.seoul.go.kr/dataList/OA-22712/F/1/datasetView.do","sourceLicense":"공공누리 제4유형(출처표시·상업적이용금지·변경금지)","sourceBaseDate":"2026-02"}},{"type":"Feature","id":"11000UQ120PS202503070089","geometry":{"type":"Polygon","coordinates":[[[127.01115720711056,37.60016205713552],[127.01124563914394,37.599835722710424],[127.01123426846871,37.599824830757406],[127.01130244177881,37.59950224602782],[127.01126078319562,37.5992577045376],[127.01129731908131,37.59912331982661],[127.01130803806564,37.59900094735558],[127.0112619404994,37.598667136759666],[127.01112196364427,37.5983752745895],[127.01069141824063,37.59842343937523],[127.01042866105149,37.598700719184514],[127.01041112069946,37.59870240534642],[127.01039109371327,37.59874284299638],[127.01013417236608,37.598780117697636],[127.00987657966452,37.5989931287287],[127.00953686950821,37.59914443643547],[127.00958719404728,37.59915658727415],[127.00975799259487,37.599266207149526],[127.00977637424077,37.59929329843878],[127.00997161256521,37.59932239539658],[127.0101174286003,37.599406572761666],[127.01018057069902,37.59940693754866],[127.01021974518851,37.59945095672006],[127.01032358965602,37.599487105486645],[127.01044818641412,37.599485195052345],[127.010477800133,37.59940487013233],[127.01065859061086,37.599441228975635],[127.01073851873478,37.59947375727302],[127.0108030443409,37.599580807069884],[127.01102751789814,37.59984306547718],[127.0110118470688,37.599855166945595],[127.01105928016312,37.6000090600949],[127.0110991740114,37.6000929654456],[127.01115720711056,37.60016205713552]]]},"properties":{"projectName":"정릉동 559-43","projectType":"모아타운","programTags":["moa_town"],"stageName":"수립범위 자문","districtCode":"11290","districtName":"성북구","regionName":"서울특별시 성북구","areaSquareMeters":13825.0,"noticeDate":"","bounds":[127.009537,37.598375,127.011308,37.600162],"sourceName":"서울특별시 도시계획사업 현황(서울플랜+) 공간정보 OA-22712","sourceUrl":"https://data.seoul.go.kr/dataList/OA-22712/F/1/datasetView.do","sourceLicense":"공공누리 제4유형(출처표시·상업적이용금지·변경금지)","sourceBaseDate":"2026-02"}},{"type":"Feature","id":"11000UQ120PS202503070090","geometry":{"type":"Polygon","coordinates":[[[127.02794736493357,37.599038683030265],[127.0277335788509,37.59881311091236],[127.02759596448107,37.59857758734996],[127.02752725084646,37.59839907261022],[127.02732231304768,37.59843324594631],[127.02664313241863,37.59881325705111],[127.02664665816886,37.59900376476427],[127.02688460169861,37.59913800366125],[127.02689929220571,37.599194877789536],[127.02684674862842,37.59922246908135],[127.02668432107352,37.59924197047175],[127.02721362076512,37.5996085224675],[127.02788236928686,37.59962550269189],[127.02812312062207,37.5995365288179],[127.0280062587265,37.59937624311443],[127.02819392317255,37.599297935122635],[127.02822017252726,37.599264747768245],[127.02819438468724,37.59922675011567],[127.02794736493357,37.599038683030265]]]},"properties":{"projectName":"종암동 125-1","projectType":"모아타운","programTags":["moa_town"],"stageName":"수립범위 자문","districtCode":"11290","districtName":"성북구","regionName":"서울특별시 성북구","areaSquareMeters":11755.0,"noticeDate":"","bounds":[127.026643,37.598399,127.02822,37.599626],"sourceName":"서울특별시 도시계획사업 현황(서울플랜+) 공간정보 OA-22712","sourceUrl":"https://data.seoul.go.kr/dataList/OA-22712/F/1/datasetView.do","sourceLicense":"공공누리 제4유형(출처표시·상업적이용금지·변경금지)","sourceBaseDate":"2026-02"}},{"type":"Feature","id":"11000UQ120PS202503070091","geometry":{"type":"Polygon","coordinates":[[[126.90565212586503,37.57128909475606],[126.90566146822634,37.571259739160595],[126.90561835354012,37.571216848678894],[126.90580415308024,37.57107326942759],[126.905783627067,37.570816929949714],[126.90601270252026,37.57080960214466],[126.90616996152548,37.57078585308307],[126.9067079596695,37.570355524191775],[126.90667970552836,37.57023107420928],[126.90661110121125,37.5701483985155],[126.90656908266072,37.56998843942426],[126.90646063697301,37.56986536464137],[126.90670587689864,37.569819695258424],[126.9067169331582,37.569795116182824],[126.9064946445418,37.56954408719023],[126.90642763897829,37.56951513045689],[126.90612215692407,37.56966029983554],[126.90611137467106,37.56968290591427],[126.90626288200411,37.56994371912331],[126.90563097660791,37.57021509053328],[126.90526847725954,37.570253808330634],[126.90507563601187,37.57013291862177],[126.90414783110617,37.56991961409885],[126.90401050533103,37.569935808639286],[126.90387133223442,37.56989298680127],[126.9037742224455,37.569971292369985],[126.90354756760311,37.570088052701024],[126.9032809515953,37.57029307613442],[126.90325503749374,37.57035628587755],[126.90440359640314,37.57129321809202],[126.9030401150773,37.57232451294538],[126.90286258700357,37.57243590695381],[126.90206436490459,37.57307872229187],[126.90163866176592,37.57338893317344],[126.90191717133092,37.57361486572961],[126.90187172145319,37.57365744406507],[126.90189968528651,37.573654854801724],[126.90190803219261,37.573677296422225],[126.9022804013429,37.57363625470674],[126.90249242392362,37.57372238690205],[126.90255486848899,37.57383956757822],[126.90273396986625,37.573722609980884],[126.90294323062446,37.573903601276754],[126.90300537470226,37.57390579749734],[126.90322287672497,37.573794634809964],[126.90327595832923,37.57374998102574],[126.90401047379201,37.5733290451309],[126.9037834140884,37.57310707939617],[126.9035107673129,37.572877245803404],[126.90456986224946,37.57206988062502],[126.90479140017317,37.571886819532516],[126.90495420021013,37.571720432316006],[126.90565212586503,37.57128909475606]]]},"properties":{"projectName":"중동 78","projectType":"모아타운","programTags":["moa_town"],"stageName":"위원회심의","districtCode":"11440","districtName":"마포구","regionName":"서울특별시 마포구","areaSquareMeters":18582.0,"noticeDate":"","bounds":[126.901639,37.569515,126.906717,37.573906],"sourceName":"서울특별시 도시계획사업 현황(서울플랜+) 공간정보 OA-22712","sourceUrl":"https://data.seoul.go.kr/dataList/OA-22712/F/1/datasetView.do","sourceLicense":"공공누리 제4유형(출처표시·상업적이용금지·변경금지)","sourceBaseDate":"2026-02"}},{"type":"Feature","id":"11000UQ120PS202503070092","geometry":{"type":"Polygon","coordinates":[[[127.08525058135609,37.60180410940426],[127.08729471254958,37.60192298947989],[127.08770293764668,37.59928665716988],[127.08786418230714,37.598417928337774],[127.08794474022787,37.59835987307962],[127.08784059493014,37.59828068076984],[127.08767700469501,37.59841836333948],[127.08647914961712,37.59843842346685],[127.08649674394663,37.59902944236028],[127.0851525427569,37.59878622335709],[127.08519505222033,37.599319059080926],[127.08519547792581,37.59958797524701],[127.0852195222119,37.599612416289524],[127.08520029324097,37.599703587800875],[127.0852045642198,37.60031998158644],[127.085217832089,37.600327621525345],[127.08525058135609,37.60180410940426]]]},"properties":{"projectName":"중화1동 4-30","projectType":"모아타운","programTags":["moa_town"],"stageName":"관리지역고시","districtCode":"11260","districtName":"중랑구","regionName":"서울특별시 중랑구","areaSquareMeters":73625.0,"noticeDate":"","bounds":[127.085153,37.598281,127.087945,37.601923],"sourceName":"서울특별시 도시계획사업 현황(서울플랜+) 공간정보 OA-22712","sourceUrl":"https://data.seoul.go.kr/dataList/OA-22712/F/1/datasetView.do","sourceLicense":"공공누리 제4유형(출처표시·상업적이용금지·변경금지)","sourceBaseDate":"2026-02"}},{"type":"Feature","id":"11000UQ120PS202503070093","geometry":{"type":"Polygon","coordinates":[[[127.07649055442515,37.59838417319766],[127.07613381761587,37.598016275413514],[127.0761531919554,37.59800445127084],[127.0760877375795,37.59793287345983],[127.07605704671661,37.597951858547894],[127.07596334830704,37.59785458442952],[127.07580490952844,37.59793621424922],[127.07554674269278,37.59766348654806],[127.07551837324742,37.597659702186256],[127.07531756552078,37.597779983073934],[127.07531427177038,37.59780436574804],[127.07507376063867,37.597554592037454],[127.07278407941148,37.59888349672916],[127.07347283674022,37.59966878138548],[127.07379427690113,37.60012423924708],[127.07398158408752,37.60045958746888],[127.07412987502435,37.60078836418561],[127.07432328592797,37.60137612747425],[127.07440751151012,37.6014302966492],[127.07600464130383,37.60145122048132],[127.07610814647043,37.60089731184248],[127.07652709857314,37.60094730318275],[127.0765373643896,37.60089703982333],[127.07710865854972,37.60091173076823],[127.07729857984958,37.59996700926204],[127.07719102460906,37.59981039728394],[127.07636658459408,37.600195441866404],[127.07583377209983,37.599642649617415],[127.07585994365286,37.59964460629009],[127.07686151863629,37.59904525880699],[127.07633287667284,37.59847999012073],[127.07649055442515,37.59838417319766]]]},"properties":{"projectName":"중화2동 329-38","projectType":"모아타운","programTags":["moa_town"],"stageName":"관리지역고시","districtCode":"11260","districtName":"중랑구","regionName":"서울특별시 중랑구","areaSquareMeters":99931.0,"noticeDate":"","bounds":[127.072784,37.597555,127.077299,37.601451],"sourceName":"서울특별시 도시계획사업 현황(서울플랜+) 공간정보 OA-22712","sourceUrl":"https://data.seoul.go.kr/dataList/OA-22712/F/1/datasetView.do","sourceLicense":"공공누리 제4유형(출처표시·상업적이용금지·변경금지)","sourceBaseDate":"2026-02"}},{"type":"Feature","id":"11000UQ120PS202503070094","geometry":{"type":"Polygon","coordinates":[[[127.08003959807414,37.59661986971568],[127.08001093643283,37.59611133751393],[127.07996796465254,37.596079462245406],[127.07942849528044,37.59607912579237],[127.07873457700396,37.59613566800785],[127.0783769103683,37.596185158221395],[127.07781192648734,37.59630476094115],[127.07722094405192,37.59648211267008],[127.07651877650393,37.59676393812669],[127.07610462781574,37.596976328146674],[127.07608791851654,37.5970259558744],[127.07831310652385,37.59928488946953],[127.07918428326006,37.59939083370368],[127.07929717558436,37.59878586618988],[127.07931853489572,37.59878838387666],[127.07944991608979,37.59805239196007],[127.07948595215638,37.598056305460204],[127.07956715177437,37.59763752331037],[127.07962666030323,37.597644598113],[127.07963558728926,37.597258430643365],[127.07975745226929,37.59725911576606],[127.07975946159148,37.59713415701624],[127.07974241963018,37.59713414128178],[127.07974748982825,37.596643668542846],[127.08003959807414,37.59661986971568]]]},"properties":{"projectName":"중화동 299-8","projectType":"모아타운","programTags":["moa_town"],"stageName":"대상지선정","districtCode":"11260","districtName":"중랑구","regionName":"서울특별시 중랑구","areaSquareMeters":75254.0,"noticeDate":"","bounds":[127.076088,37.596079,127.08004,37.599391],"sourceName":"서울특별시 도시계획사업 현황(서울플랜+) 공간정보 OA-22712","sourceUrl":"https://data.seoul.go.kr/dataList/OA-22712/F/1/datasetView.do","sourceLicense":"공공누리 제4유형(출처표시·상업적이용금지·변경금지)","sourceBaseDate":"2026-02"}},{"type":"Feature","id":"11000UQ120PS202503070095","geometry":{"type":"Polygon","coordinates":[[[127.0405549508885,37.63510810034307],[127.04118021404972,37.63403915171687],[127.04116534644476,37.63398942272167],[127.04003979805074,37.63355426268211],[127.03970053432433,37.63341517181392],[127.03967038328891,37.63338436811139],[127.03954416871943,37.63332902481888],[127.03939468767624,37.63348978127587],[127.03899923146102,37.63402364700011],[127.03884398965431,37.63418524157917],[127.03868566837433,37.63453433045076],[127.0384059813094,37.63551495252082],[127.03843818668166,37.63557548816223],[127.03982849031911,37.63616284291358],[127.03989091084118,37.63615336236509],[127.04037293045741,37.63540566332472],[127.04040630243354,37.635310418967656],[127.0404548992457,37.63529878032743],[127.04054080069757,37.635129998787114],[127.04056934312081,37.63511575389353],[127.0405549508885,37.63510810034307]]]},"properties":{"projectName":"창동 501-13","projectType":"모아타운","programTags":["moa_town"],"stageName":"관리지역고시","districtCode":"11320","districtName":"도봉구","regionName":"서울특별시 도봉구","areaSquareMeters":44916.0,"noticeDate":"","bounds":[127.038406,37.633329,127.04118,37.636163],"sourceName":"서울특별시 도시계획사업 현황(서울플랜+) 공간정보 OA-22712","sourceUrl":"https://data.seoul.go.kr/dataList/OA-22712/F/1/datasetView.do","sourceLicense":"공공누리 제4유형(출처표시·상업적이용금지·변경금지)","sourceBaseDate":"2026-02"}},{"type":"Feature","id":"11000UQ120PS202503070096","geometry":{"type":"Polygon","coordinates":[[[126.96102054090865,37.56964114258401],[126.96129898970433,37.56934059608933],[126.96133483083803,37.56924869850354],[126.96138118789665,37.56924049726123],[126.96154248806636,37.56888093160614],[126.96092786398347,37.5687743872824],[126.9607903291478,37.56876432994008],[126.96043731231964,37.568671145472116],[126.96035523293222,37.56867349459152],[126.96030241189591,37.56864229296447],[126.96008912097338,37.568585510119455],[126.95915249740106,37.568510098399365],[126.9590660169271,37.56851299554703],[126.95899256061263,37.56858311103894],[126.95903951491466,37.56910756698684],[126.95906350575743,37.56918810502747],[126.95908467527055,37.56924376666939],[126.95914683127873,37.56924099592968],[126.95914785814712,37.56932656313177],[126.9591871102472,37.56931253080853],[126.95931515247689,37.56945677077041],[126.95946510454537,37.569710542494654],[126.95953155321494,37.569905449838885],[126.95952018016469,37.57000095051455],[126.9594860718374,37.57006644019817],[126.95949262329994,37.570091039500404],[126.95971847980174,37.57017320868809],[126.95986398423761,37.570166088250076],[126.95994117534758,37.57013915790091],[126.95997926128739,37.570146469309115],[126.96017885893785,37.57010278739354],[126.9603526424532,37.570089756761014],[126.96036803499103,37.57007267939613],[126.96050731151831,37.57004847326324],[126.96073706410192,37.56990006102645],[126.96102054090865,37.56964114258401]]]},"properties":{"projectName":"천연동 89-16","projectType":"모아타운","programTags":["moa_town"],"stageName":"관리지역고시","districtCode":"11410","districtName":"서대문구","regionName":"서울특별시 서대문구","areaSquareMeters":28861.0,"noticeDate":"","bounds":[126.958993,37.56851,126.961542,37.570173],"sourceName":"서울특별시 도시계획사업 현황(서울플랜+) 공간정보 OA-22712","sourceUrl":"https://data.seoul.go.kr/dataList/OA-22712/F/1/datasetView.do","sourceLicense":"공공누리 제4유형(출처표시·상업적이용금지·변경금지)","sourceBaseDate":"2026-02"}},{"type":"Feature","id":"11000UQ120PS202503070097","geometry":{"type":"Polygon","coordinates":[[[127.13690997502962,37.544272016857086],[127.13759855951076,37.542572108667706],[127.13763896965311,37.54241828985927],[127.1373654563479,37.541850366486166],[127.13736999380332,37.541825457855815],[127.13732015487375,37.54175303039489],[127.13725296713083,37.54172900610919],[127.13717609147658,37.54172876107595],[127.1366147663205,37.54177749047632],[127.1354327828097,37.54286517225484],[127.1344834065431,37.543771579287004],[127.1341141766181,37.544100378781],[127.13413901933784,37.54414800431884],[127.13413265480075,37.54418339339764],[127.13456369686206,37.544202189777025],[127.13456365971737,37.544181286819104],[127.13487620758735,37.544188502608996],[127.13513583011252,37.544213256699315],[127.13525492028838,37.544171334813925],[127.13535972316826,37.54437997487512],[127.13581794160191,37.544818606823604],[127.13599935545923,37.544932943388744],[127.13634079210448,37.544598980074774],[127.13658286145902,37.544608650405436],[127.1365850202874,37.54458847474137],[127.13676474291844,37.54459936926037],[127.13686938487677,37.54430885987252],[127.13690997502962,37.544272016857086]]]},"properties":{"projectName":"천호동 113-2","projectType":"모아타운","programTags":["moa_town"],"stageName":"사전자문","districtCode":"11740","districtName":"강동구","regionName":"서울특별시 강동구","areaSquareMeters":55521.0,"noticeDate":"","bounds":[127.134114,37.541729,127.137639,37.544933],"sourceName":"서울특별시 도시계획사업 현황(서울플랜+) 공간정보 OA-22712","sourceUrl":"https://data.seoul.go.kr/dataList/OA-22712/F/1/datasetView.do","sourceLicense":"공공누리 제4유형(출처표시·상업적이용금지·변경금지)","sourceBaseDate":"2026-02"}},{"type":"Feature","id":"11000UQ120PS202503070098","geometry":{"type":"Polygon","coordinates":[[[127.1204526592448,37.54284609391279],[127.12099187767534,37.54395080504208],[127.12135648895453,37.54394576846709],[127.12135502360881,37.544090703448724],[127.12161392050666,37.54408932321389],[127.12161348103535,37.54406224886619],[127.12235560700927,37.54355610764853],[127.12241873955232,37.543495334219266],[127.1225434425356,37.543436624012635],[127.12255133198767,37.54341023489314],[127.1217661853583,37.54244265112383],[127.12173992731665,37.54243853329585],[127.12156353794154,37.54251890099704],[127.12128952589984,37.54254647926886],[127.1204629294236,37.54282211718977],[127.1204526592448,37.54284609391279]]]},"properties":{"projectName":"천호동 338","projectType":"모아타운","programTags":["moa_town"],"stageName":"수립범위 자문","districtCode":"11740","districtName":"강동구","regionName":"서울특별시 강동구","areaSquareMeters":24975.3,"noticeDate":"","bounds":[127.120453,37.542439,127.122551,37.544091],"sourceName":"서울특별시 도시계획사업 현황(서울플랜+) 공간정보 OA-22712","sourceUrl":"https://data.seoul.go.kr/dataList/OA-22712/F/1/datasetView.do","sourceLicense":"공공누리 제4유형(출처표시·상업적이용금지·변경금지)","sourceBaseDate":"2026-02"}},{"type":"Feature","id":"11000UQ120PS202503070099","geometry":{"type":"Polygon","coordinates":[[[126.9382589599418,37.4812300223605],[126.93854865499748,37.48172807049255],[126.93860234730748,37.481742064614544],[126.93963095804399,37.48128751738517],[126.93986889834721,37.48169488901369],[126.9399220727042,37.481710694179775],[126.94090525952492,37.48135024789926],[126.94116026191782,37.48186061914778],[126.94160570294645,37.48174488695433],[126.94229817177722,37.481626357893205],[126.94233826556594,37.48159468975898],[126.94261982570781,37.48027807072765],[126.94261498321687,37.48015297324311],[126.9424529816804,37.47973589978039],[126.94208603826176,37.47968120519177],[126.94179465729836,37.47957726288183],[126.93965289705396,37.47831864173618],[126.939608981167,37.47836574113792],[126.93949916663455,37.47830116280595],[126.93945834867542,37.47830690778875],[126.93942700624049,37.4783382461917],[126.93942677644223,37.478561352166096],[126.93962917507302,37.47883209768366],[126.93878163838723,37.47974202656932],[126.93877549581302,37.47978680309318],[126.93909806826906,37.480358591009555],[126.93849286076818,37.48058205694071],[126.93827849789352,37.481121364830145],[126.93827844200578,37.481187685718474],[126.9382589599418,37.4812300223605]]]},"properties":{"projectName":"청룡동 1535","projectType":"모아타운","programTags":["moa_town"],"stageName":"위원회심의","districtCode":"11620","districtName":"관악구","regionName":"서울특별시 관악구","areaSquareMeters":92871.0,"noticeDate":"","bounds":[126.938259,37.478301,126.94262,37.481861],"sourceName":"서울특별시 도시계획사업 현황(서울플랜+) 공간정보 OA-22712","sourceUrl":"https://data.seoul.go.kr/dataList/OA-22712/F/1/datasetView.do","sourceLicense":"공공누리 제4유형(출처표시·상업적이용금지·변경금지)","sourceBaseDate":"2026-02"}},{"type":"Feature","id":"11000UQ120PS202503070100","geometry":{"type":"Polygon","coordinates":[[[127.12248888428137,37.53670728067173],[127.12175384295169,37.53459731962128],[127.1212771213049,37.533296549269465],[127.12108330981609,37.53322778091833],[127.11994141623654,37.533565804653804],[127.1199838638576,37.53364449987269],[127.12007300884666,37.533726094455915],[127.12008007841555,37.53381153303953],[127.12006679073527,37.53381547020302],[127.1203988663625,37.53448153608576],[127.12044106629466,37.5345169035254],[127.12055670271965,37.534701859993824],[127.1205376212296,37.53477004745033],[127.12069985677654,37.53509653792311],[127.12082802643683,37.535300023891054],[127.12168466288765,37.537078712397125],[127.12171856404902,37.53719550870293],[127.12149625333848,37.53725597151731],[127.1214941736561,37.537279228247755],[127.12188703747806,37.53799289566897],[127.1219907292077,37.53810556355625],[127.12199823332246,37.53819293324387],[127.12219917833474,37.53810413078924],[127.12213022065697,37.537924522621616],[127.12224072266018,37.537962631617525],[127.12241704794022,37.53799613034022],[127.12245539519539,37.53796658898136],[127.12191405609538,37.53699030222664],[127.12248888428137,37.53670728067173]]]},"properties":{"projectName":"풍납동 483-10","projectType":"모아타운","programTags":["moa_town"],"stageName":"관리지역고시","districtCode":"11710","districtName":"송파구","regionName":"서울특별시 송파구","areaSquareMeters":46870.6,"noticeDate":"","bounds":[127.119941,37.533228,127.122489,37.538193],"sourceName":"서울특별시 도시계획사업 현황(서울플랜+) 공간정보 OA-22712","sourceUrl":"https://data.seoul.go.kr/dataList/OA-22712/F/1/datasetView.do","sourceLicense":"공공누리 제4유형(출처표시·상업적이용금지·변경금지)","sourceBaseDate":"2026-02"}},{"type":"Feature","id":"11000UQ120PS202503070101","geometry":{"type":"Polygon","coordinates":[[[126.91499544675646,37.544740984502674],[126.9149438962674,37.54473797344962],[126.91485080472523,37.54432562040931],[126.91475849389298,37.54434386077743],[126.91469451826988,37.544136738843704],[126.9148267466632,37.54408232598869],[126.91477378515994,37.54398885425872],[126.91475929537148,37.543993979267206],[126.91472608838232,37.54394169734731],[126.91461290189075,37.54396882405681],[126.91460673484555,37.54392016596576],[126.91450181839079,37.54393891943209],[126.91447363923027,37.54384465493106],[126.91450612218577,37.543838191728774],[126.91447419415694,37.543659321338716],[126.91368883994731,37.543904620504655],[126.91331016119827,37.54405354248861],[126.91319477720768,37.544120399929724],[126.91234113790914,37.54478198723673],[126.91224987892532,37.54482813915478],[126.91223755800961,37.54479815385118],[126.91208784798593,37.54489643785985],[126.91208500921513,37.544847854245425],[126.91178316639761,37.54498796371209],[126.91175183364396,37.5449593964871],[126.91161244361581,37.54503794700977],[126.91146076354426,37.545079637441866],[126.91147858236914,37.54512947586001],[126.91153861280746,37.54517592267784],[126.91158174552513,37.54515931422169],[126.91166961756561,37.54532424453433],[126.91172043748968,37.54537995545256],[126.91181187988632,37.54555932225134],[126.91183246243467,37.545569428988976],[126.91180936226887,37.54558281819573],[126.91190643246674,37.545787705267266],[126.91239133929021,37.547191906792776],[126.91244427707167,37.547209606162674],[126.91321950884789,37.54694466625558],[126.91600955104707,37.546169163970575],[126.91604580345906,37.54613260996497],[126.91600183753964,37.54559117238604],[126.91532633100151,37.54562297371802],[126.91514570293896,37.54538196978144],[126.91509648116448,37.54528255440742],[126.91506883601996,37.54531271738851],[126.9149624963382,37.54519064524322],[126.91496873064676,37.54508352191932],[126.91502011280862,37.544977783158224],[126.91502343327143,37.54481676037696],[126.91499544675646,37.544740984502674]]]},"properties":{"projectName":"합정동 369","projectType":"모아타운","programTags":["moa_town"],"stageName":"사전자문","districtCode":"11440","districtName":"마포구","regionName":"서울특별시 마포구","areaSquareMeters":98164.0,"noticeDate":"","bounds":[126.911461,37.543659,126.916046,37.54721],"sourceName":"서울특별시 도시계획사업 현황(서울플랜+) 공간정보 OA-22712","sourceUrl":"https://data.seoul.go.kr/dataList/OA-22712/F/1/datasetView.do","sourceLicense":"공공누리 제4유형(출처표시·상업적이용금지·변경금지)","sourceBaseDate":"2026-02"}},{"type":"Feature","id":"11000UQ120PS202503070102","geometry":{"type":"Polygon","coordinates":[[[126.95453608315584,37.57744288915435],[126.95463067164799,37.57748887708454],[126.95491746375565,37.57714917446578],[126.95475162469266,37.57702994436976],[126.9547442071325,37.5769979473888],[126.95466507878722,37.576886391860114],[126.95441415061833,37.57668595757727],[126.95446899117677,37.57662518986084],[126.95439994336382,37.57652438693837],[126.95444672277561,37.57648303228089],[126.9544283471357,37.576469167773965],[126.95450942086306,37.57640213061853],[126.95435339933991,37.57626423540799],[126.95407818705897,37.57649974222713],[126.95382353169485,37.576645419300135],[126.95361224242096,37.576687635083715],[126.95331452132807,37.57671205677791],[126.9529090740498,37.57670235809084],[126.95266875806901,37.57723036331678],[126.95346719584295,37.577441431805916],[126.95378946885003,37.57749618035594],[126.95414522098707,37.577527245513686],[126.95449451209969,37.57726591880012],[126.95452860956652,37.577319982574224],[126.95453608315584,37.57744288915435]]]},"properties":{"projectName":"현저동 1-5","projectType":"모아타운","programTags":["moa_town"],"stageName":"관리지역고시","districtCode":"11410","districtName":"서대문구","regionName":"서울특별시 서대문구","areaSquareMeters":15142.5,"noticeDate":"","bounds":[126.952669,37.576264,126.954917,37.577527],"sourceName":"서울특별시 도시계획사업 현황(서울플랜+) 공간정보 OA-22712","sourceUrl":"https://data.seoul.go.kr/dataList/OA-22712/F/1/datasetView.do","sourceLicense":"공공누리 제4유형(출처표시·상업적이용금지·변경금지)","sourceBaseDate":"2026-02"}},{"type":"Feature","id":"11000UQ120PS202503070103","geometry":{"type":"Polygon","coordinates":[[[126.94813479751825,37.60236611140713],[126.9480217946261,37.602536237890135],[126.9477956717876,37.60280089800344],[126.9475909377149,37.60297353205254],[126.94758835489577,37.6030217694918],[126.94762367954921,37.6030480222467],[126.94763805477461,37.60309045969377],[126.94780371449997,37.603238608119504],[126.94813929717502,37.603058059262445],[126.94820416667932,37.60295856602216],[126.94846433247564,37.603136483202654],[126.94852880914316,37.603143278548885],[126.94857233214957,37.603250767307074],[126.94879712229621,37.60325185901463],[126.94884415573897,37.60316746693837],[126.94886122460476,37.60308302543788],[126.94889458424117,37.603054001640956],[126.94891832112683,37.60294021809307],[126.94900618230103,37.602834689059144],[126.94923562442608,37.60278882277522],[126.94915850866445,37.60263845059025],[126.94897254838783,37.602368316345554],[126.94891942590155,37.602336118583516],[126.94891303749502,37.60225780230106],[126.94892991795587,37.602118851225484],[126.94904940805122,37.601866548086576],[126.9488102373546,37.6018535034051],[126.94881788235568,37.601771643504215],[126.94877780126565,37.60179413215601],[126.94864060482429,37.60160643204832],[126.9485124284063,37.60153899904317],[126.94824035388467,37.60174377809892],[126.94820471878548,37.60181987705111],[126.94815794593794,37.60187254539916],[126.94812791638276,37.60198010017598],[126.94812111075287,37.602217397985484],[126.94813479751825,37.60236611140713]]]},"properties":{"projectName":"홍은동 10-18","projectType":"모아타운","programTags":["moa_town"],"stageName":"수립범위 자문","districtCode":"11410","districtName":"서대문구","regionName":"서울특별시 서대문구","areaSquareMeters":14505.0,"noticeDate":"","bounds":[126.947588,37.601539,126.949236,37.603252],"sourceName":"서울특별시 도시계획사업 현황(서울플랜+) 공간정보 OA-22712","sourceUrl":"https://data.seoul.go.kr/dataList/OA-22712/F/1/datasetView.do","sourceLicense":"공공누리 제4유형(출처표시·상업적이용금지·변경금지)","sourceBaseDate":"2026-02"}},{"type":"Feature","id":"11000UQ120PS202505310766","geometry":{"type":"Polygon","coordinates":[[[126.94625221653115,37.59980222820111],[126.94606022169843,37.59998756861241],[126.94584783797177,37.60029474896229],[126.94578879712985,37.600351915513954],[126.94598420674377,37.60044066436533],[126.94598664963033,37.60041437482511],[126.94605580743641,37.60042715625532],[126.94628668995321,37.60023283234601],[126.94657871126756,37.6000515106115],[126.94683136037632,37.59986657498922],[126.9472900665987,37.599733053681334],[126.94747415745599,37.599595657073294],[126.94756316299396,37.59942387126105],[126.94754720756629,37.59939259083392],[126.94745112210995,37.5993799961599],[126.94740019865861,37.59931732744841],[126.9474262105278,37.59928478684302],[126.94742263899323,37.59924409679675],[126.94705801181561,37.5990245216401],[126.9468692483039,37.5988475353057],[126.94685893787563,37.59880896844005],[126.94677264055295,37.59885341900699],[126.946698530384,37.59877053918164],[126.94655594992035,37.598758534842666],[126.94642149187612,37.599248958515375],[126.9463404996329,37.59930024970289],[126.94627503989057,37.599371946368535],[126.94617579941912,37.59958313542214],[126.94622100506766,37.599766011172775],[126.94625221653115,37.59980222820111]]]},"properties":{"projectName":"홍은동 11-360","projectType":"모아타운","programTags":["moa_town"],"stageName":"수립범위 자문","districtCode":"11410","districtName":"서대문구","regionName":"서울특별시 서대문구","areaSquareMeters":11665.0,"noticeDate":"","bounds":[126.945789,37.598759,126.947563,37.600441],"sourceName":"서울특별시 도시계획사업 현황(서울플랜+) 공간정보 OA-22712","sourceUrl":"https://data.seoul.go.kr/dataList/OA-22712/F/1/datasetView.do","sourceLicense":"공공누리 제4유형(출처표시·상업적이용금지·변경금지)","sourceBaseDate":"2026-02"}},{"type":"Feature","id":"11000UQ120PS202503070104","geometry":{"type":"Polygon","coordinates":[[[126.94479586525026,37.583378627000805],[126.94494641030097,37.58320944004486],[126.94493520180438,37.58312003885737],[126.94486413938591,37.58302750055619],[126.94476168725343,37.5831231000014],[126.94411446834238,37.58276323061716],[126.94356974855502,37.58196388903856],[126.94351263300321,37.581919883859804],[126.94323120269979,37.581812338693716],[126.94303767736491,37.581783654694924],[126.9428931581725,37.581788412298614],[126.94291904395256,37.58182478894776],[126.94287603687191,37.58179300783343],[126.94282815676534,37.581781937949984],[126.94279653201329,37.58178775160284],[126.94286166783738,37.582431015909414],[126.94279276212575,37.58275337243458],[126.94268951088902,37.58279692874267],[126.94210688733608,37.58268632024573],[126.94211283251258,37.582727227997665],[126.94226964881535,37.58286503151084],[126.94235096556072,37.5828854075469],[126.9423814868664,37.582915515768775],[126.94232152417865,37.583007070928275],[126.94212305688,37.58292526983989],[126.94192727356712,37.583127073090765],[126.9417924775422,37.58338602037142],[126.94183456222575,37.58368035766964],[126.9420170856014,37.58391057057693],[126.94206121339201,37.58392934232377],[126.94206724914794,37.58395609562948],[126.9420990963854,37.58395647205834],[126.94208642109416,37.58362280362974],[126.94226519469886,37.583471077395785],[126.94263534387908,37.58326394577458],[126.94267270798598,37.583259729772635],[126.94281414279475,37.583365846221525],[126.94286939739612,37.583358395503915],[126.94311630004903,37.5832371551226],[126.94337718406487,37.58318845046917],[126.94339989980769,37.58324035843876],[126.94344608912658,37.58324317422603],[126.94347378182577,37.58330094103702],[126.94320405493517,37.58336477809651],[126.9433943228221,37.58386077450044],[126.94334977317496,37.58422375969669],[126.94349295180555,37.584260148894465],[126.94377196016418,37.58437896354088],[126.94378964597291,37.58431845298445],[126.94394983411568,37.58430547593032],[126.9441128451085,37.584110582012464],[126.94414579658559,37.584117932055435],[126.9441285502765,37.584137294864675],[126.94460973261583,37.584162151753844],[126.94464322250614,37.58413155240012],[126.9447096415128,37.584167560740724],[126.94484035939006,37.584094445516286],[126.94489790694486,37.58409447313248],[126.94491600356122,37.58417794011597],[126.9449092342155,37.58423647390987],[126.94495543995029,37.58427833783343],[126.94514181522737,37.58433969401443],[126.94516988490768,37.58433518446846],[126.94524599672835,37.58429455929173],[126.9452356608818,37.58424840587792],[126.94533202240017,37.584213781852824],[126.94527168215882,37.58408826383001],[126.9450962182263,37.58406110547503],[126.94502087574267,37.58393784162369],[126.94515705362764,37.583904831533545],[126.94508478520763,37.58374379085474],[126.94491910478393,37.58349120126047],[126.94479586525026,37.583378627000805]]]},"properties":{"projectName":"홍제동 322","projectType":"모아타운","programTags":["moa_town"],"stageName":"사전자문","districtCode":"11410","districtName":"서대문구","regionName":"서울특별시 서대문구","areaSquareMeters":34343.0,"noticeDate":"","bounds":[126.941792,37.581782,126.945332,37.584379],"sourceName":"서울특별시 도시계획사업 현황(서울플랜+) 공간정보 OA-22712","sourceUrl":"https://data.seoul.go.kr/dataList/OA-22712/F/1/datasetView.do","sourceLicense":"공공누리 제4유형(출처표시·상업적이용금지·변경금지)","sourceBaseDate":"2026-02"}},{"type":"Feature","id":"11000UQ120PS202503070105","geometry":{"type":"Polygon","coordinates":[[[126.85371841890614,37.54859631085808],[126.8530958558478,37.54826993907675],[126.85300576856895,37.548208044893634],[126.85307063667605,37.54815866297753],[126.85285430988586,37.54786334255943],[126.85236317593086,37.54733739165432],[126.85213015856787,37.547240060412946],[126.85196337654531,37.547357384440225],[126.85083942925566,37.546657641927496],[126.85078501308162,37.546656644461244],[126.84935716122779,37.54771992837523],[126.84935555201187,37.54776561553279],[126.85137267748655,37.54946860069029],[126.8515315131285,37.549621268119786],[126.85195959216047,37.550196958192394],[126.85234707649647,37.5508906791527],[126.85240253116496,37.550905912856315],[126.8525211888027,37.550864283724025],[126.85278971185855,37.550890651838984],[126.85333156916506,37.55022258212453],[126.85340562091626,37.55009830233807],[126.85371378808834,37.54976675463859],[126.85384197775993,37.54960152923859],[126.85393886651606,37.54941303704882],[126.85388053392172,37.54937592171674],[126.85420905230494,37.54905787063114],[126.85420874525963,37.549012631519595],[126.85371841890614,37.54859631085808]]]},"properties":{"projectName":"화곡6동 957-1","projectType":"모아타운","programTags":["moa_town"],"stageName":"위원회심의","districtCode":"11500","districtName":"강서구","regionName":"서울특별시 강서구","areaSquareMeters":94080.0,"noticeDate":"","bounds":[126.849356,37.546657,126.854209,37.550906],"sourceName":"서울특별시 도시계획사업 현황(서울플랜+) 공간정보 OA-22712","sourceUrl":"https://data.seoul.go.kr/dataList/OA-22712/F/1/datasetView.do","sourceLicense":"공공누리 제4유형(출처표시·상업적이용금지·변경금지)","sourceBaseDate":"2026-02"}},{"type":"Feature","id":"11000UQ120PS202503070106","geometry":{"type":"Polygon","coordinates":[[[126.83625842220101,37.5403062500785],[126.8369392360441,37.53733333327873],[126.83690929039723,37.5373007116728],[126.83519150403674,37.5370497572583],[126.83521350161001,37.53712515621974],[126.83520807663083,37.53722946543584],[126.83516024585764,37.537531996227855],[126.8338094857448,37.539718955213786],[126.83616100024337,37.54035199219936],[126.83625842220101,37.5403062500785]]]},"properties":{"projectName":"화곡동 1087","projectType":"모아타운","programTags":["moa_town"],"stageName":"관리지역고시","districtCode":"11500","districtName":"강서구","regionName":"서울특별시 강서구","areaSquareMeters":60616.0,"noticeDate":"","bounds":[126.833809,37.53705,126.836939,37.540352],"sourceName":"서울특별시 도시계획사업 현황(서울플랜+) 공간정보 OA-22712","sourceUrl":"https://data.seoul.go.kr/dataList/OA-22712/F/1/datasetView.do","sourceLicense":"공공누리 제4유형(출처표시·상업적이용금지·변경금지)","sourceBaseDate":"2026-02"}},{"type":"Feature","id":"11000UQ120PS202503070107","geometry":{"type":"Polygon","coordinates":[[[126.85519443479997,37.5531933338688],[126.85535303314182,37.55268162391382],[126.85550631176025,37.552372278469015],[126.8559960192012,37.551809250694326],[126.85666875223573,37.55143422983258],[126.85709795744748,37.5511705492061],[126.85732089540637,37.5511758041288],[126.85764806741123,37.55108257230233],[126.85754966046161,37.55084031126323],[126.85751618802317,37.55054521418138],[126.85774837631295,37.54969270078872],[126.85748915783888,37.54967809519984],[126.85740793350737,37.54998141360435],[126.85746638024936,37.55027085596473],[126.85739016813565,37.550433247549954],[126.85690816053588,37.55072869660824],[126.85653502676894,37.55084018890061],[126.8563145321585,37.55092351184094],[126.85594995110789,37.55078167959572],[126.85532901877008,37.55134668024621],[126.85572016295617,37.55181196927889],[126.85551575139507,37.551901603982174],[126.85535841962032,37.55195157646988],[126.85475692210204,37.55210334099742],[126.85463263905304,37.55218547387693],[126.8544920897695,37.552039086314934],[126.85452949199048,37.55201579723868],[126.85422339158873,37.55154148606943],[126.85457066722294,37.551413743896596],[126.85362978230991,37.55066822532806],[126.85355942391784,37.550515491437615],[126.85321839289853,37.55035993115032],[126.85276401214298,37.55092473996271],[126.85256580239073,37.55090787584999],[126.85242856320123,37.550955049686664],[126.8524087896168,37.55099660541244],[126.852419744993,37.551018855680965],[126.85244320432592,37.55100744272513],[126.8529252857176,37.55188741660435],[126.8529161846424,37.551911452573464],[126.852960767565,37.551953819158264],[126.85351389256982,37.552950440912106],[126.85367352871441,37.55320223327839],[126.8539398918811,37.553697129649876],[126.853952948195,37.553744808321355],[126.85396660865098,37.55375986831558],[126.85468437320628,37.553492244671396],[126.85480039778503,37.55370992384639],[126.85494019525582,37.55365846174313],[126.85528983230498,37.55429010156638],[126.85542691791966,37.55437600041081],[126.85571812914938,37.55409697246749],[126.85573821866697,37.554061191942345],[126.85564288138586,37.55396965979238],[126.8555675097777,37.553842148695985],[126.85552371263346,37.553817981367025],[126.85540852484212,37.55360064000932],[126.85534295698888,37.55358193540275],[126.85514898070907,37.553225055444464],[126.85516241255245,37.553196790023975],[126.85519443479997,37.5531933338688]]]},"properties":{"projectName":"화곡동 1130-7","projectType":"모아타운","programTags":["moa_town"],"stageName":"관리지역고시","districtCode":"11500","districtName":"강서구","regionName":"서울특별시 강서구","areaSquareMeters":75405.0,"noticeDate":"","bounds":[126.852409,37.549678,126.857748,37.554376],"sourceName":"서울특별시 도시계획사업 현황(서울플랜+) 공간정보 OA-22712","sourceUrl":"https://data.seoul.go.kr/dataList/OA-22712/F/1/datasetView.do","sourceLicense":"공공누리 제4유형(출처표시·상업적이용금지·변경금지)","sourceBaseDate":"2026-02"}},{"type":"Feature","id":"11000UQ120PS202503070108","geometry":{"type":"Polygon","coordinates":[[[126.84206348118498,37.534011195476474],[126.8421976472494,37.53259943990173],[126.8421770021332,37.5325769773295],[126.83942068303027,37.53240476787394],[126.83936369378407,37.53243699924526],[126.83816362311205,37.53441783561262],[126.83820544056883,37.53446939417464],[126.8406195803603,37.535405866517834],[126.84110017193852,37.53559158410937],[126.84116138680139,37.535578738001696],[126.84202179774672,37.53415591067772],[126.84206348118498,37.534011195476474]]]},"properties":{"projectName":"화곡동 354","projectType":"모아타운","programTags":["moa_town"],"stageName":"관리지역고시","districtCode":"11500","districtName":"강서구","regionName":"서울특별시 강서구","areaSquareMeters":85462.0,"noticeDate":"","bounds":[126.838164,37.532405,126.842198,37.535592],"sourceName":"서울특별시 도시계획사업 현황(서울플랜+) 공간정보 OA-22712","sourceUrl":"https://data.seoul.go.kr/dataList/OA-22712/F/1/datasetView.do","sourceLicense":"공공누리 제4유형(출처표시·상업적이용금지·변경금지)","sourceBaseDate":"2026-02"}},{"type":"Feature","id":"11000UQ120PS202503070109","geometry":{"type":"Polygon","coordinates":[[[126.83959537772608,37.53155733540156],[126.8397314045265,37.53022015082241],[126.83971367992964,37.53019756567337],[126.8383858143793,37.53011383879669],[126.83676472964683,37.53277768070326],[126.8367850375791,37.53281899251637],[126.83852837742602,37.53349212822766],[126.83858382090604,37.533474085767715],[126.83923650488431,37.532400298303294],[126.8393456310577,37.532251640224004],[126.83942547584499,37.531998922231615],[126.83959537772608,37.53155733540156]]]},"properties":{"projectName":"화곡동 359","projectType":"모아타운","programTags":["moa_town"],"stageName":"관리지역고시","districtCode":"11500","districtName":"강서구","regionName":"서울특별시 강서구","areaSquareMeters":58477.0,"noticeDate":"","bounds":[126.836765,37.530114,126.839731,37.533492],"sourceName":"서울특별시 도시계획사업 현황(서울플랜+) 공간정보 OA-22712","sourceUrl":"https://data.seoul.go.kr/dataList/OA-22712/F/1/datasetView.do","sourceLicense":"공공누리 제4유형(출처표시·상업적이용금지·변경금지)","sourceBaseDate":"2026-02"}},{"type":"Feature","id":"11000UQ120PS202503070110","geometry":{"type":"Polygon","coordinates":[[[126.84240627594905,37.53039850521897],[126.84237069533638,37.530366472023694],[126.83983150772855,37.5302034663615],[126.83980287931803,37.53022696110731],[126.8396674272114,37.53152914298054],[126.8394353836466,37.53226695416931],[126.83945912161538,37.53229751238049],[126.84218702993665,37.53246881766086],[126.84220978469183,37.53245154929396],[126.84240627594905,37.53039850521897]]]},"properties":{"projectName":"화곡동 424","projectType":"모아타운","programTags":["moa_town"],"stageName":"위원회심의","districtCode":"11500","districtName":"강서구","regionName":"서울특별시 강서구","areaSquareMeters":54767.0,"noticeDate":"","bounds":[126.839435,37.530203,126.842406,37.532469],"sourceName":"서울특별시 도시계획사업 현황(서울플랜+) 공간정보 OA-22712","sourceUrl":"https://data.seoul.go.kr/dataList/OA-22712/F/1/datasetView.do","sourceLicense":"공공누리 제4유형(출처표시·상업적이용금지·변경금지)","sourceBaseDate":"2026-02"}},{"type":"Feature","id":"11000UQ120PS202407010865","geometry":{"type":"Polygon","coordinates":[[[127.01043746729107,37.563276312810196],[127.0103221357116,37.56378444321819],[127.01030582013355,37.56402575630008],[127.01033374762376,37.56406521753275],[127.01037626110028,37.564360585538154],[127.0106743307338,37.56422333318505],[127.01076526702687,37.564246751809385],[127.0107752591319,37.56422900154545],[127.01097363921342,37.564224841277024],[127.010995396965,37.56425213949586],[127.011244751879,37.56421662025631],[127.01134084668655,37.56447639442132],[127.01135040297109,37.56467435889204],[127.01198927155603,37.56475035643001],[127.01200065082072,37.56469826925732],[127.01249478483506,37.56467119469062],[127.01350128262932,37.564736688818876],[127.01348067195862,37.564881948322295],[127.01358906210423,37.56489779469373],[127.01367875940178,37.564738923145796],[127.01373645059832,37.564739187486666],[127.0139086898267,37.56469105673541],[127.01399241828452,37.56464995381951],[127.01404284355365,37.56472203659639],[127.01407626518669,37.564708157818835],[127.01411875463577,37.564770961221704],[127.01422368346005,37.56473318953661],[127.0142252762592,37.564781401276015],[127.01438005978153,37.5647867003507],[127.01437345947016,37.56490951485121],[127.01463756986269,37.56491200856942],[127.01462560283423,37.564829200019325],[127.01477450880891,37.564815938860086],[127.01474630375304,37.5646938220011],[127.01476299655342,37.56468141351384],[127.01472813887915,37.56463847629181],[127.0146974298825,37.56450120506525],[127.01462795471963,37.56442795339637],[127.01447169655798,37.564007614278005],[127.01454338235072,37.56390911929252],[127.01496921904047,37.56359369838478],[127.01482747485943,37.56345007878207],[127.01478415737998,37.563440172777774],[127.01479069495254,37.563414845242136],[127.01476118262268,37.563385836709706],[127.01473158723235,37.5633990935737],[127.01457409864746,37.563377748643234],[127.01424007100228,37.56285840996487],[127.01418760232892,37.56281084338201],[127.01414578265725,37.56282066864302],[127.01394508273782,37.56239502663035],[127.01376614044428,37.56246379981036],[127.0135798277938,37.56259158826019],[127.0125141680868,37.56316999215853],[127.01137660810487,37.56374831131837],[127.01126149992243,37.563755627893364],[127.01121479287092,37.56352756439892],[127.01106976713866,37.56324409804591],[127.01100078371633,37.563262754079076],[127.01100843682332,37.56327734948653],[127.0108612145927,37.56334043946933],[127.0108493597617,37.563304941439206],[127.01074535816919,37.56333315056879],[127.01043746729107,37.563276312810196]]]},"properties":{"projectName":"舊 신당10","projectType":"신속통합기획","programTags":["fast_track_planning"],"stageName":"기획완료","districtCode":"11140","districtName":"중구","regionName":"서울특별시 중구","areaSquareMeters":64166.5,"noticeDate":"","bounds":[127.010306,37.562395,127.014969,37.564912],"sourceName":"서울특별시 도시계획사업 현황(서울플랜+) 공간정보 OA-22712","sourceUrl":"https://data.seoul.go.kr/dataList/OA-22712/F/1/datasetView.do","sourceLicense":"공공누리 제4유형(출처표시·상업적이용금지·변경금지)","sourceBaseDate":"2026-02"}},{"type":"Feature","id":"11000UQ120PS202502050013","geometry":{"type":"Polygon","coordinates":[[[127.1376261181025,37.49844498910526],[127.13756990583906,37.4984403686616],[127.13564600777036,37.49947367103985],[127.13628884494787,37.50000263628827],[127.13645804221504,37.50001190363057],[127.13820451477314,37.49891959794581],[127.1376261181025,37.49844498910526]]]},"properties":{"projectName":"가락우창","projectType":"신속통합기획","programTags":["fast_track_planning"],"stageName":"기획완료","districtCode":"11710","districtName":"송파구","regionName":"서울특별시 송파구","areaSquareMeters":17235.6,"noticeDate":"","bounds":[127.135646,37.49844,127.138205,37.500012],"sourceName":"서울특별시 도시계획사업 현황(서울플랜+) 공간정보 OA-22712","sourceUrl":"https://data.seoul.go.kr/dataList/OA-22712/F/1/datasetView.do","sourceLicense":"공공누리 제4유형(출처표시·상업적이용금지·변경금지)","sourceBaseDate":"2026-02"}},{"type":"Feature","id":"11000UQ120PS202407010909","geometry":{"type":"Polygon","coordinates":[[[126.88838820916163,37.484536637128954],[126.88967961476608,37.484175213727646],[126.88984873488634,37.484115907631],[126.89021595929773,37.48404624635495],[126.89093770152603,37.48385825444271],[126.89123429505648,37.48376374635459],[126.89143426002622,37.483663777571195],[126.89144468354533,37.483641325331554],[126.89133852519716,37.48346597272113],[126.89110501837833,37.48325600175806],[126.89091230406076,37.48313941221036],[126.89081125396993,37.48296686600688],[126.89094766396343,37.48300555657096],[126.89098571484976,37.48265663451014],[126.89142178111888,37.482234318077644],[126.89146496399071,37.4821656903131],[126.89154251521079,37.4821657616156],[126.89180141408941,37.48189132671311],[126.89192234446375,37.481685434046106],[126.8917416617292,37.4814998655212],[126.89160405259989,37.48132120241802],[126.89154368685517,37.481355480702646],[126.89121677071252,37.48099810741746],[126.89087208314541,37.481892479298565],[126.89083388171902,37.481960108701465],[126.89076522452314,37.481979686192794],[126.89038953783825,37.48189211656464],[126.8903750691078,37.48196634544418],[126.89038408269677,37.48206384223586],[126.89039856607442,37.482071352185535],[126.89032133450394,37.48213946729068],[126.89028560492861,37.48229341473647],[126.8901105307525,37.48248227980851],[126.89009034268891,37.48253992483509],[126.88967027322055,37.4823259907267],[126.88956917241028,37.482341662502805],[126.88950208745334,37.48232246166516],[126.88943447530208,37.48214151258751],[126.88957965627958,37.481756021758386],[126.88955585525862,37.481719238364335],[126.88851477547617,37.481502817967204],[126.88837785334586,37.48143150785627],[126.88830364678557,37.48146919773792],[126.88756712031908,37.482410573747536],[126.88729228944256,37.48273925752818],[126.88723860233284,37.4828761577547],[126.88685889078799,37.483424589525185],[126.88692643891011,37.48346646148946],[126.88694895465206,37.483455941613556],[126.88707423231703,37.48352805298042],[126.88741625857513,37.483745705140294],[126.88838820916163,37.484536637128954]],[[126.8890773896387,37.48352420973895],[126.88916537851155,37.48308448789325],[126.88911106872303,37.48300517519305],[126.88920637993286,37.48285470857337],[126.88937334611545,37.48287315747395],[126.88962495409237,37.48299584202489],[126.88967830362216,37.48323429736451],[126.88969730065851,37.483232693542156],[126.88967695208247,37.48338251072478],[126.88969363041981,37.48341946754407],[126.88959741648016,37.483417304148716],[126.889547547128,37.483650165612566],[126.88954152727702,37.483895862819445],[126.88945802910881,37.483933805893436],[126.88937534066615,37.48388381200337],[126.8890773896387,37.48352420973895]]]},"properties":{"projectName":"가리봉1구역","projectType":"신속통합기획","programTags":["fast_track_planning"],"stageName":"기획완료","districtCode":"11530","districtName":"구로구","regionName":"서울특별시 구로구","areaSquareMeters":83949.57,"noticeDate":"","bounds":[126.886859,37.480998,126.891922,37.484537],"sourceName":"서울특별시 도시계획사업 현황(서울플랜+) 공간정보 OA-22712","sourceUrl":"https://data.seoul.go.kr/dataList/OA-22712/F/1/datasetView.do","sourceLicense":"공공누리 제4유형(출처표시·상업적이용금지·변경금지)","sourceBaseDate":"2026-02"}},{"type":"Feature","id":"11000UQ120PS202407010897","geometry":{"type":"Polygon","coordinates":[[[126.88542544390785,37.48533695758688],[126.88562637164337,37.48518943849912],[126.88588284699604,37.485089498515386],[126.88593510384753,37.48492953194589],[126.88630313400772,37.484119171009134],[126.88632585769737,37.48401756929491],[126.88647352628394,37.4836742426704],[126.88669189959057,37.48327432062883],[126.88698592859892,37.48286194759839],[126.88696066020087,37.48282417116586],[126.88581428758218,37.4828432366194],[126.88549138435798,37.483059971100474],[126.88543476159586,37.48311893104247],[126.88538024472075,37.48313212218408],[126.88476422828987,37.48352633366273],[126.88455106950438,37.48369289809016],[126.88405158783506,37.484031449167446],[126.88390643776121,37.48415987757718],[126.88407387153096,37.48431402512761],[126.88394956867276,37.48441454328344],[126.88391829039665,37.48453281353896],[126.8839827796044,37.484578198035585],[126.88408447636634,37.484690113325335],[126.88425166780205,37.48492796332215],[126.88425950256824,37.4849790578286],[126.88438103170336,37.48506225061878],[126.88448521342424,37.48495909919127],[126.88452191948579,37.48498499425751],[126.88463259982642,37.48484707051108],[126.88503874501112,37.48504127679965],[126.88542544390785,37.48533695758688]]]},"properties":{"projectName":"가리봉2구역","projectType":"신속통합기획","programTags":["fast_track_planning"],"stageName":"기획완료","districtCode":"11530","districtName":"구로구","regionName":"서울특별시 구로구","areaSquareMeters":41515.0,"noticeDate":"","bounds":[126.883906,37.482824,126.886986,37.485337],"sourceName":"서울특별시 도시계획사업 현황(서울플랜+) 공간정보 OA-22712","sourceUrl":"https://data.seoul.go.kr/dataList/OA-22712/F/1/datasetView.do","sourceLicense":"공공누리 제4유형(출처표시·상업적이용금지·변경금지)","sourceBaseDate":"2026-02"}},{"type":"Feature","id":"11000UQ120PS202407010929","geometry":{"type":"Polygon","coordinates":[[[126.91444307427743,37.62963026580682],[126.91482253931775,37.62937124269101],[126.91529885989644,37.6297983861335],[126.91588799553982,37.62939633811155],[126.91608959716379,37.62959371835987],[126.91610558349485,37.62958219740729],[126.9162276931226,37.62969121403976],[126.91649163092123,37.62950634352962],[126.91692374174349,37.62890834934984],[126.91702826121414,37.628724732702835],[126.91703158894084,37.6284670011158],[126.91701419160141,37.62822426498327],[126.91708339077118,37.628108691913276],[126.91701226741779,37.62802271465162],[126.91628557787917,37.627611255545766],[126.91351702261264,37.629490556909225],[126.91395818691372,37.62990079338785],[126.91440533981826,37.62959569263582],[126.91444307427743,37.62963026580682]]]},"properties":{"projectName":"갈현동 12-248일대","projectType":"신속통합기획","programTags":["fast_track_planning"],"stageName":"기획완료","districtCode":"11380","districtName":"은평구","regionName":"서울특별시 은평구","areaSquareMeters":40178.0,"noticeDate":"","bounds":[126.913517,37.627611,126.917083,37.629901],"sourceName":"서울특별시 도시계획사업 현황(서울플랜+) 공간정보 OA-22712","sourceUrl":"https://data.seoul.go.kr/dataList/OA-22712/F/1/datasetView.do","sourceLicense":"공공누리 제4유형(출처표시·상업적이용금지·변경금지)","sourceBaseDate":"2026-02"}},{"type":"Feature","id":"11000UQ120PS202505310012","geometry":{"type":"Polygon","coordinates":[[[126.84778511632653,37.50214953921308],[126.84681937070783,37.501792204319244],[126.84671616272043,37.50182549613821],[126.84642020183567,37.502482025258146],[126.8454109848457,37.50453713225814],[126.84783679048309,37.505299042513606],[126.84800444486098,37.5050007601598],[126.84919131643237,37.50269826620463],[126.84888359828801,37.50258371265469],[126.8488300731298,37.50254408969858],[126.84775333298697,37.50215175034347],[126.84774372944483,37.50214723285582],[126.84778511632653,37.50214953921308]]]},"properties":{"projectName":"개봉동 120-1","projectType":"신속통합기획","programTags":["fast_track_planning"],"stageName":"대상지선정(추진중)","districtCode":"11530","districtName":"구로구","regionName":"서울특별시 구로구","areaSquareMeters":76163.0,"noticeDate":"","bounds":[126.845411,37.501792,126.849191,37.505299],"sourceName":"서울특별시 도시계획사업 현황(서울플랜+) 공간정보 OA-22712","sourceUrl":"https://data.seoul.go.kr/dataList/OA-22712/F/1/datasetView.do","sourceLicense":"공공누리 제4유형(출처표시·상업적이용금지·변경금지)","sourceBaseDate":"2026-02"}},{"type":"Feature","id":"11000UQ120PS202601310012","geometry":{"type":"Polygon","coordinates":[[[126.85382955764314,37.499497054083406],[126.85399530989372,37.49974743227708],[126.85423578450651,37.49966199334173],[126.85427537718661,37.49977115354989],[126.85438931140388,37.499743454655665],[126.85440326891049,37.499776808962274],[126.85443030895672,37.49977071584417],[126.85442425133556,37.499745660558254],[126.85454634862471,37.499707339899295],[126.85456291745749,37.49973547164751],[126.8546615837684,37.499708203996875],[126.85469239677097,37.499681122255254],[126.85472554269872,37.49979099509902],[126.85491725559004,37.49977654688135],[126.85492002169968,37.499810693632334],[126.855235226862,37.49979342928279],[126.85524798366855,37.49992075609175],[126.85542022772123,37.49991547313194],[126.85536484289437,37.49926254146301],[126.85538574750451,37.499213012427994],[126.85550531055242,37.499255867565495],[126.85579703113422,37.49898809071002],[126.85619399636046,37.49879774826676],[126.85615320164071,37.49878247121069],[126.85608462693781,37.49868859290724],[126.8564594877667,37.49829036205948],[126.85651245318869,37.49826907342119],[126.85650425280905,37.49824068191159],[126.85621802107703,37.49824645702196],[126.85597990597653,37.498223819178016],[126.85576016692717,37.49817237158309],[126.8556828962857,37.49813119070658],[126.85565669543402,37.498055024009325],[126.8557288755049,37.49798069064458],[126.85572209080276,37.49792229758383],[126.8556696361265,37.497797264377695],[126.85563828038335,37.497813263434736],[126.85551896991912,37.49799034241656],[126.85553353845556,37.49800036149982],[126.85552377312868,37.49802089219333],[126.85548981671796,37.49797859340878],[126.85547565052912,37.497994253268104],[126.85534387701742,37.497834974008526],[126.85533545656381,37.49786172323915],[126.85522758302109,37.49797259270292],[126.8542919596556,37.49887062666507],[126.85411219657858,37.498962754819516],[126.8539563016843,37.498993734742214],[126.85378088135342,37.499062441863906],[126.85344872769055,37.49924267615227],[126.85349610712821,37.49924480781942],[126.85367426355121,37.4993373831988],[126.85382955764314,37.499497054083406]]]},"properties":{"projectName":"개봉동 153-19","projectType":"신속통합기획","programTags":["fast_track_planning"],"stageName":"대상지선정(추진중)","districtCode":"11530","districtName":"구로구","regionName":"서울특별시 구로구","areaSquareMeters":27100.0,"noticeDate":"","bounds":[126.853449,37.497797,126.856512,37.499921],"sourceName":"서울특별시 도시계획사업 현황(서울플랜+) 공간정보 OA-22712","sourceUrl":"https://data.seoul.go.kr/dataList/OA-22712/F/1/datasetView.do","sourceLicense":"공공누리 제4유형(출처표시·상업적이용금지·변경금지)","sourceBaseDate":"2026-02"}},{"type":"Feature","id":"11000UQ120PS202407010964","geometry":{"type":"Polygon","coordinates":[[[126.84610889973811,37.50212060447843],[126.84629007442975,37.50168548875608],[126.84621829406109,37.50156276684332],[126.84402617307308,37.50075507214515],[126.84402084910135,37.50081254780062],[126.8442683812674,37.50130220846843],[126.84422666319304,37.50139714781517],[126.84410418198044,37.50140605232051],[126.84357283778205,37.501375423716716],[126.84348711878216,37.501321068127645],[126.84345271341674,37.50128020690769],[126.84337303289342,37.50125784473009],[126.8432399411687,37.501250907211485],[126.84291008652768,37.501343533377955],[126.84284173700213,37.50134558687145],[126.8423171380695,37.50095771521637],[126.84185202849751,37.50076848169715],[126.84166396679922,37.500722970270104],[126.84124330724082,37.50072292291333],[126.8411669137468,37.50080291794377],[126.84120230940127,37.500803596678985],[126.84114707588249,37.500824965459344],[126.84112752370207,37.5008720610944],[126.84115118866752,37.501017063742346],[126.84107290154813,37.50108336097316],[126.84102109808742,37.5010871648979],[126.84103994795657,37.50126261474014],[126.84096845771491,37.50158750743394],[126.84098089807193,37.50158734413994],[126.84098797732462,37.50166141575781],[126.84103555613983,37.50167661715768],[126.84105247194162,37.50169898487401],[126.84107630787197,37.5018698463774],[126.84117043759801,37.50190511307744],[126.8412072023932,37.50200408438784],[126.84154314028375,37.50183054993921],[126.8416917745242,37.50181543595812],[126.84303522765198,37.502214870439715],[126.84315588441667,37.50222016882493],[126.84476494221262,37.50275662247305],[126.84481146085949,37.502738665140186],[126.84513612465332,37.5020735411291],[126.84586862200372,37.50231706150636],[126.84591205447869,37.50231459682911],[126.84599747161616,37.502244342300784],[126.84603055486947,37.50216176617744],[126.84606672595525,37.50211604400474],[126.84610889973811,37.50212060447843]]]},"properties":{"projectName":"개봉동 49","projectType":"신속통합기획","programTags":["fast_track_planning"],"stageName":"기획완료","districtCode":"11530","districtName":"구로구","regionName":"서울특별시 구로구","areaSquareMeters":60704.5,"noticeDate":"","bounds":[126.840968,37.500723,126.84629,37.502757],"sourceName":"서울특별시 도시계획사업 현황(서울플랜+) 공간정보 OA-22712","sourceUrl":"https://data.seoul.go.kr/dataList/OA-22712/F/1/datasetView.do","sourceLicense":"공공누리 제4유형(출처표시·상업적이용금지·변경금지)","sourceBaseDate":"2026-02"}},{"type":"Feature","id":"11000UQ120PS202407010884","geometry":{"type":"Polygon","coordinates":[[[127.05686413949503,37.483491763946695],[127.05402183051285,37.48139417846311],[127.05380093694325,37.48143283927853],[127.05351153752211,37.48197428867569],[127.05349879244365,37.48218206521365],[127.05315789775354,37.48281994346245],[127.05296987635542,37.48298779193169],[127.05226751290344,37.4843017554409],[127.05541766419198,37.48609776716952],[127.05728253186113,37.48402387870676],[127.05686413949503,37.483491763946695]]]},"properties":{"projectName":"개포 경남·우성3·현대1","projectType":"신속통합기획","programTags":["fast_track_planning"],"stageName":"기획완료","districtCode":"11680","districtName":"강남구","regionName":"서울특별시 강남구","areaSquareMeters":132571.0,"noticeDate":"","bounds":[127.052268,37.481394,127.057283,37.486098],"sourceName":"서울특별시 도시계획사업 현황(서울플랜+) 공간정보 OA-22712","sourceUrl":"https://data.seoul.go.kr/dataList/OA-22712/F/1/datasetView.do","sourceLicense":"공공누리 제4유형(출처표시·상업적이용금지·변경금지)","sourceBaseDate":"2026-02"}},{"type":"Feature","id":"11000UQ120PS202601310005","geometry":{"type":"Polygon","coordinates":[[[127.05982431522439,37.49269098148396],[127.059906395905,37.49267337145171],[127.06161457072378,37.490303876124116],[127.06154674017287,37.490179932986905],[127.05996528610066,37.489886188951495],[127.05947514099202,37.48977641828108],[127.0586846924455,37.490876383966956],[127.05598038741384,37.4896237395952],[127.05593420381868,37.48971097770022],[127.05575103485837,37.49019345743637],[127.05578394411259,37.49020001962676],[127.05565473038794,37.490554622463634],[127.0556745212726,37.490558577794005],[127.05561572509443,37.49071889264995],[127.05564471147557,37.49077329977951],[127.05665888163861,37.49123810722853],[127.05673736249597,37.49124690037423],[127.05747294327713,37.49158316788112],[127.05754649056891,37.49164728422215],[127.05982431522439,37.49269098148396]]]},"properties":{"projectName":"개포우성1,2차","projectType":"신속통합기획","programTags":["fast_track_planning"],"stageName":"대상지선정(추진중)","districtCode":"11680","districtName":"강남구","regionName":"서울특별시 강남구","areaSquareMeters":90083.0,"noticeDate":"","bounds":[127.055616,37.489624,127.061615,37.492691],"sourceName":"서울특별시 도시계획사업 현황(서울플랜+) 공간정보 OA-22712","sourceUrl":"https://data.seoul.go.kr/dataList/OA-22712/F/1/datasetView.do","sourceLicense":"공공누리 제4유형(출처표시·상업적이용금지·변경금지)","sourceBaseDate":"2026-02"}},{"type":"Feature","id":"11000UQ120PS202505310001","geometry":{"type":"Polygon","coordinates":[[[127.05012209535785,37.483026554155664],[127.05189314669857,37.48408286695957],[127.05293912392897,37.482125982200934],[127.0508930558994,37.48093915472463],[127.05083312694802,37.481100278839286],[127.05066103336634,37.48124856530116],[127.05038570420339,37.481554299219084],[127.04998280214069,37.481626995789895],[127.04981148010842,37.481748881341716],[127.04975427492893,37.481754761218994],[127.05012209535785,37.483026554155664]]]},"properties":{"projectName":"개포현대2차","projectType":"신속통합기획","programTags":["fast_track_planning"],"stageName":"기획완료","districtCode":"11680","districtName":"강남구","regionName":"서울특별시 강남구","areaSquareMeters":62251.0,"noticeDate":"","bounds":[127.049754,37.480939,127.052939,37.484083],"sourceName":"서울특별시 도시계획사업 현황(서울플랜+) 공간정보 OA-22712","sourceUrl":"https://data.seoul.go.kr/dataList/OA-22712/F/1/datasetView.do","sourceLicense":"공공누리 제4유형(출처표시·상업적이용금지·변경금지)","sourceBaseDate":"2026-02"}},{"type":"Feature","id":"11000UQ120PS202407010873","geometry":{"type":"Polygon","coordinates":[[[127.15430086518234,37.55035535120586],[127.15423748598954,37.549242575006595],[127.15276069986332,37.54923784438155],[127.152709874753,37.549286472849275],[127.15282688908586,37.551751612403095],[127.15288617407967,37.55180046018078],[127.15437867990607,37.55171988112762],[127.15432152081812,37.550717198182284],[127.1542059933463,37.55072415009519],[127.1541687052022,37.550363351729516],[127.15430086518234,37.55035535120586]]]},"properties":{"projectName":"고덕 현대","projectType":"신속통합기획","programTags":["fast_track_planning"],"stageName":"기획완료","districtCode":"11740","districtName":"강동구","regionName":"서울특별시 강동구","areaSquareMeters":37658.0,"noticeDate":"","bounds":[127.15271,37.549238,127.154379,37.5518],"sourceName":"서울특별시 도시계획사업 현황(서울플랜+) 공간정보 OA-22712","sourceUrl":"https://data.seoul.go.kr/dataList/OA-22712/F/1/datasetView.do","sourceLicense":"공공누리 제4유형(출처표시·상업적이용금지·변경금지)","sourceBaseDate":"2026-02"}},{"type":"Feature","id":"11000UQ120PS202505310005","geometry":{"type":"Polygon","coordinates":[[[127.15240141162205,37.54667295577087],[127.148995464513,37.546859438787074],[127.1489478839801,37.54688968139139],[127.14941653472077,37.549038138255675],[127.1495244839201,37.54909134164117],[127.15251075556563,37.549101436239006],[127.15256352534765,37.54906316675815],[127.15245138803041,37.54670929193398],[127.15240141162205,37.54667295577087]]]},"properties":{"projectName":"고덕주공9","projectType":"신속통합기획","programTags":["fast_track_planning"],"stageName":"대상지선정(추진중)","districtCode":"11740","districtName":"강동구","regionName":"서울특별시 강동구","areaSquareMeters":76091.0,"noticeDate":"","bounds":[127.148948,37.546673,127.152564,37.549101],"sourceName":"서울특별시 도시계획사업 현황(서울플랜+) 공간정보 OA-22712","sourceUrl":"https://data.seoul.go.kr/dataList/OA-22712/F/1/datasetView.do","sourceLicense":"공공누리 제4유형(출처표시·상업적이용금지·변경금지)","sourceBaseDate":"2026-02"}},{"type":"Feature","id":"11000UQ120PS202601310013","geometry":{"type":"Polygon","coordinates":[[[126.86751009489353,37.50508792693617],[126.86742021286857,37.50462876680201],[126.86714341883037,37.50471927282085],[126.86712894034918,37.50453121820072],[126.8674514565019,37.504296154024104],[126.86744162175947,37.50429362007005],[126.86757068494889,37.50421817279192],[126.86762491687678,37.50412155724359],[126.86736329442908,37.50382456197217],[126.86707962227351,37.503715939599786],[126.86703507159508,37.503837343356246],[126.86631211656663,37.503680014897505],[126.86618733638221,37.50382601381691],[126.8660939812852,37.50429325421305],[126.8660303731241,37.50450797905814],[126.86654588631181,37.505185578552506],[126.8667961054977,37.505283712470096],[126.86689551395884,37.50528562778792],[126.86734392701958,37.50516756668675],[126.86751009489353,37.50508792693617]]]},"properties":{"projectName":"고척동 산업인","projectType":"신속통합기획","programTags":["fast_track_planning"],"stageName":"대상지선정(추진중)","districtCode":"11530","districtName":"구로구","regionName":"서울특별시 구로구","areaSquareMeters":17052.0,"noticeDate":"","bounds":[126.86603,37.50368,126.867625,37.505286],"sourceName":"서울특별시 도시계획사업 현황(서울플랜+) 공간정보 OA-22712","sourceUrl":"https://data.seoul.go.kr/dataList/OA-22712/F/1/datasetView.do","sourceLicense":"공공누리 제4유형(출처표시·상업적이용금지·변경금지)","sourceBaseDate":"2026-02"}},{"type":"Feature","id":"11000UQ120PS202407010935","geometry":{"type":"Polygon","coordinates":[[[126.84860909113378,37.50396352167907],[126.84989571324137,37.50432620959246],[126.84982268879892,37.504700209885655],[126.84979706905861,37.505065261028925],[126.84970110745311,37.50531633573818],[126.8495730577324,37.50543996810842],[126.84958235426122,37.50554044123628],[126.84962382408196,37.505670238136666],[126.84923169953876,37.505288701654514],[126.84813240856043,37.504897958622195],[126.8479333502931,37.505289003038676],[126.84793999584362,37.50530225633498],[126.84984712475772,37.50592658928771],[126.84985386403164,37.506005525275384],[126.84981082930788,37.50608989343449],[126.84996716609436,37.50618415817874],[126.8504326497489,37.50574876107114],[126.8504932098069,37.505722439294246],[126.85056401802035,37.505661622395394],[126.85058991183544,37.50560813625569],[126.85136100020618,37.505329449379],[126.85154680226943,37.50528076125496],[126.85150576234518,37.504651903235946],[126.85152638246346,37.5046335490751],[126.85151467962523,37.50443441383073],[126.85161173245721,37.50436930482288],[126.85163268808093,37.503900182127715],[126.85163054976606,37.50378178836605],[126.85159124840031,37.50369749524428],[126.85160071265476,37.50365876436879],[126.85156127955311,37.50358384144081],[126.84929795262374,37.50273671226259],[126.849248513669,37.50274529812652],[126.84860909113378,37.50396352167907]]]},"properties":{"projectName":"고척동253일대","projectType":"신속통합기획","programTags":["fast_track_planning"],"stageName":"기획완료","districtCode":"11530","districtName":"구로구","regionName":"서울특별시 구로구","areaSquareMeters":63024.42,"noticeDate":"","bounds":[126.847933,37.502737,126.851633,37.506184],"sourceName":"서울특별시 도시계획사업 현황(서울플랜+) 공간정보 OA-22712","sourceUrl":"https://data.seoul.go.kr/dataList/OA-22712/F/1/datasetView.do","sourceLicense":"공공누리 제4유형(출처표시·상업적이용금지·변경금지)","sourceBaseDate":"2026-02"}},{"type":"Feature","id":"11000UQ120PS202407010930","geometry":{"type":"Polygon","coordinates":[[[126.95798094541814,37.54746440456896],[126.95781169006862,37.547466810763005],[126.95767469012416,37.54765439143072],[126.95739163982972,37.547964236029756],[126.95716691109112,37.548139664944756],[126.95715863567136,37.54822166105211],[126.95814454746463,37.54928975680793],[126.95932114263475,37.54988436869759],[126.95930887700656,37.549902041757704],[126.96017454524329,37.550378242438455],[126.96021532329358,37.55032854903777],[126.96017992341969,37.54992226179649],[126.96001433810768,37.549908418551844],[126.96001350149298,37.54982533787564],[126.9598876503021,37.549828194765965],[126.95989082758703,37.54958871246589],[126.95983189220892,37.54954769658204],[126.95973026732597,37.549575230990094],[126.95972467027146,37.549486021883126],[126.95964794771514,37.54948202133383],[126.95965613522307,37.54941095405973],[126.95959518352069,37.549333609380575],[126.95961847901965,37.54932398965763],[126.95957848186406,37.54925062216885],[126.95949764175771,37.54928456079511],[126.95941848376624,37.54916654961569],[126.95943595914125,37.5491390368725],[126.95943041255588,37.54910163475373],[126.9594178657178,37.54907632144009],[126.95940474701005,37.549081902907375],[126.95937569333104,37.54901000245886],[126.95938047827327,37.54897306352901],[126.95931424067825,37.54891906149411],[126.95922340348443,37.54878170892926],[126.95918121538857,37.54876377309678],[126.95909870323918,37.54865366038111],[126.95895473498452,37.54865957313901],[126.95880144596393,37.54848031063506],[126.95893039402561,37.54842048634206],[126.95895979655336,37.548395143048644],[126.95894702060224,37.54835532364029],[126.95897687380479,37.548333395261636],[126.95891256866403,37.54826559951568],[126.95885961405817,37.5483362451426],[126.95875081710341,37.54836186602126],[126.95871658414634,37.548305181268475],[126.9586173400748,37.54822850693849],[126.95859969032662,37.54824223163206],[126.95850900681715,37.54815623506149],[126.95855145863915,37.548127842260115],[126.95842495106075,37.547978384775746],[126.95838442053572,37.54800322562546],[126.95834038016606,37.547948819388566],[126.95825702404282,37.54799086517509],[126.95816754527623,37.547836452904974],[126.9583274536205,37.547758831630276],[126.95798094541814,37.54746440456896]]]},"properties":{"projectName":"공덕7구역","projectType":"신속통합기획","programTags":["fast_track_planning"],"stageName":"기획완료","districtCode":"11440","districtName":"마포구","regionName":"서울특별시 마포구","areaSquareMeters":29972.0,"noticeDate":"","bounds":[126.957159,37.547464,126.960215,37.550378],"sourceName":"서울특별시 도시계획사업 현황(서울플랜+) 공간정보 OA-22712","sourceUrl":"https://data.seoul.go.kr/dataList/OA-22712/F/1/datasetView.do","sourceLicense":"공공누리 제4유형(출처표시·상업적이용금지·변경금지)","sourceBaseDate":"2026-02"}},{"type":"Feature","id":"11000UQ120PS202407010894","geometry":{"type":"Polygon","coordinates":[[[126.96341962909167,37.54887857029441],[126.96341649491666,37.54876656706791],[126.9633766616422,37.54878904294913],[126.96255071869935,37.54879830577428],[126.96241525175985,37.548777141760645],[126.96208498382597,37.548805530287396],[126.96175966293838,37.54876604788946],[126.96152789375549,37.5486416148224],[126.96138265117874,37.54853416739314],[126.9613445649674,37.5484421632369],[126.96139908606685,37.54806259414813],[126.96063195876492,37.54801345225685],[126.96060622952422,37.547986134299094],[126.96072528524617,37.54741917441671],[126.960718904524,37.547239895643614],[126.9592558789688,37.5472419984948],[126.9591395078359,37.54722735352121],[126.95913402019484,37.54737616650164],[126.95895918159644,37.547327098697394],[126.95878703674396,37.547317143646005],[126.95858983902387,37.54742430812135],[126.95857067271038,37.547596534664606],[126.95861763385813,37.54763687109795],[126.95883929917163,37.547526579975646],[126.95890411564686,37.547609314391266],[126.95869593623209,37.54770456396923],[126.95879862442649,37.54779292534347],[126.95894950038804,37.54771579189909],[126.95902347144632,37.547799259349276],[126.9590465603224,37.54777215682622],[126.95915059198768,37.54786696947462],[126.95899423043717,37.54795905765448],[126.95919802723212,37.548130436341964],[126.95934960479816,37.54803770107697],[126.95967720875579,37.54831313891914],[126.95979918539823,37.54843549163714],[126.95984052578744,37.54843122652649],[126.95991378143606,37.548461147247686],[126.95990038899554,37.5484708462042],[126.95997967086925,37.54853083508536],[126.96007511542827,37.548564935098426],[126.96012552730978,37.548609119369324],[126.96005039145989,37.54864315948632],[126.96012004821327,37.54875606911418],[126.96001541186261,37.54880857819159],[126.9600299991719,37.54882777442971],[126.95999400119047,37.548850007249186],[126.96001163605546,37.548883332102655],[126.95997184661796,37.54894720739419],[126.95995389817789,37.548948741773],[126.96023217519716,37.54929960515319],[126.96029868556222,37.54929162758693],[126.96032310381496,37.54931645841289],[126.96064427720128,37.549390144951815],[126.9607291961256,37.549431541518686],[126.9606325298181,37.54953707451146],[126.96048081713603,37.54948555727565],[126.96045668880551,37.54953026507542],[126.9604089385365,37.54952167102691],[126.96060999995419,37.549783758059924],[126.96064794762388,37.549693843283706],[126.96090976440193,37.54977511290227],[126.96084417382232,37.54992239335154],[126.96070079582657,37.54990001732165],[126.96092048944743,37.550156019549476],[126.96098837909226,37.55021446312513],[126.96208827078836,37.55109431075479],[126.96241468307693,37.5513388671162],[126.96256331128488,37.55125144985455],[126.96264666345344,37.55116270089407],[126.96283982083546,37.55103332887667],[126.96306700550089,37.550813245051565],[126.96318965208069,37.55066264825587],[126.96323624372138,37.55056229388224],[126.96323527747204,37.55046015723677],[126.96349102758488,37.550184463657736],[126.96352066020745,37.55007422883963],[126.96354824231466,37.55004409956262],[126.96350938699148,37.55001140811867],[126.963499136929,37.549725519463216],[126.96345014474704,37.54919850497797],[126.96332375325362,37.54917585829771],[126.96309431309807,37.549202354092905],[126.96311350109622,37.549100728533986],[126.96321025469427,37.549124059591854],[126.96321647390013,37.54893429394982],[126.96336547763946,37.548929251584944],[126.96337787997473,37.54890759576338],[126.9633492439037,37.54885268010818],[126.9633841797141,37.54884765485438],[126.96341962909167,37.54887857029441]]]},"properties":{"projectName":"공덕8구역","projectType":"신속통합기획","programTags":["fast_track_planning"],"stageName":"기획완료","districtCode":"11440","districtName":"마포구","regionName":"서울특별시 마포구","areaSquareMeters":82586.0,"noticeDate":"","bounds":[126.958571,37.547227,126.963548,37.551339],"sourceName":"서울특별시 도시계획사업 현황(서울플랜+) 공간정보 OA-22712","sourceUrl":"https://data.seoul.go.kr/dataList/OA-22712/F/1/datasetView.do","sourceLicense":"공공누리 제4유형(출처표시·상업적이용금지·변경금지)","sourceBaseDate":"2026-02"}},{"type":"Feature","id":"11000UQ120PS202407010856","geometry":{"type":"Polygon","coordinates":[[[126.9856848049144,37.571144331573066],[126.98705549589369,37.571128992435575],[126.98723785107967,37.57120830156114],[126.98737838679143,37.57101526381728],[126.98744861118406,37.570907649209666],[126.98746334395675,37.570454057624715],[126.98738507331336,37.57038605973205],[126.98734282681457,37.5703852617977],[126.98733603497968,37.570505362671625],[126.98679554630328,37.5704690587731],[126.9858201403149,37.57048484455199],[126.98581964650516,37.57039987952374],[126.98586766280339,37.570361586703974],[126.98567133657517,37.570365497832114],[126.98568387950733,37.5704145943471],[126.9856848049144,37.571144331573066]]]},"properties":{"projectName":"공평15·16지구","projectType":"신속통합기획","programTags":["fast_track_planning"],"stageName":"기획완료","districtCode":"11110","districtName":"종로구","regionName":"서울특별시 종로구","areaSquareMeters":12860.0,"noticeDate":"","bounds":[126.985671,37.570362,126.987463,37.571208],"sourceName":"서울특별시 도시계획사업 현황(서울플랜+) 공간정보 OA-22712","sourceUrl":"https://data.seoul.go.kr/dataList/OA-22712/F/1/datasetView.do","sourceLicense":"공공누리 제4유형(출처표시·상업적이용금지·변경금지)","sourceBaseDate":"2026-02"}},{"type":"Feature","id":"11000UQ120PS202601310035","geometry":{"type":"MultiPolygon","coordinates":[[[[126.99034733767479,37.56995295332416],[126.9895713012316,37.56987225693765],[126.98956861330866,37.56997578018703],[126.98970070568483,37.57008225422354],[126.99032425567866,37.570115336202534],[126.99034733767479,37.56995295332416]]],[[[126.99069897707281,37.569867338153294],[126.9906418152007,37.56985892668282],[126.99064737477464,37.56976908967941],[126.99062953535993,37.56976925922316],[126.99062448868418,37.56983475157687],[126.99053957105079,37.569830292829856],[126.99052153423511,37.56994116673556],[126.9906898068301,37.569955949482825],[126.99069897707281,37.569867338153294]]]]},"properties":{"projectName":"관수동구역소단위정비1지구","projectType":"신속통합기획","programTags":["fast_track_planning"],"stageName":"대상지선정(추진중)","districtCode":"11110","districtName":"종로구","regionName":"서울특별시 종로구","areaSquareMeters":1495.0,"noticeDate":"","bounds":[126.989569,37.569769,126.990699,37.570115],"sourceName":"서울특별시 도시계획사업 현황(서울플랜+) 공간정보 OA-22712","sourceUrl":"https://data.seoul.go.kr/dataList/OA-22712/F/1/datasetView.do","sourceLicense":"공공누리 제4유형(출처표시·상업적이용금지·변경금지)","sourceBaseDate":"2026-02"}},{"type":"Feature","id":"11000UQ120PS202407010970","geometry":{"type":"Polygon","coordinates":[[[127.10207996225029,37.542937833442245],[127.1023956281962,37.54317423674411],[127.1026445078191,37.54328148517337],[127.10302237265037,37.54350563407711],[127.10334304808141,37.54377728631941],[127.10419103915206,37.544716538623604],[127.10444881925297,37.544798142270096],[127.1065518190739,37.54421037572664],[127.10647730250253,37.54411891925249],[127.10647447581697,37.54408819795073],[127.1063677341389,37.54401378977342],[127.10647581836676,37.54391583705864],[127.10662860925667,37.544019017873765],[127.10672993157581,37.54394079365207],[127.10418586616255,37.54170325724121],[127.10337192208505,37.54177035615288],[127.10339918339623,37.54202208781542],[127.10289579668277,37.54201693486814],[127.10267280307855,37.541971517872135],[127.10261238655004,37.54192615961141],[127.1025861985041,37.54195622109908],[127.10259078645173,37.54199367140868],[127.10250129631991,37.54226350495475],[127.10244864723539,37.54237319167007],[127.10215946066847,37.54269130841027],[127.10207996225029,37.542937833442245]]]},"properties":{"projectName":"광장극동","projectType":"신속통합기획","programTags":["fast_track_planning"],"stageName":"대상지선정(추진중)","districtCode":"11215","districtName":"광진구","regionName":"서울특별시 광진구","areaSquareMeters":76364.0,"noticeDate":"","bounds":[127.10208,37.541703,127.10673,37.544798],"sourceName":"서울특별시 도시계획사업 현황(서울플랜+) 공간정보 OA-22712","sourceUrl":"https://data.seoul.go.kr/dataList/OA-22712/F/1/datasetView.do","sourceLicense":"공공누리 제4유형(출처표시·상업적이용금지·변경금지)","sourceBaseDate":"2026-02"}},{"type":"Feature","id":"11000UQ120PS202601310036","geometry":{"type":"Polygon","coordinates":[[[126.958201817701,37.60907527455032],[126.95827253979151,37.60892707995064],[126.95805865029516,37.608906098599576],[126.95800450000638,37.60891270987356],[126.95799405796365,37.608932284360435],[126.95784565257037,37.60889033387627],[126.95787422795946,37.60882950113663],[126.95796474007714,37.60871276731262],[126.95791296363056,37.608688466729646],[126.95789685222438,37.6086225809738],[126.9577762284534,37.60867728900222],[126.95766532455082,37.60886203924381],[126.95759144954292,37.60891960253567],[126.95752754681995,37.60900528013416],[126.95750212354014,37.60909774743831],[126.95740054762523,37.60911472905875],[126.95743893305601,37.60916593719324],[126.9575243139282,37.60922555999408],[126.95759347048127,37.60935399369042],[126.95752739923918,37.609352004940455],[126.95752436483328,37.60936987027969],[126.95743261407736,37.609395207690824],[126.95727240385075,37.6094350612313],[126.95726074632906,37.609422136780445],[126.9570560134748,37.609503814918995],[126.95698277700487,37.60949530906576],[126.9569234500376,37.60954058802975],[126.956838757708,37.609560756009586],[126.95681326455089,37.609579009257175],[126.95680505646838,37.60964990440724],[126.95674647070143,37.60964859379228],[126.95672241431511,37.609707130461764],[126.95663204118819,37.609700419848934],[126.95671114312678,37.60978657475826],[126.95665974227087,37.609777491355],[126.95667850073059,37.60992261060999],[126.95691015061433,37.60992548243031],[126.95698605981072,37.609896841858024],[126.95708364456746,37.60988951761896],[126.9571713186422,37.609921796734504],[126.9571751773899,37.60996541471205],[126.95720219614127,37.6100101405859],[126.9572773543664,37.610006465749365],[126.95766974666454,37.61012637068817],[126.95788979457839,37.61006077067121],[126.95800882217483,37.61008628536768],[126.95814639145347,37.61014783701977],[126.95821390610377,37.61012279650038],[126.95831300755637,37.610156529539886],[126.9582739280895,37.6100697777135],[126.958230311468,37.610053805336214],[126.95821656860822,37.610003849865656],[126.958526825448,37.609993439827804],[126.95856526863564,37.60996603695047],[126.95869607449414,37.60993288330727],[126.95878971136113,37.609857730316165],[126.9589178599349,37.609836558522254],[126.95899399444646,37.60972893667406],[126.95903922045974,37.6097029686459],[126.9592469578233,37.60967268915874],[126.95924889861921,37.609625343259],[126.95927058161773,37.609594546454275],[126.95916743834049,37.609519025227506],[126.95914830815593,37.60946183304306],[126.95918023840075,37.6093950457072],[126.95915040770745,37.60935433765089],[126.9590697181708,37.60932741434712],[126.9589550224364,37.609234004285234],[126.95895906067486,37.60920289483689],[126.95888286663416,37.60915772814237],[126.95882570673116,37.60907975452431],[126.95828268033544,37.60921693315058],[126.958201817701,37.60907527455032]]]},"properties":{"projectName":"구기현대궁전빌라","projectType":"신속통합기획","programTags":["fast_track_planning"],"stageName":"대상지선정(추진중)","districtCode":"11110","districtName":"종로구","regionName":"서울특별시 종로구","areaSquareMeters":19301.0,"noticeDate":"","bounds":[126.956632,37.608623,126.959271,37.610157],"sourceName":"서울특별시 도시계획사업 현황(서울플랜+) 공간정보 OA-22712","sourceUrl":"https://data.seoul.go.kr/dataList/OA-22712/F/1/datasetView.do","sourceLicense":"공공누리 제4유형(출처표시·상업적이용금지·변경금지)","sourceBaseDate":"2026-02"}},{"type":"Feature","id":"11000UQ120PS202601310011","geometry":{"type":"Polygon","coordinates":[[[126.88023677473262,37.49511744674345],[126.88201343350227,37.496086659678404],[126.88205594665831,37.496090396767755],[126.88232631277153,37.496028500915976],[126.88226906872006,37.49590149241511],[126.8824367419093,37.495847962001775],[126.88246858593625,37.495805196647375],[126.8823893430685,37.49564527957157],[126.88229123737031,37.49532956069052],[126.88227543200098,37.49514246131724],[126.88222859565138,37.49511280721143],[126.88228241816566,37.49504429551971],[126.88213831712912,37.49492458743801],[126.8822829215471,37.494798773800056],[126.88221780802583,37.494714464660596],[126.88217113652982,37.49455295849609],[126.88224319428977,37.49453690337976],[126.88221157911583,37.494436049663335],[126.8821563775483,37.494447616795846],[126.8819996664209,37.4939394750733],[126.88202353476865,37.493934093220986],[126.8819766780051,37.493818447629266],[126.88201151613946,37.493812356078465],[126.88193058845935,37.493576302506426],[126.881609983753,37.49338028053462],[126.88148746681269,37.493342584462674],[126.88147147684404,37.49322994331147],[126.88150140973939,37.49310914971998],[126.88133065085401,37.49304527549096],[126.88137682712912,37.492949456130226],[126.88123774886967,37.49280362303856],[126.8812703250546,37.492726981155165],[126.88137493015829,37.49265122342684],[126.88219648815021,37.492691159356276],[126.88198729463714,37.49212340839173],[126.88167334244864,37.492084617680604],[126.88149655786512,37.49211318011135],[126.8806792217695,37.492053782046305],[126.8807261011502,37.49201301470863],[126.88044916513684,37.49180991628271],[126.88027776973298,37.491932366556014],[126.88025699530242,37.4919127935487],[126.88023637419165,37.492218030986955],[126.88024412233095,37.492811076713835],[126.88019116402717,37.493463706204665],[126.88017227767946,37.49423395097937],[126.88010330224884,37.494651042679685],[126.88009706068597,37.494944131240175],[126.88023677473262,37.49511744674345]]]},"properties":{"projectName":"구로동 466","projectType":"신속통합기획","programTags":["fast_track_planning"],"stageName":"대상지선정(추진중)","districtCode":"11530","districtName":"구로구","regionName":"서울특별시 구로구","areaSquareMeters":63871.0,"noticeDate":"","bounds":[126.880097,37.49181,126.882469,37.49609],"sourceName":"서울특별시 도시계획사업 현황(서울플랜+) 공간정보 OA-22712","sourceUrl":"https://data.seoul.go.kr/dataList/OA-22712/F/1/datasetView.do","sourceLicense":"공공누리 제4유형(출처표시·상업적이용금지·변경금지)","sourceBaseDate":"2026-02"}},{"type":"Feature","id":"11000UQ120PS202505310013","geometry":{"type":"Polygon","coordinates":[[[126.88348434485907,37.48729113954729],[126.88347251399243,37.486689890274945],[126.883252133307,37.4866245275768],[126.88304014519431,37.486614854700576],[126.88285190039625,37.48667737541427],[126.88269931335225,37.48685652112258],[126.88200289199376,37.48694663957159],[126.88182038507746,37.487096921860775],[126.88167229226627,37.48715029115523],[126.88166484346353,37.487212452612425],[126.88168108522744,37.48730842560464],[126.88148320916318,37.487311198049056],[126.88152214900197,37.487425124021044],[126.88140928112635,37.487440326344434],[126.88140707368255,37.48740662669508],[126.88129974924847,37.48741994244861],[126.88130715831,37.48752392540249],[126.88106548595808,37.48755016868403],[126.88104986107538,37.48756339745622],[126.88106476674757,37.48757557615425],[126.88104417055258,37.487586457257244],[126.88097057952034,37.48750520208873],[126.88094210840217,37.487561575645714],[126.88084652621497,37.48751498646107],[126.88084548540158,37.48752940140009],[126.88052986090977,37.48748817322653],[126.88049715298865,37.48750724093278],[126.88045279366014,37.48773974361689],[126.88063158997441,37.488070503603815],[126.8810032785688,37.488195491602966],[126.88145144046362,37.4882273026647],[126.88142704719009,37.48820853707385],[126.88156146232537,37.48808343460957],[126.88154264990071,37.48796871820208],[126.88155373194398,37.487968008654256],[126.88154553619424,37.48786078132434],[126.88203728086943,37.487859657806354],[126.88224750916355,37.48812494442411],[126.88231447193705,37.48825160250479],[126.88243250057724,37.48833380262338],[126.88278741605976,37.48834298960025],[126.88450080690481,37.48832694921017],[126.88467171091632,37.48785688640743],[126.884917403707,37.487280669223665],[126.88348434485907,37.48729113954729]]]},"properties":{"projectName":"구로동 719","projectType":"신속통합기획","programTags":["fast_track_planning"],"stageName":"대상지선정(추진중)","districtCode":"11530","districtName":"구로구","regionName":"서울특별시 구로구","areaSquareMeters":44231.0,"noticeDate":"","bounds":[126.880453,37.486615,126.884917,37.488343],"sourceName":"서울특별시 도시계획사업 현황(서울플랜+) 공간정보 OA-22712","sourceUrl":"https://data.seoul.go.kr/dataList/OA-22712/F/1/datasetView.do","sourceLicense":"공공누리 제4유형(출처표시·상업적이용금지·변경금지)","sourceBaseDate":"2026-02"}},{"type":"Feature","id":"11000UQ120PS202407010972","geometry":{"type":"Polygon","coordinates":[[[126.8898369076089,37.50355683256483],[126.88950433029989,37.50338388652851],[126.88952959659498,37.503352826059306],[126.88919713345409,37.5031802396606],[126.88829162260691,37.50428489944779],[126.88834976006468,37.50450533916646],[126.88993096777394,37.50532756193621],[126.89009714807021,37.50529978786538],[126.89035514543923,37.50498461601778],[126.88917112588183,37.504369463418335],[126.8898369076089,37.50355683256483]]]},"properties":{"projectName":"구로우성","projectType":"신속통합기획","programTags":["fast_track_planning"],"stageName":"기획완료","districtCode":"11530","districtName":"구로구","regionName":"서울특별시 구로구","areaSquareMeters":16814.0,"noticeDate":"","bounds":[126.888292,37.50318,126.890355,37.505328],"sourceName":"서울특별시 도시계획사업 현황(서울플랜+) 공간정보 OA-22712","sourceUrl":"https://data.seoul.go.kr/dataList/OA-22712/F/1/datasetView.do","sourceLicense":"공공누리 제4유형(출처표시·상업적이용금지·변경금지)","sourceBaseDate":"2026-02"}},{"type":"Feature","id":"11000UQ120PS202505310014","geometry":{"type":"Polygon","coordinates":[[[126.87680071445827,37.49550913779546],[126.8772057474325,37.49552497173878],[126.87730513874806,37.49402734567339],[126.87742013039022,37.494033593304984],[126.87775163866587,37.49357884637936],[126.8777569494041,37.49351271860328],[126.87610449244117,37.49346646674516],[126.87612483591894,37.49313465033453],[126.87569448146752,37.493121849123206],[126.87570585190703,37.49294968027859],[126.8759246438674,37.4929580220502],[126.87593380524316,37.49282171060106],[126.87561692614756,37.492775242196245],[126.87562922567307,37.49258856825029],[126.87594830992205,37.49260071089339],[126.87597534695443,37.49218844233094],[126.87560425343905,37.492173721548106],[126.87561753991876,37.491937944168924],[126.87563223892676,37.491938500430756],[126.87563992797793,37.491871203967456],[126.87569182661535,37.49187324144749],[126.87569368117249,37.491846213440176],[126.8757517985285,37.4918485278161],[126.875768998386,37.491571398697054],[126.8747784701137,37.4913606777474],[126.87450471696745,37.491559324460574],[126.87451312347588,37.491803504342215],[126.87410975327035,37.49201921981018],[126.87397216133313,37.49187310945772],[126.87366230064542,37.49202423254785],[126.87359694431761,37.49321663434536],[126.87226361531506,37.49316355596835],[126.87221561210177,37.49313160807265],[126.87218225543599,37.49326194614286],[126.87492034067009,37.493394024920434],[126.87479679710044,37.49537158531702],[126.87480706772423,37.49538330931775],[126.87679908010897,37.49547192481713],[126.87680071445827,37.49550913779546]],[[126.87641866298999,37.49378287031482],[126.87618120390005,37.493778474052185],[126.87613037972298,37.49353875435412],[126.87642731579113,37.49354420480385],[126.87641866298999,37.49378287031482]]]},"properties":{"projectName":"구로주공","projectType":"신속통합기획","programTags":["fast_track_planning"],"stageName":"대상지선정(추진중)","districtCode":"11530","districtName":"구로구","regionName":"서울특별시 구로구","areaSquareMeters":119243.0,"noticeDate":"","bounds":[126.872182,37.491361,126.877757,37.495525],"sourceName":"서울특별시 도시계획사업 현황(서울플랜+) 공간정보 OA-22712","sourceUrl":"https://data.seoul.go.kr/dataList/OA-22712/F/1/datasetView.do","sourceLicense":"공공누리 제4유형(출처표시·상업적이용금지·변경금지)","sourceBaseDate":"2026-02"}},{"type":"Feature","id":"11000UQ120PS202407010866","geometry":{"type":"Polygon","coordinates":[[[126.82893312263268,37.4962227417514],[126.82924242699133,37.496065158080384],[126.82979202650559,37.49511891885595],[126.83023748317534,37.495281166756705],[126.8307671346621,37.494347057410195],[126.83076636184532,37.49423947706676],[126.83125642461737,37.49345361251014],[126.8304230099466,37.493434685911275],[126.83042129363162,37.49337410928461],[126.83032998626024,37.49341217936701],[126.8302670793847,37.493412718902384],[126.83011519435968,37.493718567896465],[126.83003647651267,37.493922890255796],[126.82982997589184,37.49385451270622],[126.82978261456164,37.493796870062305],[126.8296204739959,37.49381695899708],[126.82932722332995,37.49378346532524],[126.82867745339558,37.49410781488368],[126.82826607794765,37.494348950264396],[126.82810316273563,37.49453026244905],[126.8280115194766,37.49474663783096],[126.8278119991061,37.494961863477634],[126.82756220160745,37.49530387533168],[126.82755529096552,37.4954068492671],[126.8275980357854,37.49550440021735],[126.82771723073027,37.49559909034394],[126.82772605309675,37.49579344865374],[126.82893312263268,37.4962227417514]]]},"properties":{"projectName":"궁동 우신빌라","projectType":"신속통합기획","programTags":["fast_track_planning"],"stageName":"기획완료","districtCode":"11530","districtName":"구로구","regionName":"서울특별시 구로구","areaSquareMeters":51071.0,"noticeDate":"","bounds":[126.827555,37.493374,126.831256,37.496223],"sourceName":"서울특별시 도시계획사업 현황(서울플랜+) 공간정보 OA-22712","sourceUrl":"https://data.seoul.go.kr/dataList/OA-22712/F/1/datasetView.do","sourceLicense":"공공누리 제4유형(출처표시·상업적이용금지·변경금지)","sourceBaseDate":"2026-02"}},{"type":"Feature","id":"11000UQ120PS202407010967","geometry":{"type":"Polygon","coordinates":[[[126.97841878409122,37.60898959381985],[126.97822528948609,37.60907629692538],[126.9781364929992,37.60909429900492],[126.9781365358512,37.608957413723765],[126.97783723896305,37.60906009842543],[126.97754831734296,37.608990547356505],[126.97737764922121,37.608765104894005],[126.97735878701197,37.60867724627784],[126.9773195255115,37.6085935730427],[126.97640740650344,37.60806617282875],[126.975408347115,37.60808318280203],[126.97511641421337,37.60805930489619],[126.97485091170766,37.607979886695816],[126.97437647223938,37.60824105433584],[126.97458536204618,37.60844112021144],[126.97466222278717,37.608388826709],[126.97478465658979,37.60833553438841],[126.9749225072994,37.60830442759434],[126.97509732646563,37.60829690762219],[126.97524158319928,37.6083089679405],[126.97558438835769,37.6083706078747],[126.97561957359339,37.60854065794411],[126.97568218132008,37.608634355778634],[126.97588395084348,37.608739066858966],[126.97637434805871,37.608705845036155],[126.976734013636,37.60875063685501],[126.97691728927946,37.608859612936264],[126.97699882292194,37.609024230302374],[126.97723341262875,37.60924464097491],[126.97730244304181,37.60934275407197],[126.9773523968743,37.60938556095271],[126.97761310905645,37.60945248492862],[126.97786783370114,37.609366402381085],[126.97776215663254,37.6092942125036],[126.97805912829722,37.6093034078672],[126.97815490126204,37.60924994457909],[126.97844402652231,37.6090319998706],[126.97841878409122,37.60898959381985]]]},"properties":{"projectName":"금강하이츠빌라","projectType":"신속통합기획","programTags":["fast_track_planning"],"stageName":"기획완료","districtCode":"11110","districtName":"종로구","regionName":"서울특별시 종로구","areaSquareMeters":16934.0,"noticeDate":"","bounds":[126.974376,37.60798,126.978444,37.609452],"sourceName":"서울특별시 도시계획사업 현황(서울플랜+) 공간정보 OA-22712","sourceUrl":"https://data.seoul.go.kr/dataList/OA-22712/F/1/datasetView.do","sourceLicense":"공공누리 제4유형(출처표시·상업적이용금지·변경금지)","sourceBaseDate":"2026-02"}},{"type":"Feature","id":"11000UQ120PS202407010857","geometry":{"type":"Polygon","coordinates":[[[127.02242760527623,37.550963218165876],[127.02334263882275,37.55083456498189],[127.02376505485461,37.550701053000665],[127.02385580849024,37.5506315406334],[127.02430263927671,37.5504285277677],[127.02502525517914,37.55013511355268],[127.02515614115487,37.55001694677569],[127.02522593781762,37.54992520018018],[127.02534328386089,37.54996602569572],[127.02584055281844,37.550045121433385],[127.02587520535518,37.54977193379742],[127.02581201844578,37.54946978142262],[127.02583933694453,37.5494375833857],[127.02566525995299,37.548356844091415],[127.02554425497183,37.54838848455815],[127.02539909222676,37.54835665495105],[127.02547618168474,37.54822677945669],[127.02538439461065,37.54818573986794],[127.02356484203993,37.54826603494965],[127.02357272034509,37.548339001161835],[127.02358756169488,37.5483473379647],[127.02360772979985,37.54864407207241],[127.02338516510905,37.54866079444831],[127.02312376931543,37.548707058910416],[127.02295292684535,37.54874948348545],[127.02287286360924,37.54880978511772],[127.02273803349168,37.54887982635359],[127.02229138691213,37.54894975241218],[127.02229050500469,37.54891987029226],[127.02179472081825,37.54885394353866],[127.02145170198693,37.548859565560704],[127.0213583169483,37.5488852955775],[127.02141509444903,37.5490360867278],[127.02176424217093,37.54909439719673],[127.02200167683647,37.549184695032956],[127.02243694121493,37.54971519709956],[127.02259889755526,37.54986701052559],[127.02273336406253,37.550028557568965],[127.02275258030676,37.550075809293894],[127.02267782469738,37.55037065040348],[127.02261480977003,37.55053032449041],[127.02252277246146,37.55069087226064],[127.02245579930225,37.55074856469443],[127.0224454660671,37.55085341484192],[127.022420603033,37.550899980654826],[127.02242760527623,37.550963218165876]]]},"properties":{"projectName":"금호21구역","projectType":"신속통합기획","programTags":["fast_track_planning"],"stageName":"기획완료","districtCode":"11200","districtName":"성동구","regionName":"서울특별시 성동구","areaSquareMeters":75447.0,"noticeDate":"","bounds":[127.021358,37.548186,127.025875,37.550963],"sourceName":"서울특별시 도시계획사업 현황(서울플랜+) 공간정보 OA-22712","sourceUrl":"https://data.seoul.go.kr/dataList/OA-22712/F/1/datasetView.do","sourceLicense":"공공누리 제4유형(출처표시·상업적이용금지·변경금지)","sourceBaseDate":"2026-02"}},{"type":"Feature","id":"11000UQ120PS202601310038","geometry":{"type":"Polygon","coordinates":[[[126.97603293281065,37.55803163014984],[126.97624398370101,37.55759032744073],[126.97552629426396,37.55729559839822],[126.97533406932557,37.55764230369101],[126.9750475495273,37.55801855172722],[126.97418172946132,37.5585289768883],[126.97474016500756,37.559153701535415],[126.97543209142536,37.558971771826066],[126.97549281073749,37.55884320498867],[126.97555165322265,37.558773742628716],[126.97595831467109,37.558398983594266],[126.97603293281065,37.55803163014984]]]},"properties":{"projectName":"남대문로5가 18-5","projectType":"신속통합기획","programTags":["fast_track_planning"],"stageName":"대상지선정(추진중)","districtCode":"11140","districtName":"중구","regionName":"서울특별시 중구","areaSquareMeters":18000.0,"noticeDate":"","bounds":[126.974182,37.557296,126.976244,37.559154],"sourceName":"서울특별시 도시계획사업 현황(서울플랜+) 공간정보 OA-22712","sourceUrl":"https://data.seoul.go.kr/dataList/OA-22712/F/1/datasetView.do","sourceLicense":"공공누리 제4유형(출처표시·상업적이용금지·변경금지)","sourceBaseDate":"2026-02"}},{"type":"Feature","id":"11000UQ120PS202407010899","geometry":{"type":"Polygon","coordinates":[[[126.90368767859182,37.53481504344598],[126.90377457454566,37.53486437268339],[126.90420510612837,37.53496395457374],[126.90459941269441,37.53492227451583],[126.90544369688266,37.53424259742838],[126.90586504235652,37.533835447245956],[126.90611220864672,37.53351471337774],[126.90659664592867,37.53269610078325],[126.9066417593319,37.5326830005486],[126.90617195114451,37.53235537239181],[126.9061042685789,37.53235829101113],[126.90567734001063,37.53264454233304],[126.9055563945193,37.53274249923566],[126.90545626909659,37.532785224035585],[126.90523531312166,37.53278303489794],[126.90513560798789,37.53275393257725],[126.90506832872458,37.53271571157427],[126.90501675121081,37.53292482604094],[126.90501341651635,37.53302796002315],[126.90494973939734,37.53303010639866],[126.9049114137592,37.53319236197111],[126.9047872704378,37.533329562727396],[126.90473250877884,37.533418977485475],[126.90465309433316,37.5336480710017],[126.90447741071992,37.53394550681737],[126.90443706843644,37.53400398416001],[126.90415946549194,37.53424976281562],[126.90411974693235,37.534254604439916],[126.90407083754226,37.53429717206002],[126.9038254446605,37.53462879607967],[126.9036126651507,37.534737775190834],[126.90368767859182,37.53481504344598]]]},"properties":{"projectName":"당산1구역","projectType":"신속통합기획","programTags":["fast_track_planning"],"stageName":"기획완료","districtCode":"11560","districtName":"영등포구","regionName":"서울특별시 영등포구","areaSquareMeters":29742.0,"noticeDate":"","bounds":[126.903613,37.532355,126.906642,37.534964],"sourceName":"서울특별시 도시계획사업 현황(서울플랜+) 공간정보 OA-22712","sourceUrl":"https://data.seoul.go.kr/dataList/OA-22712/F/1/datasetView.do","sourceLicense":"공공누리 제4유형(출처표시·상업적이용금지·변경금지)","sourceBaseDate":"2026-02"}},{"type":"Feature","id":"11000UQ120PS202601310028","geometry":{"type":"Polygon","coordinates":[[[126.89756176736653,37.531717923970525],[126.89646896503741,37.53031802937255],[126.89640273171685,37.530305068214545],[126.8955216662047,37.530743073700165],[126.89551321140492,37.53079359383326],[126.89660730914397,37.53218971413236],[126.89756176736653,37.531717923970525]]]},"properties":{"projectName":"당산현대3차","projectType":"신속통합기획","programTags":["fast_track_planning"],"stageName":"대상지선정(추진중)","districtCode":"11560","districtName":"영등포구","regionName":"서울특별시 영등포구","areaSquareMeters":18571.0,"noticeDate":"","bounds":[126.895513,37.530305,126.897562,37.53219],"sourceName":"서울특별시 도시계획사업 현황(서울플랜+) 공간정보 OA-22712","sourceUrl":"https://data.seoul.go.kr/dataList/OA-22712/F/1/datasetView.do","sourceLicense":"공공누리 제4유형(출처표시·상업적이용금지·변경금지)","sourceBaseDate":"2026-02"}},{"type":"Feature","id":"11000UQ120PS202407010922","geometry":{"type":"Polygon","coordinates":[[[126.90129086640944,37.49330398946705],[126.90176362257594,37.49361210788161],[126.90297506904189,37.49446656095207],[126.90321682981048,37.49412519262459],[126.9033461222047,37.494179360984624],[126.9035130246319,37.494182022346486],[126.90356985867865,37.49412999081686],[126.90367409711006,37.494146205074074],[126.90373349070401,37.49421247859393],[126.90382853872285,37.49425256158894],[126.90382879922427,37.49431301885551],[126.9040508912958,37.49439789621004],[126.90416835013099,37.4942392009383],[126.90463950775631,37.49376749069688],[126.90442693201693,37.49356504184219],[126.90430064624901,37.49348589332115],[126.903511412482,37.492793544005],[126.9025508378379,37.49191182701924],[126.90245647118824,37.49189798967307],[126.90129086640944,37.49330398946705]]]},"properties":{"projectName":"대림1구역","projectType":"신속통합기획","programTags":["fast_track_planning"],"stageName":"기획완료","districtCode":"11560","districtName":"영등포구","regionName":"서울특별시 영등포구","areaSquareMeters":42430.0,"noticeDate":"","bounds":[126.901291,37.491898,126.90464,37.494467],"sourceName":"서울특별시 도시계획사업 현황(서울플랜+) 공간정보 OA-22712","sourceUrl":"https://data.seoul.go.kr/dataList/OA-22712/F/1/datasetView.do","sourceLicense":"공공누리 제4유형(출처표시·상업적이용금지·변경금지)","sourceBaseDate":"2026-02"}},{"type":"Feature","id":"11000UQ120PS202601310027","geometry":{"type":"Polygon","coordinates":[[[126.90025463638696,37.49689444603189],[126.90047059992919,37.496931157430815],[126.90060214412203,37.49709563908053],[126.90068673362605,37.497043336242136],[126.90088576325313,37.49718553938915],[126.90087811971492,37.49719324542816],[126.90089227916762,37.497200717758844],[126.90083514731401,37.49726929816363],[126.90101263360432,37.49729453308928],[126.90118207440077,37.4971631222748],[126.9014852905716,37.49697432281004],[126.90170384548126,37.496763935212336],[126.90140070410659,37.49702482422612],[126.9013281805809,37.49706066755048],[126.90129355942437,37.49703136473406],[126.90126769072074,37.496976895426926],[126.90151213856173,37.49668460232422],[126.90184577780309,37.496184640650604],[126.90061928264646,37.49540979459089],[126.90048897161921,37.495440137001346],[126.8998960707321,37.49681024615695],[126.90003970451059,37.49683089436844],[126.90023132278804,37.49692474465843],[126.90025463638696,37.49689444603189]]]},"properties":{"projectName":"대림우성","projectType":"신속통합기획","programTags":["fast_track_planning"],"stageName":"대상지선정(추진중)","districtCode":"11560","districtName":"영등포구","regionName":"서울특별시 영등포구","areaSquareMeters":19749.0,"noticeDate":"","bounds":[126.899896,37.49541,126.901846,37.497295],"sourceName":"서울특별시 도시계획사업 현황(서울플랜+) 공간정보 OA-22712","sourceUrl":"https://data.seoul.go.kr/dataList/OA-22712/F/1/datasetView.do","sourceLicense":"공공누리 제4유형(출처표시·상업적이용금지·변경금지)","sourceBaseDate":"2026-02"}},{"type":"Feature","id":"11000UQ120PS202407010870","geometry":{"type":"Polygon","coordinates":[[[127.06674154042076,37.49532510087664],[127.06914807180578,37.49609047113457],[127.06997545370356,37.494252300106474],[127.0706163435896,37.4944448309979],[127.0708128892449,37.49409071318262],[127.07076129481418,37.493830328438285],[127.07028830849208,37.49337877323093],[127.06955730244319,37.49263983433201],[127.06888663558613,37.49209939173658],[127.06806996797233,37.491613796694764],[127.0672620197806,37.491258265775755],[127.06646276777026,37.49101226180242],[127.06580111951315,37.49091678788617],[127.06543178963729,37.491047067433534],[127.06490823206444,37.491670344123065],[127.06395605946399,37.49345083119312],[127.06718741645336,37.49429794429347],[127.06674154042076,37.49532510087664]]]},"properties":{"projectName":"대치 미도","projectType":"신속통합기획","programTags":["fast_track_planning"],"stageName":"기획완료","districtCode":"11680","districtName":"강남구","regionName":"서울특별시 강남구","areaSquareMeters":195080.0,"noticeDate":"","bounds":[127.063956,37.490917,127.070813,37.49609],"sourceName":"서울특별시 도시계획사업 현황(서울플랜+) 공간정보 OA-22712","sourceUrl":"https://data.seoul.go.kr/dataList/OA-22712/F/1/datasetView.do","sourceLicense":"공공누리 제4유형(출처표시·상업적이용금지·변경금지)","sourceBaseDate":"2026-02"}},{"type":"Feature","id":"11000UQ120PS202601310001","geometry":{"type":"Polygon","coordinates":[[[127.06005333637164,37.492740783624],[127.06007679733702,37.49280978857976],[127.06150628555186,37.493464278386064],[127.06187778681152,37.492948537147775],[127.0634191708668,37.49365430354585],[127.06457988862932,37.49145543042963],[127.06461395929486,37.49136242904379],[127.06463328677698,37.4912179884247],[127.06459897699919,37.491026544248555],[127.06452977526189,37.49089224207281],[127.06442643752851,37.49077264433519],[127.0642937174817,37.49067306432168],[127.06412312582519,37.490583054832044],[127.06404485683316,37.490557327677614],[127.0633939052919,37.49044216217313],[127.06246549753784,37.491750266066504],[127.06118975756272,37.49116445641431],[127.06005333637164,37.492740783624]]]},"properties":{"projectName":"대치선경","projectType":"신속통합기획","programTags":["fast_track_planning"],"stageName":"대상지선정(추진중)","districtCode":"11680","districtName":"강남구","regionName":"서울특별시 강남구","areaSquareMeters":79269.0,"noticeDate":"","bounds":[127.060053,37.490442,127.064633,37.493654],"sourceName":"서울특별시 도시계획사업 현황(서울플랜+) 공간정보 OA-22712","sourceUrl":"https://data.seoul.go.kr/dataList/OA-22712/F/1/datasetView.do","sourceLicense":"공공누리 제4유형(출처표시·상업적이용금지·변경금지)","sourceBaseDate":"2026-02"}},{"type":"Feature","id":"11000UQ120PS202505310003","geometry":{"type":"Polygon","coordinates":[[[127.06890273340855,37.50128741392501],[127.06924877798681,37.501022899134036],[127.06950958869871,37.500862993278545],[127.06984068020152,37.50068697240517],[127.07026770804576,37.5005401051806],[127.07060001411735,37.500470669591614],[127.0710441973176,37.500094692615704],[127.07152857082932,37.49975847823694],[127.0717062513035,37.49987514222963],[127.07182313289161,37.499747392214076],[127.07199600773792,37.499443121069426],[127.07196560985594,37.49938306961724],[127.07126649322622,37.499191941124444],[127.06920071194426,37.49857661625039],[127.06793347988375,37.50089273082711],[127.06798491146077,37.500992802832116],[127.06890273340855,37.50128741392501]]]},"properties":{"projectName":"대치우성1·쌍용2","projectType":"신속통합기획","programTags":["fast_track_planning"],"stageName":"대상지선정(추진중)","districtCode":"11680","districtName":"강남구","regionName":"서울특별시 강남구","areaSquareMeters":54358.0,"noticeDate":"","bounds":[127.067933,37.498577,127.071996,37.501287],"sourceName":"서울특별시 도시계획사업 현황(서울플랜+) 공간정보 OA-22712","sourceUrl":"https://data.seoul.go.kr/dataList/OA-22712/F/1/datasetView.do","sourceLicense":"공공누리 제4유형(출처표시·상업적이용금지·변경금지)","sourceBaseDate":"2026-02"}},{"type":"Feature","id":"11000UQ120PS202505310002","geometry":{"type":"Polygon","coordinates":[[[127.06928490551657,37.49651238830624],[127.06350661437938,37.49478924680254],[127.06341687389376,37.49484461521992],[127.06314600702629,37.495073520576874],[127.06138455970232,37.49835622560302],[127.06164517066487,37.49843993750609],[127.06163637004053,37.4984565591073],[127.06669376050117,37.500081621587064],[127.06690673945687,37.499859768133405],[127.06711209186133,37.49958259720343],[127.06783679816996,37.49873047848216],[127.06894162065812,37.49730762631584],[127.06900058425374,37.497359309994266],[127.06937280779545,37.49667767119371],[127.06928490551657,37.49651238830624]]]},"properties":{"projectName":"대치은마","projectType":"신속통합기획","programTags":["fast_track_planning"],"stageName":"기획완료","districtCode":"11680","districtName":"강남구","regionName":"서울특별시 강남구","areaSquareMeters":243553.0,"noticeDate":"","bounds":[127.061385,37.494789,127.069373,37.500082],"sourceName":"서울특별시 도시계획사업 현황(서울플랜+) 공간정보 OA-22712","sourceUrl":"https://data.seoul.go.kr/dataList/OA-22712/F/1/datasetView.do","sourceLicense":"공공누리 제4유형(출처표시·상업적이용금지·변경금지)","sourceBaseDate":"2026-02"}},{"type":"Feature","id":"11000UQ120PS202601310026","geometry":{"type":"Polygon","coordinates":[[[126.90024493607018,37.508657695640395],[126.90071427542537,37.50864841134634],[126.90069991059976,37.50864067754318],[126.90072356915655,37.508617163688925],[126.9008619437855,37.508671611795066],[126.90096058854945,37.50869039149366],[126.90168604762658,37.50902032120458],[126.90194108388455,37.50905290026885],[126.90319379700594,37.50941262745699],[126.90329331717574,37.509429153442476],[126.90329332023492,37.50944408296432],[126.90351440478878,37.5094596195735],[126.90380423442262,37.509552473138925],[126.90394828855449,37.509573882764165],[126.90420974654056,37.50973261081042],[126.90446616284254,37.509863871747505],[126.90453027312837,37.509843913259665],[126.90468630120344,37.509632379065586],[126.90497647986366,37.50920994087551],[126.90512370644598,37.50894528511151],[126.90530087910366,37.50869117719159],[126.90524457556805,37.508542601951255],[126.90449163163474,37.508196390470985],[126.90295883126159,37.50753302381493],[126.9026970103057,37.507906322486434],[126.90169767243859,37.50748441026464],[126.9016184092658,37.507494947999966],[126.90145478044559,37.50771212103107],[126.90132893749897,37.50763315008626],[126.90131627523661,37.50764636598565],[126.90107475991755,37.50752061593322],[126.90101188763717,37.50756279219885],[126.90024493607018,37.508657695640395]]]},"properties":{"projectName":"도림동 133-1","projectType":"신속통합기획","programTags":["fast_track_planning"],"stageName":"대상지선정(추진중)","districtCode":"11560","districtName":"영등포구","regionName":"서울특별시 영등포구","areaSquareMeters":63654.0,"noticeDate":"","bounds":[126.900245,37.507484,126.905301,37.509864],"sourceName":"서울특별시 도시계획사업 현황(서울플랜+) 공간정보 OA-22712","sourceUrl":"https://data.seoul.go.kr/dataList/OA-22712/F/1/datasetView.do","sourceLicense":"공공누리 제4유형(출처표시·상업적이용금지·변경금지)","sourceBaseDate":"2026-02"}},{"type":"Feature","id":"11000UQ120PS202601310022","geometry":{"type":"Polygon","coordinates":[[[126.94832538303017,37.535626778928325],[126.94784521393255,37.53561629036539],[126.94777788230284,37.53563283802105],[126.94771834996544,37.53565984071205],[126.94763807763245,37.535735307344545],[126.94758562176285,37.53583367185299],[126.94748187624252,37.535824794698534],[126.94748057300644,37.53574929087699],[126.94738286027668,37.53537740624493],[126.9474756909773,37.535302305925725],[126.94737935611577,37.53521639715088],[126.94724847683646,37.535336889975866],[126.94718418715361,37.53537136845643],[126.94664526000221,37.535568707096836],[126.9465270140885,37.53558523037272],[126.94643583807346,37.535716282388655],[126.9465224787433,37.535752452590586],[126.9467339347572,37.535917522709966],[126.9468443683212,37.536064165463685],[126.94686367561508,37.53611922507804],[126.94687832205923,37.536359526706725],[126.94686130233167,37.5364255616216],[126.94681187509364,37.53655780451353],[126.94659749867238,37.5369781083449],[126.9466566638065,37.537145450232956],[126.94680105730507,37.53742671710634],[126.94685964643304,37.53745422451959],[126.94695175810236,37.53743849973857],[126.94718978570593,37.53758732916096],[126.94715356871002,37.537650055835655],[126.94727029568811,37.5377041690812],[126.94732276393256,37.537747440826536],[126.947496329523,37.53774725004898],[126.94757036810873,37.53768989064842],[126.94764149698597,37.53774506388046],[126.94767240835073,37.53771363332772],[126.9478532380645,37.537839404135944],[126.94788238008849,37.5377506695803],[126.94811305763163,37.53778780492366],[126.94818804833056,37.53782279733264],[126.94830410652352,37.5377049097206],[126.94845484125256,37.53766992892078],[126.94854898125188,37.53766582661377],[126.94865651451178,37.537602084499746],[126.94911744868608,37.53763121178434],[126.94958990893922,37.53751897655667],[126.95005396441603,37.53761594632245],[126.95021390927533,37.53734815072575],[126.95025334788886,37.537254464588],[126.95022175556983,37.537125608880366],[126.95017991920861,37.53708594701189],[126.95008908194797,37.537059868793975],[126.95011424760489,37.53699059339128],[126.95037218131941,37.536711667846916],[126.95045395507088,37.53658889788336],[126.95051042871958,37.53656711825619],[126.95084290060295,37.53615118278298],[126.95060307145361,37.53610035372228],[126.95055644360242,37.5361192544666],[126.95044094580422,37.53608785001233],[126.9499086338411,37.5360492362911],[126.94983047241082,37.536014681459434],[126.94990338782769,37.53604368388098],[126.95034257244289,37.53606453477468],[126.95074596642293,37.53610753308469],[126.95088314449407,37.536136171478994],[126.95075796900177,37.53609366295013],[126.95029094439383,37.53604922253913],[126.9501842719709,37.53601782166124],[126.94977234126492,37.535984305149825],[126.94937767526788,37.53585510935438],[126.94912523930076,37.53571390211116],[126.94878613134887,37.53558103489535],[126.9486629101639,37.53559395411565],[126.94860125807159,37.53557906012067],[126.94840799942807,37.53559519124891],[126.94832538303017,37.535626778928325]]]},"properties":{"projectName":"도화우성","projectType":"신속통합기획","programTags":["fast_track_planning"],"stageName":"대상지선정(추진중)","districtCode":"11440","districtName":"마포구","regionName":"서울특별시 마포구","areaSquareMeters":69339.0,"noticeDate":"","bounds":[126.946436,37.535216,126.950883,37.537839],"sourceName":"서울특별시 도시계획사업 현황(서울플랜+) 공간정보 OA-22712","sourceUrl":"https://data.seoul.go.kr/dataList/OA-22712/F/1/datasetView.do","sourceLicense":"공공누리 제4유형(출처표시·상업적이용금지·변경금지)","sourceBaseDate":"2026-02"}},{"type":"Feature","id":"11000UQ120PS202407010963","geometry":{"type":"Polygon","coordinates":[[[126.90318552889181,37.46298035758408],[126.9029839418437,37.46303525004549],[126.90130843553924,37.463792095575926],[126.89878020358087,37.46215742621338],[126.89860901925367,37.46211465978254],[126.89856139978893,37.46213885532094],[126.89834899013341,37.46338989444725],[126.8983699569122,37.46343171933282],[126.89892356235454,37.4637867462633],[126.89919986529732,37.463502926283745],[126.89966865899498,37.463804509803445],[126.89967492816555,37.463849295100815],[126.89944538095746,37.464080204568205],[126.8993891958753,37.46408529175093],[126.89945848782173,37.46412972875365],[126.89949956414705,37.46455021495787],[126.89954247784355,37.46457944451767],[126.90046458429853,37.46452176142522],[126.90054762145901,37.46455426853533],[126.90067724569766,37.4658370481024],[126.90071914192353,37.46586726746505],[126.90103316476562,37.465863210066246],[126.90107480315348,37.46583279154003],[126.90108219053715,37.46577417942339],[126.90115032243388,37.465774236404314],[126.90117195194611,37.46579548241714],[126.90185103602386,37.465853369907656],[126.90193248383125,37.46569656482434],[126.90353777872231,37.463314030649606],[126.90326812935798,37.46319072963876],[126.9033581802578,37.46305440146218],[126.90318552889181,37.46298035758408]]]},"properties":{"projectName":"독산1구역","projectType":"신속통합기획","programTags":["fast_track_planning"],"stageName":"대상지선정(추진중)","districtCode":"11545","districtName":"금천구","regionName":"서울특별시 금천구","areaSquareMeters":79036.0,"noticeDate":"","bounds":[126.898349,37.462115,126.903538,37.465867],"sourceName":"서울특별시 도시계획사업 현황(서울플랜+) 공간정보 OA-22712","sourceUrl":"https://data.seoul.go.kr/dataList/OA-22712/F/1/datasetView.do","sourceLicense":"공공누리 제4유형(출처표시·상업적이용금지·변경금지)","sourceBaseDate":"2026-02"}},{"type":"Feature","id":"11000UQ120PS202407010965","geometry":{"type":"Polygon","coordinates":[[[126.89903365132027,37.46126849743579],[126.89975061972055,37.461926417604694],[126.89916427897093,37.462289628631],[126.89916376544151,37.46233467839372],[126.90128828626939,37.46370980962123],[126.90134457231895,37.46371346135894],[126.90319490271445,37.46287762208518],[126.90374071810545,37.462285033986674],[126.90375058416936,37.462173407728756],[126.90388348778819,37.461494520788065],[126.90386339682544,37.4614726097843],[126.90317707498377,37.46138626508877],[126.90248848954967,37.46135224213884],[126.90247588723464,37.46117439404588],[126.90243354031884,37.461144535306914],[126.90198146912051,37.461168761866745],[126.90189854596699,37.46113701719206],[126.90162918431245,37.46082994829635],[126.90157335708422,37.460822873265],[126.90018419808587,37.46165799536348],[126.89981957862256,37.46099770372696],[126.89976817559416,37.46097882849293],[126.89907744946618,37.461145007714855],[126.8990268174706,37.4612238016958],[126.89903365132027,37.46126849743579]]]},"properties":{"projectName":"독산2구역","projectType":"신속통합기획","programTags":["fast_track_planning"],"stageName":"대상지선정(추진중)","districtCode":"11545","districtName":"금천구","regionName":"서울특별시 금천구","areaSquareMeters":81663.0,"noticeDate":"","bounds":[126.899027,37.460823,126.903883,37.463713],"sourceName":"서울특별시 도시계획사업 현황(서울플랜+) 공간정보 OA-22712","sourceUrl":"https://data.seoul.go.kr/dataList/OA-22712/F/1/datasetView.do","sourceLicense":"공공누리 제4유형(출처표시·상업적이용금지·변경금지)","sourceBaseDate":"2026-02"}},{"type":"Feature","id":"11000UQ120PS202505310015","geometry":{"type":"Polygon","coordinates":[[[126.90480889840886,37.46697168784985],[126.90516559242707,37.46700708229678],[126.90530015399656,37.46695414985374],[126.90550271797213,37.46697313656294],[126.905630410636,37.46701431698627],[126.90566475663127,37.467046006110586],[126.90573490216164,37.467068804310834],[126.90593874444922,37.46718503661184],[126.90605910388231,37.46720653272448],[126.90611067043277,37.46723475775355],[126.90636931577738,37.46727032165171],[126.90640987649081,37.467313206024414],[126.90650866692967,37.46736261542509],[126.9066543959948,37.46739059151856],[126.90681788048745,37.46738525354479],[126.90711929756738,37.46728857375334],[126.90723219486594,37.467311693526604],[126.90731146121097,37.467363267106535],[126.90738430916977,37.4673590273682],[126.90749308910696,37.4672942056768],[126.9077324240872,37.4672968465809],[126.90777094763008,37.46726991011305],[126.90790416454445,37.46726987155277],[126.90793902492197,37.46722529048051],[126.90803739268033,37.46722450336729],[126.90806640154695,37.46719485626582],[126.90824481202309,37.46692134443155],[126.90823222090776,37.46680193350736],[126.90827022221634,37.466730955409275],[126.9081625731016,37.46663297638698],[126.90808274459876,37.46653369478854],[126.90804760838819,37.46654592966267],[126.9079457948263,37.46600170598621],[126.90741416614479,37.46576905918008],[126.9070921489143,37.46441851301497],[126.90675075509039,37.4640913735579],[126.90665610960622,37.463931621708156],[126.90626454948794,37.463644850573964],[126.90596400220073,37.46356607644903],[126.90583023854785,37.46358342067044],[126.90554316651792,37.463669292340356],[126.90544141939424,37.463561228845805],[126.90512752055847,37.46367008483134],[126.9049160158628,37.463693040911494],[126.90463660585611,37.4638255210693],[126.90414719123683,37.46397319885473],[126.90376713651686,37.4641462743117],[126.9033825761558,37.46396863804123],[126.90336071089926,37.46392012785153],[126.90291200543376,37.46452612093116],[126.90295661325459,37.46455742297442],[126.90289417508541,37.46465018329013],[126.90457788403872,37.46572594223594],[126.90452232366977,37.46582426822795],[126.90393873944649,37.466603975833245],[126.90417991771565,37.4667088623222],[126.90416565069816,37.46672750134309],[126.90439244068489,37.4667880551811],[126.90460059856738,37.46687774076804],[126.90466205761929,37.4668865939576],[126.90480889840886,37.46697168784985]]]},"properties":{"projectName":"독산2동 380 일대","projectType":"신속통합기획","programTags":["fast_track_planning"],"stageName":"대상지선정(추진중)","districtCode":"11545","districtName":"금천구","regionName":"서울특별시 금천구","areaSquareMeters":121830.0,"noticeDate":"","bounds":[126.902894,37.463561,126.90827,37.467391],"sourceName":"서울특별시 도시계획사업 현황(서울플랜+) 공간정보 OA-22712","sourceUrl":"https://data.seoul.go.kr/dataList/OA-22712/F/1/datasetView.do","sourceLicense":"공공누리 제4유형(출처표시·상업적이용금지·변경금지)","sourceBaseDate":"2026-02"}},{"type":"Feature","id":"11000UQ120PS202407010921","geometry":{"type":"Polygon","coordinates":[[[126.8991901413798,37.46106140203639],[126.9004394424548,37.46076089832034],[126.9004596596905,37.460835080884756],[126.90069623170653,37.46125533116468],[126.90072923872101,37.46126213487001],[126.90149709120786,37.46080100443984],[126.90159048678463,37.46069116090525],[126.90179684859491,37.45935172168284],[126.90196659595507,37.45852248996857],[126.90216025665777,37.457795001446456],[126.90221630976687,37.45780054468435],[126.90247049155558,37.45763794638875],[126.90247710591852,37.4575932620888],[126.90157955543872,37.456674472598436],[126.90152532118533,37.45666172255657],[126.9009683006383,37.45681589939516],[126.9007536072906,37.45677751394053],[126.90070486372413,37.45680017770029],[126.90019749910721,37.45813368160374],[126.90015234987513,37.458197352939095],[126.90003360621522,37.45814633525804],[126.89954900119433,37.458027165723124],[126.89949115500043,37.45817677269891],[126.89985871127291,37.45826259477247],[126.89986610479978,37.45824468014665],[126.89998855849684,37.458276942262884],[126.90006521731748,37.45831528277356],[126.89996900317973,37.45844550345353],[126.89997459393369,37.45849028819286],[126.89993263185646,37.458595579586806],[126.89975671307877,37.460095563984844],[126.89915390595559,37.46102677209081],[126.8991901413798,37.46106140203639]]]},"properties":{"projectName":"독산시흥구역","projectType":"신속통합기획","programTags":["fast_track_planning"],"stageName":"기획완료","districtCode":"11545","districtName":"금천구","regionName":"서울특별시 금천구","areaSquareMeters":88326.0,"noticeDate":"","bounds":[126.899154,37.456662,126.902477,37.461262],"sourceName":"서울특별시 도시계획사업 현황(서울플랜+) 공간정보 OA-22712","sourceUrl":"https://data.seoul.go.kr/dataList/OA-22712/F/1/datasetView.do","sourceLicense":"공공누리 제4유형(출처표시·상업적이용금지·변경금지)","sourceBaseDate":"2026-02"}},{"type":"Feature","id":"11000UQ120PS202411014525","geometry":{"type":"Polygon","coordinates":[[[126.97677562978402,37.552654120743206],[126.97660063372925,37.553247592577414],[126.9766060318245,37.55331580771023],[126.97656493838903,37.5534227285893],[126.97657120935874,37.55348647499319],[126.97653066774708,37.553567177150406],[126.97659491714134,37.55467961656021],[126.97669368762223,37.554730029755056],[126.97670847907693,37.554696011469254],[126.97695484341901,37.554690684063075],[126.97697810725744,37.55466891196394],[126.97714294591796,37.554654395112536],[126.97730916879561,37.55473373447706],[126.97782471148159,37.554441728969586],[126.97791738787872,37.554403500488014],[126.9778726389973,37.55433542171266],[126.97825857983942,37.55405773113333],[126.97829187226903,37.55406873067071],[126.97841663187047,37.55399342333486],[126.97842330030032,37.553947987691465],[126.9785323266845,37.55399054472354],[126.97854866165575,37.55390210668035],[126.97856585591404,37.55388997368238],[126.97854716351979,37.553805466152525],[126.97861801860225,37.5537335268161],[126.9785977519066,37.55346823524236],[126.97861240739144,37.55328320166091],[126.97866793882996,37.553174183553054],[126.97868570928318,37.55301621631319],[126.97866640331345,37.55301418534979],[126.9787167912037,37.552811499234565],[126.97875701576451,37.55283393265134],[126.9789344058556,37.552632624136926],[126.97903735038003,37.5527043428136],[126.9790857863032,37.55270468539149],[126.97971489783151,37.55201323881536],[126.97995235600895,37.55177979967565],[126.98013509791349,37.551700518689714],[126.98063039379075,37.551663955034954],[126.98068777921254,37.55162838504512],[126.98071393778572,37.55160766686816],[126.98069599435662,37.551431762366796],[126.98082596756625,37.551421722047095],[126.98079948590453,37.55126084548792],[126.9808243005988,37.55122943228784],[126.98091384469498,37.55128581393429],[126.98105214968896,37.55131018275862],[126.98113716265833,37.551425551319845],[126.98109753551233,37.55161935660898],[126.98118879743392,37.551603379769006],[126.98115073303634,37.551585542601636],[126.98114435574772,37.55156604406034],[126.98119995234474,37.55149053258917],[126.98131030109342,37.55149000192031],[126.98131352506715,37.55145278254086],[126.98124934460806,37.55129963913837],[126.98122027042476,37.551264531540525],[126.98126096891772,37.55124989742777],[126.9813074530491,37.551182727513776],[126.9814521660083,37.5511965373536],[126.98146208146143,37.55110418747312],[126.98133878682619,37.55110576122178],[126.98113667447612,37.55114037861948],[126.98114534404408,37.55117806856387],[126.98117715929097,37.55120392347664],[126.98114590240706,37.551205503832215],[126.98113612989701,37.55122857652194],[126.98107009778526,37.5512689745462],[126.98101991101997,37.55121886174314],[126.98098273330953,37.55114608225091],[126.98094120006562,37.55115098542112],[126.98086387876751,37.55105088985474],[126.9809126478115,37.55094721234206],[126.98099274541794,37.55090968200038],[126.98092452557877,37.55071721846046],[126.98066168092346,37.55078286357827],[126.98058744183622,37.5507112126532],[126.98082084668256,37.55062402885962],[126.9807068031606,37.55052713426721],[126.98068731702625,37.55048331564023],[126.98060312620206,37.550509925042],[126.98057232668445,37.55053612040034],[126.9805668051287,37.550573348367614],[126.98045748675877,37.55069727824695],[126.98045096642012,37.55082508264814],[126.98041776258184,37.5509092653112],[126.98027063780519,37.551142190126086],[126.98024829495903,37.55115589017493],[126.98012946749921,37.551127550568346],[126.97994193935895,37.551012982490995],[126.97985122990129,37.5509203169874],[126.97985039296886,37.550879519965264],[126.97937506393392,37.55068782705817],[126.97917297070079,37.5506288182307],[126.97897666009887,37.55051859963621],[126.97868154985301,37.55029148419495],[126.97866255468975,37.55016333256797],[126.97861961453863,37.55010752587469],[126.97837988182587,37.55001495637409],[126.97798685996754,37.54995099844453],[126.97756579256466,37.55011227227296],[126.97743537148536,37.55017997324201],[126.97677562978402,37.552654120743206]]]},"properties":{"projectName":"동후암1","projectType":"신속통합기획","programTags":["fast_track_planning"],"stageName":"대상지선정(추진중)","districtCode":"11170","districtName":"용산구","regionName":"서울특별시 용산구","areaSquareMeters":104070.0,"noticeDate":"","bounds":[126.976531,37.549951,126.981462,37.554734],"sourceName":"서울특별시 도시계획사업 현황(서울플랜+) 공간정보 OA-22712","sourceUrl":"https://data.seoul.go.kr/dataList/OA-22712/F/1/datasetView.do","sourceLicense":"공공누리 제4유형(출처표시·상업적이용금지·변경금지)","sourceBaseDate":"2026-02"}},{"type":"Feature","id":"11000UQ120PS202502050021","geometry":{"type":"Polygon","coordinates":[[[126.98063063557132,37.54902929521551],[126.98068487107952,37.549000806444454],[126.98081773596816,37.54899871248064],[126.98129483716939,37.54888780204309],[126.9812031192227,37.54883259067649],[126.98133668329747,37.54872498206555],[126.98135253406139,37.548737121125534],[126.98139838540315,37.54870252187258],[126.98148465925169,37.54879097784116],[126.98151591527674,37.54878881175068],[126.9816991596931,37.548701068079765],[126.98174442602725,37.54866134015177],[126.98182188803291,37.54872926261021],[126.98190721318352,37.54863983540885],[126.98190346148056,37.54857649509949],[126.98199931156313,37.54861287498918],[126.98202347181567,37.548699229982745],[126.98214425690568,37.548672021905034],[126.98228832143215,37.54810811499582],[126.98230532601161,37.54798974551929],[126.98228124826542,37.54784615961373],[126.98222211913765,37.54772429088034],[126.98216325763413,37.5476622569989],[126.98185491177846,37.54742538947019],[126.98172726093617,37.54753376642644],[126.98169316271971,37.54758770306384],[126.98154229427836,37.547513363866315],[126.98162563176113,37.5474050967822],[126.9815978461129,37.54738061216049],[126.98152840776847,37.547392682722155],[126.98142705978778,37.54727235613261],[126.98115594543135,37.547084380891164],[126.98115047983534,37.5470427072895],[126.9810337255246,37.54694576022922],[126.98100738612408,37.546848007086155],[126.98092830979182,37.54672646758521],[126.98092329636016,37.54668706635006],[126.98081286203744,37.546613445037586],[126.98077985718764,37.546559406781164],[126.98061267345884,37.54644724889973],[126.9805665064196,37.546481388299355],[126.98058291969744,37.54650311411754],[126.98038979558771,37.54647218381979],[126.9804048659518,37.54625598006301],[126.98035305796259,37.54619011370652],[126.9797408021602,37.546122710024214],[126.9796902625519,37.546280813012515],[126.979502359393,37.546253712342775],[126.97954155453523,37.546101935888935],[126.9788601026005,37.546027758205724],[126.9788330217006,37.54613940299121],[126.97865913928051,37.546113096544346],[126.97864638849548,37.54616159445567],[126.97853213025176,37.54613194766584],[126.97797072395066,37.54819883765961],[126.97823803163682,37.54824276893679],[126.97895997537945,37.548407078680725],[126.9792492971256,37.5484417496802],[126.97953760250343,37.548127211766605],[126.97981004460502,37.54833636603187],[126.98007086371172,37.548796162506655],[126.97979194218541,37.5489093480968],[126.97969033093308,37.548724220709374],[126.9795910948948,37.54877666704467],[126.97958052816992,37.54876766417963],[126.97955326337603,37.54878125506923],[126.97951521568388,37.548751290027305],[126.97954135873144,37.54878113572545],[126.97949650805893,37.5487962009534],[126.97960182078035,37.5488991317638],[126.97965938479439,37.54902144298031],[126.97964579724635,37.54920381910064],[126.97968832048346,37.54933194791275],[126.98012183517672,37.549181129256624],[126.98063063557132,37.54902929521551]]]},"properties":{"projectName":"동후암3","projectType":"신속통합기획","programTags":["fast_track_planning"],"stageName":"대상지선정(추진중)","districtCode":"11170","districtName":"용산구","regionName":"서울특별시 용산구","areaSquareMeters":82173.0,"noticeDate":"","bounds":[126.977971,37.546028,126.982305,37.549332],"sourceName":"서울특별시 도시계획사업 현황(서울플랜+) 공간정보 OA-22712","sourceUrl":"https://data.seoul.go.kr/dataList/OA-22712/F/1/datasetView.do","sourceLicense":"공공누리 제4유형(출처표시·상업적이용금지·변경금지)","sourceBaseDate":"2026-02"}},{"type":"Feature","id":"11000UQ120PS202407010886","geometry":{"type":"Polygon","coordinates":[[[127.04473752046476,37.563949083689565],[127.04461899437959,37.56385353209523],[127.04461438130373,37.563803051371444],[127.04463610301727,37.563766373192884],[127.0447401660036,37.563689192474826],[127.04501919416629,37.56356111353662],[127.04523873773203,37.56324983987155],[127.04528419984268,37.56324301155219],[127.0453123865569,37.56324957832044],[127.04524877611499,37.563615962024386],[127.04526675930288,37.563612756851896],[127.04536716451616,37.56368829455718],[127.0453697640006,37.56387497849132],[127.04555425825825,37.56380217299379],[127.04576596101275,37.56376627953906],[127.04601576579276,37.56379449473123],[127.04625294273404,37.56371486580882],[127.04619053943374,37.56351785216839],[127.04586362012684,37.56325588672694],[127.04583884652095,37.563145335670335],[127.04518816552377,37.56313092804029],[127.04512826810438,37.563013695469095],[127.04507611596267,37.56268831351769],[127.0451213040879,37.56260033327569],[127.04495405906484,37.56253244232195],[127.04481917266479,37.56267845209667],[127.04466771994814,37.562733765201],[127.0446114639718,37.562727163476566],[127.04459800762776,37.56267021686809],[127.04457797363409,37.562669278137385],[127.04429767599301,37.56286885900246],[127.04381657321734,37.56336170212953],[127.04389707873081,37.56343713108725],[127.04408425134623,37.56349573615892],[127.04432981929833,37.563737716069205],[127.04435844137038,37.563970719434245],[127.04446862139417,37.56411819831207],[127.04473752046476,37.563949083689565]]]},"properties":{"projectName":"마장동 382 일대","projectType":"신속통합기획","programTags":["fast_track_planning"],"stageName":"기획완료","districtCode":"11200","districtName":"성동구","regionName":"서울특별시 성동구","areaSquareMeters":17959.0,"noticeDate":"","bounds":[127.043817,37.562532,127.046253,37.564118],"sourceName":"서울특별시 도시계획사업 현황(서울플랜+) 공간정보 OA-22712","sourceUrl":"https://data.seoul.go.kr/dataList/OA-22712/F/1/datasetView.do","sourceLicense":"공공누리 제4유형(출처표시·상업적이용금지·변경금지)","sourceBaseDate":"2026-02"}},{"type":"Feature","id":"11000UQ120PS202601310024","geometry":{"type":"Polygon","coordinates":[[[127.045308930761,37.56427981986509],[127.04547359453974,37.56401196677605],[127.04546121827885,37.56400328585015],[127.04533114958954,37.56402933672486],[127.04536979141587,37.56387540645088],[127.04536719193135,37.56368872251673],[127.04526303299083,37.563610360700984],[127.04530253676486,37.563527235235675],[127.04532928178368,37.56337172363226],[127.04536762377276,37.563344067057784],[127.04535487437126,37.563258531899],[127.04528422725721,37.563243439511794],[127.04523876514631,37.56325026783117],[127.04501922157944,37.563561541496256],[127.04492082419475,37.563531818042925],[127.04484653178547,37.563644719419905],[127.04474019341524,37.563689620434516],[127.04463613042833,37.5637668011526],[127.04461440871466,37.56380347933118],[127.0446139679528,37.563843924883464],[127.04469619356996,37.56397535813035],[127.04361163872692,37.56465630265729],[127.04499714918269,37.56613004326219],[127.0450649759125,37.56613713607514],[127.04618372137935,37.56547474382498],[127.04640455315071,37.56540390544105],[127.04673758830167,37.56535369240408],[127.04669713792867,37.56515216573408],[127.04659468416482,37.56511991345827],[127.0465169814211,37.56513901702814],[127.04646595491954,37.564910005135815],[127.04628721916812,37.564811135469974],[127.0464834414817,37.56447554170043],[127.04627014355064,37.564420851629386],[127.04613084909974,37.56440784000553],[127.04613652295635,37.56445122948198],[127.04600950754852,37.56449261477741],[127.04593582992857,37.564560820338414],[127.04564656793485,37.56465499653479],[127.04540163677837,37.564407293382224],[127.04538585841101,37.56434896923021],[127.045308930761,37.56427981986509]]]},"properties":{"projectName":"마장세림","projectType":"신속통합기획","programTags":["fast_track_planning"],"stageName":"대상지선정(추진중)","districtCode":"11200","districtName":"성동구","regionName":"서울특별시 성동구","areaSquareMeters":38871.0,"noticeDate":"","bounds":[127.043612,37.563243,127.046738,37.566137],"sourceName":"서울특별시 도시계획사업 현황(서울플랜+) 공간정보 OA-22712","sourceUrl":"https://data.seoul.go.kr/dataList/OA-22712/F/1/datasetView.do","sourceLicense":"공공누리 제4유형(출처표시·상업적이용금지·변경금지)","sourceBaseDate":"2026-02"}},{"type":"Feature","id":"11000UQ120PS202407010910","geometry":{"type":"Polygon","coordinates":[[[127.1525726669965,37.493311350251105],[127.15248158108791,37.49344561641383],[127.15190408346488,37.49409192766543],[127.15175729366487,37.49401801627156],[127.15166613468591,37.49412823422401],[127.15167557740925,37.494168055383994],[127.15177929033558,37.494239498874954],[127.15169901401721,37.49432377226015],[127.1516019550879,37.49426044725704],[127.15154700390303,37.49426328311713],[127.15142221425069,37.4944017718732],[127.15154910377572,37.49448205198281],[127.15133800852033,37.49471001307655],[127.15143245521385,37.49476180701944],[127.15132855901143,37.49488753803933],[127.1511228566941,37.49522360093255],[127.15116732525902,37.495237419994524],[127.15094858973814,37.495682475763864],[127.15084606104347,37.49577137088624],[127.15084552588957,37.495837685062824],[127.15125904069697,37.496141203658745],[127.15126389488711,37.49610529451434],[127.1513265746967,37.49611337629675],[127.15176889961066,37.49645293253671],[127.15179931706045,37.49642938679693],[127.15186317133067,37.49647260754471],[127.151884107908,37.496458110863195],[127.1519030391996,37.49623873867018],[127.15191720067946,37.49621792559619],[127.15226365256865,37.49605466459354],[127.15258493626003,37.49623096706336],[127.15243139767338,37.49639663167323],[127.15233770843612,37.496346106184745],[127.15224419841977,37.496440965517536],[127.15234357480885,37.496496619510616],[127.15228047385325,37.496563896520115],[127.15241544581087,37.49657294141964],[127.15253612918562,37.496640695472834],[127.15254881312565,37.4966274616107],[127.15265572248,37.49668367333788],[127.15273220586575,37.496652473001475],[127.15286624335837,37.496898814549375],[127.15292257425445,37.49688948911827],[127.15295708876927,37.49696293932495],[127.15380432273633,37.49723442031314],[127.15398523398625,37.49725050405919],[127.15397502966317,37.49717616684037],[127.15402654777772,37.49684653314366],[127.15400075297113,37.49666279879224],[127.15421889355953,37.49602524078761],[127.15445962018018,37.495418998821634],[127.15459469589936,37.495169490518876],[127.15517715771202,37.494564675112514],[127.15503194076632,37.4945198166555],[127.15467095162936,37.49432130858346],[127.15465447693109,37.494330691316456],[127.15459471355592,37.49428054708992],[127.15461056114415,37.494266416913874],[127.15436887241408,37.49419838908401],[127.15436969511488,37.49418037705255],[127.15423074355805,37.49415306726547],[127.15424242225274,37.49411854391272],[127.15419872376452,37.49411078873266],[127.15421731000094,37.49404213562783],[127.15399217906288,37.494008404669955],[127.15384372802376,37.49394706694754],[127.15387562810358,37.49391384202486],[127.15377279079755,37.49385114794259],[127.15379359030176,37.49383094416671],[127.15344816718807,37.49364683185277],[127.1534435185526,37.49365746060817],[127.15339686605112,37.49362030032345],[127.15329849296279,37.49370690462182],[127.15322279158944,37.49364792334928],[127.15324125288804,37.4936289246048],[127.15300178567789,37.49351143528169],[127.1529618124688,37.493550716022675],[127.15273010809238,37.493430071709355],[127.1527628909222,37.493391467891115],[127.1525726669965,37.493311350251105]],[[127.15151670439953,37.49545366712031],[127.15149085687158,37.495398594853974],[127.1521919612672,37.494671479776784],[127.15228005235724,37.494677764490014],[127.15310415494066,37.49525665586117],[127.15294092461066,37.495582882545285],[127.15288368445952,37.49578555444941],[127.15279383804118,37.495745034488316],[127.15265882901107,37.49582349505273],[127.15259562019536,37.49581434967278],[127.1525731490683,37.49579667378288],[127.15231425619201,37.495924874236394],[127.15151670439953,37.49545366712031]]]},"properties":{"projectName":"마천2구역","projectType":"신속통합기획","programTags":["fast_track_planning"],"stageName":"기획완료","districtCode":"11710","districtName":"송파구","regionName":"서울특별시 송파구","areaSquareMeters":77338.0,"noticeDate":"","bounds":[127.150846,37.493311,127.155177,37.497251],"sourceName":"서울특별시 도시계획사업 현황(서울플랜+) 공간정보 OA-22712","sourceUrl":"https://data.seoul.go.kr/dataList/OA-22712/F/1/datasetView.do","sourceLicense":"공공누리 제4유형(출처표시·상업적이용금지·변경금지)","sourceBaseDate":"2026-02"}},{"type":"Feature","id":"11000UQ120PS202407010902","geometry":{"type":"Polygon","coordinates":[[[127.15224259174303,37.49958587506725],[127.15115441033859,37.49854124458614],[127.15114553443372,37.49858727881687],[127.15073630620229,37.49884193195544],[127.15063884118767,37.49883284681788],[127.14973731033564,37.49803053414999],[127.14974779205099,37.49796692853792],[127.15032150928963,37.49765933628755],[127.15038108807214,37.49767353304506],[127.14987090573106,37.49713213415067],[127.1497509762663,37.497158357780044],[127.1491183650416,37.49716784806245],[127.14858057857988,37.49665154199952],[127.14806359250277,37.49700935823729],[127.14762362155251,37.4973754904994],[127.14787101334417,37.49732153884515],[127.14835445208087,37.497761617296334],[127.14824867270724,37.497796581317495],[127.14717585778509,37.498562993395275],[127.14730714064254,37.498703017778304],[127.14728931695738,37.49873147527618],[127.14748551474747,37.49878565332135],[127.14744234758506,37.498828826621015],[127.14754121482197,37.4990494868611],[127.14758084630606,37.49907565691625],[127.14763997181078,37.499208623388405],[127.14769912237831,37.49926963788745],[127.14794010562026,37.499818986142195],[127.14792556493026,37.49984342121035],[127.14762209013686,37.49992939172516],[127.14779019463101,37.50030544047904],[127.1480145523342,37.50024191242156],[127.14837962110877,37.5010592949753],[127.14853978086508,37.501013865673684],[127.148494345012,37.50091192924992],[127.14856979900523,37.50086597456071],[127.14862444410286,37.50087752940171],[127.14875545261198,37.500787987205506],[127.14905020731986,37.50105685566628],[127.14918191885187,37.50112227204036],[127.15084476526681,37.50042515483827],[127.15120040375734,37.50021323154969],[127.15131106235398,37.50007789654742],[127.15141305526798,37.499997785591376],[127.15143661854711,37.49995599443478],[127.15166288258332,37.499801735539386],[127.15174137169164,37.49969738127866],[127.15189127125089,37.499647230233634],[127.15226233158027,37.49962823282921],[127.15224259174303,37.49958587506725]]]},"properties":{"projectName":"마천5구역","projectType":"신속통합기획","programTags":["fast_track_planning"],"stageName":"기획완료","districtCode":"11710","districtName":"송파구","regionName":"서울특별시 송파구","areaSquareMeters":106514.0,"noticeDate":"","bounds":[127.147176,37.496652,127.152262,37.501122],"sourceName":"서울특별시 도시계획사업 현황(서울플랜+) 공간정보 OA-22712","sourceUrl":"https://data.seoul.go.kr/dataList/OA-22712/F/1/datasetView.do","sourceLicense":"공공누리 제4유형(출처표시·상업적이용금지·변경금지)","sourceBaseDate":"2026-02"}},{"type":"Feature","id":"11000UQ120PS202407010945","geometry":{"type":"Polygon","coordinates":[[[126.90179262922202,37.55660314510318],[126.90376534570005,37.557013265587116],[126.90383062057647,37.556813698143806],[126.90417724331566,37.55688422375108],[126.90427852465274,37.5565835045899],[126.90447313016679,37.556625110216075],[126.90459105153275,37.55628030820717],[126.90470129178837,37.556304751499994],[126.90542744070181,37.55409632370112],[126.90539818110375,37.55405620582792],[126.90360139715943,37.55368226114165],[126.90354714962378,37.55369494713641],[126.90262405512915,37.5543223659564],[126.90250383764906,37.554447854211695],[126.90179262922202,37.55660314510318]]]},"properties":{"projectName":"망원1","projectType":"신속통합기획","programTags":["fast_track_planning"],"stageName":"대상지선정(추진중)","districtCode":"11440","districtName":"마포구","regionName":"서울특별시 마포구","areaSquareMeters":78695.0,"noticeDate":"","bounds":[126.901793,37.553682,126.905427,37.557013],"sourceName":"서울특별시 도시계획사업 현황(서울플랜+) 공간정보 OA-22712","sourceUrl":"https://data.seoul.go.kr/dataList/OA-22712/F/1/datasetView.do","sourceLicense":"공공누리 제4유형(출처표시·상업적이용금지·변경금지)","sourceBaseDate":"2026-02"}},{"type":"Feature","id":"11000UQ120PS202407010887","geometry":{"type":"Polygon","coordinates":[[[127.09192446266698,37.588599354728714],[127.0937256899587,37.58900867003356],[127.09444082034949,37.58677824356106],[127.09414182465554,37.58671953609206],[127.09429200260699,37.586238670489564],[127.094082541468,37.58619725445039],[127.0939217318256,37.58619338006072],[127.09166839286381,37.58638181552482],[127.09162797506252,37.586420597757744],[127.09192446266698,37.588599354728714]]]},"properties":{"projectName":"면목7구역","projectType":"신속통합기획","programTags":["fast_track_planning"],"stageName":"기획완료","districtCode":"11260","districtName":"중랑구","regionName":"서울특별시 중랑구","areaSquareMeters":58400.0,"noticeDate":"","bounds":[127.091628,37.586193,127.094441,37.589009],"sourceName":"서울특별시 도시계획사업 현황(서울플랜+) 공간정보 OA-22712","sourceUrl":"https://data.seoul.go.kr/dataList/OA-22712/F/1/datasetView.do","sourceLicense":"공공누리 제4유형(출처표시·상업적이용금지·변경금지)","sourceBaseDate":"2026-02"}},{"type":"Feature","id":"11000UQ120PS202407010941","geometry":{"type":"Polygon","coordinates":[[[127.07933532653007,37.5829834398703],[127.07828288512812,37.583013284824034],[127.07812953202946,37.582997779369805],[127.07774853949063,37.58279354727108],[127.07768732522413,37.582805083362665],[127.07622781324868,37.58452240374198],[127.07623930476906,37.5845677701028],[127.07679106514342,37.58485999661052],[127.07782024438906,37.58483010791369],[127.07779690046716,37.58422116486807],[127.0778178155186,37.58420296045216],[127.07786356471024,37.58420162444513],[127.07786119426062,37.58415312592164],[127.07818031682837,37.58414310738164],[127.0782172555529,37.58481829729955],[127.07964285769175,37.58477856872198],[127.07957444138792,37.58313085537341],[127.07934188348096,37.583137496009854],[127.07933532653007,37.5829834398703]]]},"properties":{"projectName":"면목8구역","projectType":"신속통합기획","programTags":["fast_track_planning"],"stageName":"기획완료","districtCode":"11260","districtName":"중랑구","regionName":"서울특별시 중랑구","areaSquareMeters":51258.0,"noticeDate":"","bounds":[127.076228,37.582794,127.079643,37.58486],"sourceName":"서울특별시 도시계획사업 현황(서울플랜+) 공간정보 OA-22712","sourceUrl":"https://data.seoul.go.kr/dataList/OA-22712/F/1/datasetView.do","sourceLicense":"공공누리 제4유형(출처표시·상업적이용금지·변경금지)","sourceBaseDate":"2026-02"}},{"type":"Feature","id":"11000UQ120PS202502050023","geometry":{"type":"Polygon","coordinates":[[[127.0797062028384,37.58621326677466],[127.07964347377924,37.584853505082116],[127.07686434759272,37.58493017447415],[127.0768222141219,37.58495851933335],[127.07661766714635,37.585637055651496],[127.07681304590945,37.58568032265302],[127.076752494117,37.585846376827234],[127.07927243040464,37.58641248182415],[127.07933857878726,37.58622216816188],[127.0797062028384,37.58621326677466]]]},"properties":{"projectName":"면목동 174-1 일대","projectType":"신속통합기획","programTags":["fast_track_planning"],"stageName":"대상지선정(추진중)","districtCode":"11260","districtName":"중랑구","regionName":"서울특별시 중랑구","areaSquareMeters":35969.7,"noticeDate":"","bounds":[127.076618,37.584854,127.079706,37.586412],"sourceName":"서울특별시 도시계획사업 현황(서울플랜+) 공간정보 OA-22712","sourceUrl":"https://data.seoul.go.kr/dataList/OA-22712/F/1/datasetView.do","sourceLicense":"공공누리 제4유형(출처표시·상업적이용금지·변경금지)","sourceBaseDate":"2026-02"}},{"type":"Feature","id":"11000UQ120PS202407010960","geometry":{"type":"Polygon","coordinates":[[[127.15322490363727,37.554729906435625],[127.15318597611282,37.55372634407905],[127.15316544641317,37.5535919427784],[127.15308814849026,37.553422746048255],[127.15282895074964,37.55301105583244],[127.15276520895155,37.55288526921252],[127.1527267527897,37.55252600369824],[127.15116554308818,37.55251952323992],[127.15117231915244,37.55256345593096],[127.15151587337664,37.55279442125949],[127.15165095370251,37.55311166831916],[127.15163997012836,37.553221422843706],[127.1511818045498,37.55358879737764],[127.15079059092307,37.55393599342625],[127.1507748469034,37.5540427806079],[127.15077421610476,37.554577698963634],[127.15130169770295,37.55457342708364],[127.15160445867544,37.554587638680964],[127.15315962518301,37.55479630311699],[127.15322490363727,37.554729906435625]]]},"properties":{"projectName":"명일 신동아","projectType":"신속통합기획","programTags":["fast_track_planning"],"stageName":"기획완료","districtCode":"11740","districtName":"강동구","regionName":"서울특별시 강동구","areaSquareMeters":39559.0,"noticeDate":"","bounds":[127.150774,37.55252,127.153225,37.554796],"sourceName":"서울특별시 도시계획사업 현황(서울플랜+) 공간정보 OA-22712","sourceUrl":"https://data.seoul.go.kr/dataList/OA-22712/F/1/datasetView.do","sourceLicense":"공공누리 제4유형(출처표시·상업적이용금지·변경금지)","sourceBaseDate":"2026-02"}},{"type":"Feature","id":"11000UQ120PS202601310006","geometry":{"type":"Polygon","coordinates":[[[127.15121312340924,37.55148062145493],[127.15100454922758,37.551476308649406],[127.15116554308818,37.55251952323992],[127.1527267527897,37.55252600369824],[127.15259558182865,37.54974598636702],[127.15111524281768,37.54974075318348],[127.15121312340924,37.55148062145493]]]},"properties":{"projectName":"명일우성","projectType":"신속통합기획","programTags":["fast_track_planning"],"stageName":"대상지선정(추진중)","districtCode":"11740","districtName":"강동구","regionName":"서울특별시 강동구","areaSquareMeters":41579.0,"noticeDate":"","bounds":[127.151005,37.549741,127.152727,37.552526],"sourceName":"서울특별시 도시계획사업 현황(서울플랜+) 공간정보 OA-22712","sourceUrl":"https://data.seoul.go.kr/dataList/OA-22712/F/1/datasetView.do","sourceLicense":"공공누리 제4유형(출처표시·상업적이용금지·변경금지)","sourceBaseDate":"2026-02"}},{"type":"Feature","id":"11000UQ120PS202502050001","geometry":{"type":"Polygon","coordinates":[[[127.15430086518234,37.55035535120586],[127.1541687052022,37.550363351729516],[127.1542059933463,37.55072415009519],[127.15432152081812,37.550717198182284],[127.15437867990607,37.55171988112762],[127.1560318610744,37.55163060377065],[127.15587156977763,37.54924778443331],[127.15423748598954,37.549242575006595],[127.15430086518234,37.55035535120586]]]},"properties":{"projectName":"명일한양","projectType":"신속통합기획","programTags":["fast_track_planning"],"stageName":"대상지선정(추진중)","districtCode":"11740","districtName":"강동구","regionName":"서울특별시 강동구","areaSquareMeters":39677.0,"noticeDate":"","bounds":[127.154169,37.549243,127.156032,37.55172],"sourceName":"서울특별시 도시계획사업 현황(서울플랜+) 공간정보 OA-22712","sourceUrl":"https://data.seoul.go.kr/dataList/OA-22712/F/1/datasetView.do","sourceLicense":"공공누리 제4유형(출처표시·상업적이용금지·변경금지)","sourceBaseDate":"2026-02"}},{"type":"Feature","id":"11000UQ120PS202407010927","geometry":{"type":"Polygon","coordinates":[[[126.8692078203752,37.54162176399221],[126.87012288713868,37.54148655570955],[126.87014104078295,37.54145837486489],[126.87009320029014,37.54138110664201],[126.87007340673155,37.54131215874356],[126.87011992671619,37.54130365109101],[126.87023546112464,37.54117043280046],[126.87031432820778,37.54110528864208],[126.87039156558512,37.54100149007215],[126.87045956187703,37.540682344144116],[126.870601131877,37.54073602008405],[126.87069139546038,37.54068854774204],[126.87054082047717,37.54047862993112],[126.87053736630021,37.540124626375096],[126.87051000107436,37.539856280613634],[126.87057263317978,37.53975679046069],[126.87057433822925,37.539622904938014],[126.87053187049113,37.539385356341036],[126.87043586426618,37.539353084401796],[126.86979821976448,37.53970619450062],[126.86992106884126,37.54030287823219],[126.8688958673969,37.54043672700131],[126.86901278834193,37.5409591361872],[126.86902762019355,37.541081867910144],[126.86916394763898,37.54160477618646],[126.8692078203752,37.54162176399221]]]},"properties":{"projectName":"목2동232 일대","projectType":"신속통합기획","programTags":["fast_track_planning"],"stageName":"기획완료","districtCode":"11470","districtName":"양천구","regionName":"서울특별시 양천구","areaSquareMeters":22315.0,"noticeDate":"","bounds":[126.868896,37.539353,126.870691,37.541622],"sourceName":"서울특별시 도시계획사업 현황(서울플랜+) 공간정보 OA-22712","sourceUrl":"https://data.seoul.go.kr/dataList/OA-22712/F/1/datasetView.do","sourceLicense":"공공누리 제4유형(출처표시·상업적이용금지·변경금지)","sourceBaseDate":"2026-02"}},{"type":"Feature","id":"11000UQ120PS202407010911","geometry":{"type":"Polygon","coordinates":[[[126.88536666692643,37.536427333069526],[126.88553575472936,37.53639425261568],[126.88595080630428,37.535634491934886],[126.88601052364349,37.535428583402975],[126.88756151873103,37.53592086090526],[126.88765758057727,37.535769676872185],[126.88605897962779,37.53526158671526],[126.88621071629402,37.53473843829574],[126.88589669402856,37.53323545511608],[126.88570098938837,37.533072634100016],[126.88556102924518,37.532419906480406],[126.8853878186954,37.53234495385263],[126.88525480882855,37.53224643452625],[126.8851824310801,37.53215419164124],[126.88508002300294,37.53194803355175],[126.8850417367772,37.53190483821921],[126.88495741691777,37.53185330831297],[126.884577631951,37.53191618262054],[126.88438324673211,37.53192653161627],[126.88369442750641,37.532025316116915],[126.8836761791721,37.532046471253594],[126.884023607191,37.533715367569386],[126.8840469491659,37.5339814540316],[126.88403159652412,37.534248042586924],[126.88395173611492,37.534597818677554],[126.88384815305788,37.53485152521943],[126.88305998248228,37.53630034456162],[126.88310656192196,37.536394454904396],[126.88502467041135,37.53705841183699],[126.88536666692643,37.536427333069526]]]},"properties":{"projectName":"목동 6단지","projectType":"신속통합기획","programTags":["fast_track_planning"],"stageName":"기획완료","districtCode":"11470","districtName":"양천구","regionName":"서울특별시 양천구","areaSquareMeters":102424.0,"noticeDate":"","bounds":[126.88306,37.531853,126.887658,37.537058],"sourceName":"서울특별시 도시계획사업 현황(서울플랜+) 공간정보 OA-22712","sourceUrl":"https://data.seoul.go.kr/dataList/OA-22712/F/1/datasetView.do","sourceLicense":"공공누리 제4유형(출처표시·상업적이용금지·변경금지)","sourceBaseDate":"2026-02"}},{"type":"Feature","id":"11000UQ120PS202407010955","geometry":{"type":"Polygon","coordinates":[[[126.8540059729927,37.51819842533902],[126.856797195538,37.51903132968297],[126.85758566199515,37.519182543912606],[126.85932461324781,37.51943308953397],[126.85976226433435,37.519526930721604],[126.85985979674315,37.51949953855042],[126.86141658481063,37.51665264206051],[126.86136513530886,37.5165623661527],[126.8603713466763,37.51622767035426],[126.86029468475267,37.51618419759332],[126.85899256303281,37.51573492536901],[126.8588555407416,37.515668505252],[126.85875125756867,37.515570178849096],[126.85869200601933,37.51548413241919],[126.85862501084333,37.51530381893315],[126.85861773959,37.515220989716184],[126.85864523838863,37.515079044082576],[126.85873741702427,37.51490108995703],[126.85867176647231,37.514795908534715],[126.85732374477654,37.51432122361875],[126.85725175876159,37.5157235661178],[126.85717167780302,37.516176222142775],[126.85679475497663,37.51650704886663],[126.85521516311644,37.51607603365639],[126.85534517905336,37.51643587110323],[126.8552258386585,37.51670075026303],[126.8554469281778,37.51707647494432],[126.85530419579175,37.51714728867731],[126.85494648578423,37.51726595423398],[126.85451688021634,37.51743698249489],[126.85440372853171,37.5175721170533],[126.85436442286185,37.517670270267914],[126.85420037399442,37.517625995405915],[126.85397865102087,37.518117370127605],[126.8540059729927,37.51819842533902]]]},"properties":{"projectName":"목동10단지","projectType":"신속통합기획","programTags":["fast_track_planning"],"stageName":"기획완료","districtCode":"11470","districtName":"양천구","regionName":"서울특별시 양천구","areaSquareMeters":194668.0,"noticeDate":"","bounds":[126.853979,37.514321,126.861417,37.519527],"sourceName":"서울특별시 도시계획사업 현황(서울플랜+) 공간정보 OA-22712","sourceUrl":"https://data.seoul.go.kr/dataList/OA-22712/F/1/datasetView.do","sourceLicense":"공공누리 제4유형(출처표시·상업적이용금지·변경금지)","sourceBaseDate":"2026-02"}},{"type":"Feature","id":"11000UQ120PS202502050016","geometry":{"type":"Polygon","coordinates":[[[126.86030781437616,37.50835521739964],[126.86163758128895,37.508882103058944],[126.86203687130593,37.508201073883875],[126.86225750642961,37.50775173317614],[126.86222195740999,37.50769963256751],[126.86029261588229,37.506947246617905],[126.86015003004167,37.50695181081404],[126.86008160667954,37.50700852145349],[126.85615668688935,37.51347861182395],[126.85621399162928,37.513609124006],[126.85676263872125,37.5137965812579],[126.85739842623926,37.514049805079416],[126.85746563621113,37.514049738395464],[126.85751413807337,37.51402716902247],[126.85982503617043,37.511876744367335],[126.86013467856382,37.5114985032487],[126.86053114400339,37.51075358555757],[126.85912403569912,37.510271555010114],[126.86030781437616,37.50835521739964]]]},"properties":{"projectName":"목동11단지","projectType":"신속통합기획","programTags":["fast_track_planning"],"stageName":"기획완료","districtCode":"11470","districtName":"양천구","regionName":"서울특별시 양천구","areaSquareMeters":128668.0,"noticeDate":"","bounds":[126.856157,37.506947,126.862258,37.51405],"sourceName":"서울특별시 도시계획사업 현황(서울플랜+) 공간정보 OA-22712","sourceUrl":"https://data.seoul.go.kr/dataList/OA-22712/F/1/datasetView.do","sourceLicense":"공공누리 제4유형(출처표시·상업적이용금지·변경금지)","sourceBaseDate":"2026-02"}},{"type":"Feature","id":"11000UQ120PS202407010956","geometry":{"type":"Polygon","coordinates":[[[126.85770624155296,37.51415562466947],[126.85881651996044,37.51454769338374],[126.8589681380354,37.51448635015081],[126.85905905638413,37.51431963505764],[126.85910967234948,37.514258170690034],[126.85923760944955,37.51415183976572],[126.85947393600783,37.5140657511155],[126.85967746606423,37.51404351313145],[126.85981557535456,37.514056691969216],[126.86227814348406,37.51490909182227],[126.86238514460979,37.51487786324943],[126.86367343950059,37.512553871585745],[126.86374365903924,37.51232797015964],[126.86383752346254,37.5121671697918],[126.86383462603857,37.51212693873737],[126.86381538384556,37.51209023945651],[126.86378274430464,37.51207008756504],[126.86122303663426,37.51118033549419],[126.86090830833818,37.5111018773476],[126.86069252818055,37.511027232249205],[126.86063831054605,37.51102997780991],[126.86059891139949,37.5110516718575],[126.86039869637553,37.511392035572214],[126.86021847563518,37.51166217307047],[126.85993716256182,37.51198247375713],[126.85767574287586,37.514084155686064],[126.85770624155296,37.51415562466947]]]},"properties":{"projectName":"목동12단지","projectType":"신속통합기획","programTags":["fast_track_planning"],"stageName":"기획완료","districtCode":"11470","districtName":"양천구","regionName":"서울특별시 양천구","areaSquareMeters":127339.5,"noticeDate":"","bounds":[126.857676,37.511027,126.863838,37.514909],"sourceName":"서울특별시 도시계획사업 현황(서울플랜+) 공간정보 OA-22712","sourceUrl":"https://data.seoul.go.kr/dataList/OA-22712/F/1/datasetView.do","sourceLicense":"공공누리 제4유형(출처표시·상업적이용금지·변경금지)","sourceBaseDate":"2026-02"}},{"type":"Feature","id":"11000UQ120PS202407010957","geometry":{"type":"Polygon","coordinates":[[[126.86257402681508,37.51499728550604],[126.86788881646468,37.51685351917715],[126.86794453813881,37.51685510668474],[126.868013293253,37.51682279452574],[126.86941413808991,37.514077219991385],[126.86939233355564,37.514017742486466],[126.86925595657539,37.51396804680407],[126.86780346558268,37.51346506947505],[126.86741975697775,37.51334628147453],[126.86410300078373,37.512188457706905],[126.86402691010835,37.51222371705021],[126.8625455008447,37.514923102703136],[126.86257402681508,37.51499728550604]]]},"properties":{"projectName":"목동13단지","projectType":"신속통합기획","programTags":["fast_track_planning"],"stageName":"기획완료","districtCode":"11470","districtName":"양천구","regionName":"서울특별시 양천구","areaSquareMeters":178919.9,"noticeDate":"","bounds":[126.862546,37.512188,126.869414,37.516855],"sourceName":"서울특별시 도시계획사업 현황(서울플랜+) 공간정보 OA-22712","sourceUrl":"https://data.seoul.go.kr/dataList/OA-22712/F/1/datasetView.do","sourceLicense":"공공누리 제4유형(출처표시·상업적이용금지·변경금지)","sourceBaseDate":"2026-02"}},{"type":"Feature","id":"11000UQ120PS202407010958","geometry":{"type":"Polygon","coordinates":[[[126.87083263195034,37.51219904966185],[126.86846204412274,37.516981803986766],[126.86850825605333,37.5170995791994],[126.86902317592475,37.5173885440102],[126.86940144484133,37.51767706098023],[126.86963134638667,37.517868393786145],[126.86982962658291,37.51809311511403],[126.86999944765743,37.51832120657613],[126.8700734022248,37.51834232623443],[126.87021458915883,37.51829988780834],[126.87028595982686,37.51825855647716],[126.87040830481983,37.51794515497349],[126.87070165488808,37.51752309177389],[126.87099340837902,37.51716373263126],[126.87117220568761,37.51684211068879],[126.87155376176469,37.51608294227096],[126.87165802377265,37.515915048276256],[126.87256013348322,37.51649340268379],[126.87285744667106,37.516351745301336],[126.87366455498461,37.51690159375461],[126.87349793852233,37.51705285893144],[126.8738778269783,37.517270964969335],[126.87402067672559,37.5171196745125],[126.87465118735331,37.516694410434624],[126.87530421132242,37.51701691857749],[126.87583983807893,37.51647796541032],[126.87595898073052,37.51628878662053],[126.87548479875402,37.51560679191141],[126.87653086946543,37.51537125954633],[126.87641299474433,37.51479375770334],[126.87669830245696,37.51471833442265],[126.8765442804179,37.51444368226119],[126.87538780849766,37.51319305900327],[126.87386532247477,37.51410956916394],[126.8727684252851,37.51279272713684],[126.87083263195034,37.51219904966185]]]},"properties":{"projectName":"목동14단지","projectType":"신속통합기획","programTags":["fast_track_planning"],"stageName":"기획완료","districtCode":"11470","districtName":"양천구","regionName":"서울특별시 양천구","areaSquareMeters":250722.0,"noticeDate":"","bounds":[126.868462,37.512199,126.876698,37.518342],"sourceName":"서울특별시 도시계획사업 현황(서울플랜+) 공간정보 OA-22712","sourceUrl":"https://data.seoul.go.kr/dataList/OA-22712/F/1/datasetView.do","sourceLicense":"공공누리 제4유형(출처표시·상업적이용금지·변경금지)","sourceBaseDate":"2026-02"}},{"type":"Feature","id":"11000UQ120PS202502050017","geometry":{"type":"Polygon","coordinates":[[[126.87985216248578,37.54208979284257],[126.87992229282438,37.54206068014845],[126.87999257518354,37.541627621422855],[126.88022420495521,37.540492034935816],[126.88028382974468,37.540372202957656],[126.88040690571411,37.54021772982188],[126.88058645395412,37.54005621457716],[126.88074111797413,37.539969607316756],[126.8809671065782,37.53987991560394],[126.88198776975257,37.539628535617275],[126.88213051236465,37.539562421944595],[126.882265362492,37.53947579264671],[126.8825014987063,37.53922993295227],[126.88296637817481,37.53839430313865],[126.8829031471509,37.53829012367726],[126.88011239028299,37.53732424131927],[126.88001354997829,37.53734740960358],[126.8798920792205,37.537583915817905],[126.8797848496843,37.5377415591984],[126.87967174032094,37.53785975907345],[126.87956262122471,37.53796060984526],[126.87934247076305,37.53811813795311],[126.8790629309132,37.538248786945545],[126.87662291126611,37.53906026829163],[126.87615797843559,37.53928418579929],[126.87586252182783,37.53944951560103],[126.87546683311018,37.53972674454624],[126.87525068451625,37.53985271920192],[126.87523503869637,37.53987932318321],[126.8752253189378,37.539916385007245],[126.8752757180186,37.53998801820387],[126.87586298808678,37.54066184769434],[126.87607962858637,37.540838758909935],[126.87632207964906,37.54098256851875],[126.87665468634019,37.541117794629784],[126.87878243403037,37.54172340314455],[126.87985216248578,37.54208979284257]]]},"properties":{"projectName":"목동1단지","projectType":"신속통합기획","programTags":["fast_track_planning"],"stageName":"기획완료","districtCode":"11470","districtName":"양천구","regionName":"서울특별시 양천구","areaSquareMeters":165497.0,"noticeDate":"","bounds":[126.875225,37.537324,126.882966,37.54209],"sourceName":"서울특별시 도시계획사업 현황(서울플랜+) 공간정보 OA-22712","sourceUrl":"https://data.seoul.go.kr/dataList/OA-22712/F/1/datasetView.do","sourceLicense":"공공누리 제4유형(출처표시·상업적이용금지·변경금지)","sourceBaseDate":"2026-02"}},{"type":"Feature","id":"11000UQ120PS202502050018","geometry":{"type":"Polygon","coordinates":[[[126.87514493085096,37.539711417928835],[126.87540472715659,37.53954792501904],[126.87636297263073,37.53901296672157],[126.87656457030681,37.538923849521524],[126.87899158001565,37.53811580666278],[126.87914917811416,37.53805128962538],[126.87930782260426,37.53795206723388],[126.87955776142283,37.537748821162005],[126.87971756952233,37.537540750521444],[126.8798546618118,37.53729085110822],[126.8797983335033,37.537209550575646],[126.87778376157318,37.53651889067094],[126.87713254349708,37.536193243797285],[126.87690100200811,37.53604944725746],[126.87647959677612,37.53571772577436],[126.8764142389403,37.53570819253271],[126.8763528181336,37.53571443800728],[126.87614854712174,37.53585304719402],[126.87604347343327,37.53590184058777],[126.8756926184357,37.53603398440431],[126.87539934113262,37.5360873112772],[126.87514970884027,37.536102822617835],[126.87490210558515,37.53608993992308],[126.87333347594387,37.53589896455817],[126.87308784669669,37.535890813116815],[126.87278469614802,37.535925192905204],[126.87254489616129,37.53598330298183],[126.8723347735373,37.53606353016682],[126.87216028407963,37.53615799295119],[126.87171988363356,37.53651876992171],[126.87171771883288,37.53662603970997],[126.87341108848013,37.53803344674836],[126.87413115115491,37.53865260815159],[126.87442776069575,37.53898105014891],[126.87502807629882,37.53969354688849],[126.87514493085096,37.539711417928835]]]},"properties":{"projectName":"목동2단지","projectType":"신속통합기획","programTags":["fast_track_planning"],"stageName":"기획완료","districtCode":"11470","districtName":"양천구","regionName":"서울특별시 양천구","areaSquareMeters":159253.0,"noticeDate":"","bounds":[126.871718,37.535708,126.879855,37.539711],"sourceName":"서울특별시 도시계획사업 현황(서울플랜+) 공간정보 OA-22712","sourceUrl":"https://data.seoul.go.kr/dataList/OA-22712/F/1/datasetView.do","sourceLicense":"공공누리 제4유형(출처표시·상업적이용금지·변경금지)","sourceBaseDate":"2026-02"}},{"type":"Feature","id":"11000UQ120PS202502050019","geometry":{"type":"Polygon","coordinates":[[[126.87157671510265,37.53639803175668],[126.8719352421933,37.53612925505904],[126.87214149468963,37.535995388257746],[126.87228028334616,37.535926126843535],[126.87269057144583,37.53579563474889],[126.87300165028691,37.53575810945341],[126.87321757530944,37.53575991915684],[126.87494863342837,37.53595737809855],[126.87516653355827,37.53596313000057],[126.875475617472,37.53593348334455],[126.87572137166993,37.53586748636743],[126.87600681365207,37.53575893663393],[126.87624874215155,37.535609325072464],[126.87626871879576,37.5355083837205],[126.8761105452884,37.535323646608866],[126.87588722321136,37.53500475154929],[126.8757568907799,37.53475694162917],[126.87564639436013,37.534493378114824],[126.8755182774914,37.534105170349505],[126.87534322031344,37.53335565823584],[126.87534731569552,37.53327520843765],[126.87529716368829,37.533058244374445],[126.87519326312223,37.5329997660556],[126.87440268401139,37.533114088148785],[126.87413721413155,37.53312958031774],[126.87370538459194,37.533122809534554],[126.87151796478983,37.53282624062038],[126.87112978277719,37.532781646024375],[126.871004986276,37.532780721616085],[126.87056117853105,37.53282913895624],[126.87046406026293,37.532859794737284],[126.86998822125155,37.5331014229658],[126.86991074498206,37.5332283289192],[126.86994610168637,37.53340110758933],[126.86996065213863,37.53357780671564],[126.8699137029296,37.53437677472157],[126.86994196731679,37.53464104217514],[126.87007106969129,37.53501584845522],[126.87021921372971,37.535263683526786],[126.87039711490829,37.53548709940424],[126.87145959174333,37.53639573504514],[126.87157671510265,37.53639803175668]]]},"properties":{"projectName":"목동3단지","projectType":"신속통합기획","programTags":["fast_track_planning"],"stageName":"기획완료","districtCode":"11470","districtName":"양천구","regionName":"서울특별시 양천구","areaSquareMeters":159544.0,"noticeDate":"","bounds":[126.869911,37.532781,126.876269,37.536398],"sourceName":"서울특별시 도시계획사업 현황(서울플랜+) 공간정보 OA-22712","sourceUrl":"https://data.seoul.go.kr/dataList/OA-22712/F/1/datasetView.do","sourceLicense":"공공누리 제4유형(출처표시·상업적이용금지·변경금지)","sourceBaseDate":"2026-02"}},{"type":"Feature","id":"11000UQ120PS202407010951","geometry":{"type":"Polygon","coordinates":[[[126.86987263307239,37.53293092180572],[126.87014674148183,37.53278885209841],[126.87063423907226,37.53267738188746],[126.87090765859152,37.53264613089391],[126.87120280232409,37.53265276296932],[126.87331793825086,37.5329342739674],[126.8739953149294,37.532991789685994],[126.87460748439482,37.53295300270503],[126.87514444333684,37.53287469563023],[126.87522580996318,37.53278486175065],[126.8749348090917,37.53148309074662],[126.87487946041502,37.53141362068915],[126.87468744746225,37.5313345398914],[126.86763512399847,37.530445006189],[126.86757855544641,37.530509621664535],[126.86788222823776,37.53129084036096],[126.86805001039929,37.53162704200341],[126.86820220754484,37.53181493763634],[126.86834557975789,37.53195313244267],[126.86851076253262,37.532079518893326],[126.86920732502038,37.53248729520346],[126.8693606603728,37.53259315967932],[126.86962128800357,37.532798132329056],[126.86971669150948,37.53289919961157],[126.86987263307239,37.53293092180572]]]},"properties":{"projectName":"목동4단지","projectType":"신속통합기획","programTags":["fast_track_planning"],"stageName":"기획완료","districtCode":"11470","districtName":"양천구","regionName":"서울특별시 양천구","areaSquareMeters":122825.0,"noticeDate":"","bounds":[126.867579,37.530445,126.875226,37.532992],"sourceName":"서울특별시 도시계획사업 현황(서울플랜+) 공간정보 OA-22712","sourceUrl":"https://data.seoul.go.kr/dataList/OA-22712/F/1/datasetView.do","sourceLicense":"공공누리 제4유형(출처표시·상업적이용금지·변경금지)","sourceBaseDate":"2026-02"}},{"type":"Feature","id":"11000UQ120PS202407010952","geometry":{"type":"Polygon","coordinates":[[[126.87744371054661,37.531713280005725],[126.87737382103103,37.53175185647367],[126.87732215152234,37.53185355402654],[126.87776168069854,37.53381409262722],[126.87789385566735,37.53415024376404],[126.87797882799694,37.53427811149411],[126.87812511851448,37.53446283372377],[126.87831501006129,37.534634980150734],[126.87849111106928,37.5347613639918],[126.8786573666874,37.53485145434515],[126.87918993535672,37.535044459233994],[126.88280622585964,37.53629514151444],[126.8828939365659,37.53626249478092],[126.88367817941754,37.53481943447014],[126.8837895300719,37.534551364081416],[126.88385331745489,37.53429586640642],[126.88387351302123,37.5340466367273],[126.88385804263463,37.53380368116187],[126.8835081270035,37.532072784552156],[126.88338343361491,37.53200640535175],[126.88304463227661,37.53205024078378],[126.88197882440059,37.53210597177666],[126.88154895068152,37.532118161523265],[126.88099631685834,37.532095520940004],[126.8803466570245,37.53204911548032],[126.87755564499008,37.53170471917556],[126.87744371054661,37.531713280005725]]]},"properties":{"projectName":"목동5단지","projectType":"신속통합기획","programTags":["fast_track_planning"],"stageName":"기획완료","districtCode":"11470","districtName":"양천구","regionName":"서울특별시 양천구","areaSquareMeters":204003.0,"noticeDate":"","bounds":[126.877322,37.531705,126.883874,37.536295],"sourceName":"서울특별시 도시계획사업 현황(서울플랜+) 공간정보 OA-22712","sourceUrl":"https://data.seoul.go.kr/dataList/OA-22712/F/1/datasetView.do","sourceLicense":"공공누리 제4유형(출처표시·상업적이용금지·변경금지)","sourceBaseDate":"2026-02"}},{"type":"Feature","id":"11000UQ120PS202407010953","geometry":{"type":"Polygon","coordinates":[[[126.86985157714275,37.52671943907835],[126.86843299507176,37.52692610222532],[126.8681408726265,37.52577851537418],[126.86580642095552,37.52614621158166],[126.86575040348711,37.52618045885943],[126.86471419647826,37.52633584696936],[126.86441163465705,37.526611568804846],[126.86439172128095,37.52666991387798],[126.86423886277298,37.528497310358084],[126.86429400518549,37.528674057491585],[126.86426526828731,37.52922931546722],[126.86428094248532,37.529323985756484],[126.86439946881204,37.52950238318728],[126.86448449651361,37.52958451282404],[126.86460719274329,37.52964775439433],[126.8646190237327,37.52967774145876],[126.87045527798027,37.5304036422514],[126.8706216360276,37.53042275480972],[126.87069495700851,37.53040548201238],[126.87074159975249,37.53035189662648],[126.87075797364609,37.53004666267155],[126.87060174393422,37.52989820319079],[126.8705257128388,37.529764029429494],[126.87020797290027,37.528515064310675],[126.8701728410169,37.528213716719264],[126.86985157714275,37.52671943907835]]]},"properties":{"projectName":"목동7단지","projectType":"신속통합기획","programTags":["fast_track_planning"],"stageName":"기획완료","districtCode":"11470","districtName":"양천구","regionName":"서울특별시 양천구","areaSquareMeters":229578.9,"noticeDate":"","bounds":[126.864239,37.525779,126.870758,37.530423],"sourceName":"서울특별시 도시계획사업 현황(서울플랜+) 공간정보 OA-22712","sourceUrl":"https://data.seoul.go.kr/dataList/OA-22712/F/1/datasetView.do","sourceLicense":"공공누리 제4유형(출처표시·상업적이용금지·변경금지)","sourceBaseDate":"2026-02"}},{"type":"Feature","id":"11000UQ120PS202407010959","geometry":{"type":"Polygon","coordinates":[[[126.8691084802919,37.523604813746715],[126.86818289692447,37.51958876142916],[126.86803882770874,37.519298334132905],[126.86789751763295,37.51905789788126],[126.86783093820388,37.51897845388246],[126.8676410265801,37.51881836710709],[126.86751881039923,37.518841794955385],[126.86687685094327,37.520104679026716],[126.86593684994145,37.52188622930488],[126.86567771468947,37.522432001009236],[126.8657332501573,37.52243935030728],[126.86857542444984,37.52385777553901],[126.8686792722658,37.523852362974736],[126.86909086082701,37.523628062175845],[126.8691084802919,37.523604813746715]]]},"properties":{"projectName":"목동8단지","projectType":"신속통합기획","programTags":["fast_track_planning"],"stageName":"기획완료","districtCode":"11470","districtName":"양천구","regionName":"서울특별시 양천구","areaSquareMeters":88842.0,"noticeDate":"","bounds":[126.865678,37.518818,126.869108,37.523858],"sourceName":"서울특별시 도시계획사업 현황(서울플랜+) 공간정보 OA-22712","sourceUrl":"https://data.seoul.go.kr/dataList/OA-22712/F/1/datasetView.do","sourceLicense":"공공누리 제4유형(출처표시·상업적이용금지·변경금지)","sourceBaseDate":"2026-02"}},{"type":"Feature","id":"11000UQ120PS202407010954","geometry":{"type":"Polygon","coordinates":[[[126.86164041644908,37.52040768489118],[126.86205606177803,37.51961723434768],[126.86321201799268,37.51999718709983],[126.86312468840407,37.52009804850643],[126.86298938616532,37.520438638975364],[126.86298117617652,37.52059638273885],[126.86572084900561,37.521413537371515],[126.86710228530067,37.51864494889989],[126.8670450632598,37.51852499103901],[126.86666308681615,37.51837469483082],[126.86495097067534,37.51779537178752],[126.86466393026224,37.51772089937373],[126.86351996460057,37.51729680341656],[126.86245906004416,37.51694535944391],[126.86168421477466,37.51666444237026],[126.8615791822184,37.516700602875545],[126.8602397762743,37.51914420511337],[126.86017208243345,37.519334217866664],[126.8600587921672,37.51954783971047],[126.86004680378541,37.51960363118097],[126.86008881602757,37.51964371089674],[126.86046062147474,37.519801509756284],[126.86164041644908,37.52040768489118]]]},"properties":{"projectName":"목동9단지","projectType":"신속통합기획","programTags":["fast_track_planning"],"stageName":"기획완료","districtCode":"11470","districtName":"양천구","regionName":"서울특별시 양천구","areaSquareMeters":183058.0,"noticeDate":"","bounds":[126.860047,37.516664,126.867102,37.521414],"sourceName":"서울특별시 도시계획사업 현황(서울플랜+) 공간정보 OA-22712","sourceUrl":"https://data.seoul.go.kr/dataList/OA-22712/F/1/datasetView.do","sourceLicense":"공공누리 제4유형(출처표시·상업적이용금지·변경금지)","sourceBaseDate":"2026-02"}},{"type":"Feature","id":"11000UQ120PS202505310035","geometry":{"type":"Polygon","coordinates":[[[126.97912527167233,37.56809401617873],[126.97911241980039,37.56754260889459],[126.9783704436099,37.56757805479415],[126.97833081664523,37.56761093309277],[126.97836066910139,37.568073236051255],[126.97841555672275,37.56810649327142],[126.97912527167233,37.56809401617873]]]},"properties":{"projectName":"무교다동구역 4지구","projectType":"신속통합기획","programTags":["fast_track_planning"],"stageName":"대상지선정(추진중)","districtCode":"11140","districtName":"중구","regionName":"서울특별시 중구","areaSquareMeters":4736.0,"noticeDate":"","bounds":[126.978331,37.567543,126.979125,37.568106],"sourceName":"서울특별시 도시계획사업 현황(서울플랜+) 공간정보 OA-22712","sourceUrl":"https://data.seoul.go.kr/dataList/OA-22712/F/1/datasetView.do","sourceLicense":"공공누리 제4유형(출처표시·상업적이용금지·변경금지)","sourceBaseDate":"2026-02"}},{"type":"Feature","id":"11000UQ120PS202601310029","geometry":{"type":"Polygon","coordinates":[[[126.88546235598744,37.51764711346644],[126.88551842619604,37.51767700951444],[126.88586434707948,37.51762378452768],[126.88643380325237,37.517535277299295],[126.88647514808422,37.5174902407653],[126.88611472335808,37.5159957680498],[126.88604313065416,37.515968758310144],[126.88515387219807,37.51636223347392],[126.88546235598744,37.51764711346644]]]},"properties":{"projectName":"문래두산위브","projectType":"신속통합기획","programTags":["fast_track_planning"],"stageName":"대상지선정(추진중)","districtCode":"11560","districtName":"영등포구","regionName":"서울특별시 영등포구","areaSquareMeters":14897.0,"noticeDate":"","bounds":[126.885154,37.515969,126.886475,37.517677],"sourceName":"서울특별시 도시계획사업 현황(서울플랜+) 공간정보 OA-22712","sourceUrl":"https://data.seoul.go.kr/dataList/OA-22712/F/1/datasetView.do","sourceLicense":"공공누리 제4유형(출처표시·상업적이용금지·변경금지)","sourceBaseDate":"2026-02"}},{"type":"Feature","id":"11000UQ120PS202407010867","geometry":{"type":"Polygon","coordinates":[[[127.03839583486275,37.61658263183908],[127.03847091073972,37.61643012636512],[127.03859216550013,37.61630291489414],[127.03861619606502,37.61606648996688],[127.03865631119457,37.61601477906792],[127.03881785943146,37.6160365949286],[127.03922032503432,37.615842512890595],[127.03927265840231,37.61578607673653],[127.03921994979757,37.615727430718294],[127.03942440521503,37.61562191442044],[127.03946846182153,37.61548243742099],[127.03937647309989,37.615378160397604],[127.03935007955556,37.61539416127328],[127.03932614368114,37.61536515735602],[127.03935449646703,37.61534875041609],[127.03823280967319,37.614065567032725],[127.03808534288872,37.61392533905247],[127.03788159871591,37.6137645948749],[127.03786647440529,37.613733101229926],[127.03773646388765,37.6136192841985],[127.03769008127654,37.613520731073216],[127.03761332894939,37.613412303455114],[127.03729259743844,37.61303136710072],[127.03721553929559,37.61363155209368],[127.03711762540212,37.613940131698726],[127.03693257492257,37.61397811867868],[127.03690925189808,37.61399659578922],[127.03693503693788,37.61439310986477],[127.0369285107776,37.61448384062244],[127.03691371643593,37.61457448376016],[127.03681356429522,37.614753718892764],[127.03690739123415,37.61508939633626],[127.03701675893983,37.61523487192561],[127.03703275185352,37.61528288940155],[127.03705427890321,37.61529774910825],[127.03714624605284,37.61529258578989],[127.03714551263961,37.61565458214418],[127.0371728606586,37.61599966759458],[127.03719922146928,37.616103380546654],[127.03791163891535,37.61683968779866],[127.03797111104242,37.61697630137253],[127.03796238089411,37.61702811046065],[127.0384145973293,37.61701156309339],[127.0383773345876,37.61666612249808],[127.03839583486275,37.61658263183908]]]},"properties":{"projectName":"미아4-1","projectType":"신속통합기획","programTags":["fast_track_planning"],"stageName":"기획완료","districtCode":"11305","districtName":"강북구","regionName":"서울특별시 강북구","areaSquareMeters":51625.0,"noticeDate":"","bounds":[127.036814,37.613031,127.039468,37.617028],"sourceName":"서울특별시 도시계획사업 현황(서울플랜+) 공간정보 OA-22712","sourceUrl":"https://data.seoul.go.kr/dataList/OA-22712/F/1/datasetView.do","sourceLicense":"공공누리 제4유형(출처표시·상업적이용금지·변경금지)","sourceBaseDate":"2026-02"}},{"type":"Feature","id":"11000UQ120PS202601310009","geometry":{"type":"Polygon","coordinates":[[[127.01880742028096,37.621614459874806],[127.01923416809805,37.62134660729278],[127.01933634146084,37.62149653301696],[127.01980449049957,37.62147159436197],[127.02029192610871,37.621568265072824],[127.02034991170406,37.6213939972795],[127.02035467622245,37.6213322613635],[127.02008246942682,37.62082180915014],[127.02006029840287,37.6204871885898],[127.02003116731021,37.62040466337371],[127.01998890855978,37.620369351569316],[127.01985819764072,37.62038378763687],[127.01901934917277,37.620533090301464],[127.01892824856127,37.62049851514427],[127.01890560410482,37.620443036119994],[127.01870566877582,37.62038990757095],[127.01857993798846,37.620389024833216],[127.0184217132324,37.62045328749078],[127.018269618966,37.620575482093486],[127.01821513219889,37.62107201998803],[127.01804390828246,37.62126674589071],[127.01776960049187,37.621438150393544],[127.01776728677126,37.62189301048772],[127.01794515939167,37.621892580424166],[127.01810349133358,37.62193832806534],[127.01846644503352,37.62190552588054],[127.01861662170664,37.621902035446745],[127.01865787928115,37.62191734612259],[127.01864841023018,37.62162362800828],[127.01880742028096,37.621614459874806]]]},"properties":{"projectName":"미아7","projectType":"신속통합기획","programTags":["fast_track_planning"],"stageName":"대상지선정(추진중)","districtCode":"11305","districtName":"강북구","regionName":"서울특별시 강북구","areaSquareMeters":25215.0,"noticeDate":"","bounds":[127.017767,37.620369,127.020355,37.621938],"sourceName":"서울특별시 도시계획사업 현황(서울플랜+) 공간정보 OA-22712","sourceUrl":"https://data.seoul.go.kr/dataList/OA-22712/F/1/datasetView.do","sourceLicense":"공공누리 제4유형(출처표시·상업적이용금지·변경금지)","sourceBaseDate":"2026-02"}},{"type":"Feature","id":"11000UQ120PS202502050002","geometry":{"type":"Polygon","coordinates":[[[127.03212010228513,37.62181777691022],[127.03195909704266,37.62179231180501],[127.0319579579082,37.62180438523089],[127.03187333295686,37.621779630077285],[127.03186891930605,37.6217894518945],[127.03154865885722,37.62169520121404],[127.03148691348402,37.62166602515666],[127.03146401689274,37.62162737892539],[127.0292172697011,37.621060580469496],[127.02916528608303,37.621082576573535],[127.02863712623756,37.62240380611946],[127.02840153971728,37.62278254186585],[127.0282907449246,37.623063852957195],[127.02831432054609,37.62310412140431],[127.0295000799597,37.62339999827396],[127.0297731067013,37.62348750845565],[127.03015409839443,37.62390330886274],[127.02975726322613,37.62412639695261],[127.02975412535524,37.62421595507995],[127.02976999607885,37.62424766576484],[127.03006143397796,37.62448401268835],[127.03015295247259,37.62437108876418],[127.03047513507939,37.62443112351111],[127.03169900682238,37.62284664224413],[127.0319416352309,37.62244366174685],[127.03202337217927,37.62227362573718],[127.0321835989982,37.62175261056425],[127.03214383313588,37.62173533108375],[127.03212010228513,37.62181777691022]]]},"properties":{"projectName":"미아동 130 일대","projectType":"신속통합기획","programTags":["fast_track_planning"],"stageName":"대상지선정(추진중)","districtCode":"11305","districtName":"강북구","regionName":"서울특별시 강북구","areaSquareMeters":71059.5,"noticeDate":"","bounds":[127.028291,37.621061,127.032184,37.624484],"sourceName":"서울특별시 도시계획사업 현황(서울플랜+) 공간정보 OA-22712","sourceUrl":"https://data.seoul.go.kr/dataList/OA-22712/F/1/datasetView.do","sourceLicense":"공공누리 제4유형(출처표시·상업적이용금지·변경금지)","sourceBaseDate":"2026-02"}},{"type":"Feature","id":"11000UQ120PS202601310010","geometry":{"type":"Polygon","coordinates":[[[127.02594687548113,37.63329407732856],[127.02439933724058,37.6329517454924],[127.02435618036763,37.63297319713571],[127.02430003206224,37.6331156526555],[127.02413089492686,37.63462788692856],[127.02734655108604,37.63485283183104],[127.02633215916654,37.633584021833435],[127.02594687548113,37.63329407732856]]]},"properties":{"projectName":"미아동 159","projectType":"신속통합기획","programTags":["fast_track_planning"],"stageName":"대상지선정(추진중)","districtCode":"11305","districtName":"강북구","regionName":"서울특별시 강북구","areaSquareMeters":37710.0,"noticeDate":"","bounds":[127.024131,37.632952,127.027347,37.634853],"sourceName":"서울특별시 도시계획사업 현황(서울플랜+) 공간정보 OA-22712","sourceUrl":"https://data.seoul.go.kr/dataList/OA-22712/F/1/datasetView.do","sourceLicense":"공공누리 제4유형(출처표시·상업적이용금지·변경금지)","sourceBaseDate":"2026-02"}},{"type":"Feature","id":"11000UQ120PS202407010947","geometry":{"type":"Polygon","coordinates":[[[127.030690107377,37.6290865069034],[127.03146912899184,37.62804579818491],[127.0323258193905,37.62701115451115],[127.03254897733477,37.625771988227235],[127.03248969889273,37.62566382320251],[127.03259177799904,37.62512811002718],[127.03290188635523,37.624962968522276],[127.03298820570359,37.624725177036744],[127.03301058122429,37.62441060305865],[127.0331038338512,37.624069818632734],[127.0332839360449,37.623600178778055],[127.03357282254578,37.62307149583825],[127.03361494898645,37.62283322928409],[127.03356045834374,37.62271458504483],[127.0335782856167,37.622540849660105],[127.03355333696983,37.622458924927344],[127.03348859312776,37.62119737227269],[127.03304352436734,37.62116974181301],[127.03311849181118,37.62088489491805],[127.03253836297256,37.62080962777761],[127.03239324261178,37.621583896048335],[127.03222380312033,37.62220203054667],[127.03204210869214,37.62259483644697],[127.03178665916228,37.62298761773392],[127.03046528865048,37.624701804519354],[127.0296024425389,37.625978158515984],[127.02959540658784,37.6260951613694],[127.02950574697216,37.62630953465922],[127.02944402266662,37.62652645103746],[127.02959563306491,37.626366022730494],[127.02984558529872,37.62651585892343],[127.02998579680704,37.62646887515403],[127.03067043577255,37.62727391315247],[127.02963706862512,37.6278638907695],[127.02939632777414,37.628123555990236],[127.030690107377,37.6290865069034]]]},"properties":{"projectName":"미아동 258","projectType":"신속통합기획","programTags":["fast_track_planning"],"stageName":"기획완료","districtCode":"11305","districtName":"강북구","regionName":"서울특별시 강북구","areaSquareMeters":156651.0,"noticeDate":"","bounds":[127.029396,37.62081,127.033615,37.629087],"sourceName":"서울특별시 도시계획사업 현황(서울플랜+) 공간정보 OA-22712","sourceUrl":"https://data.seoul.go.kr/dataList/OA-22712/F/1/datasetView.do","sourceLicense":"공공누리 제4유형(출처표시·상업적이용금지·변경금지)","sourceBaseDate":"2026-02"}},{"type":"Feature","id":"11000UQ120PS202411014523","geometry":{"type":"Polygon","coordinates":[[[127.02529313584793,37.6199628710428],[127.02583661195884,37.61858984637294],[127.02582957320647,37.618540293894874],[127.02555297116737,37.618183382055975],[127.02528092676751,37.61825884921601],[127.02527615156191,37.61823797445774],[127.02414550992107,37.6185200954303],[127.02374934126698,37.61866343562911],[127.02308135261691,37.618934916862806],[127.02307839008614,37.61894867988053],[127.02297013588604,37.618980256446754],[127.0229806813164,37.61902007786543],[127.02296931045211,37.619162664591435],[127.02280393519099,37.61925283311875],[127.02266681741003,37.619433143945834],[127.02269412970549,37.61948386424396],[127.02269620008644,37.61959504484972],[127.02262850748569,37.62014645693021],[127.02264766385198,37.62019474604466],[127.02291874537408,37.62036176597037],[127.02309491962045,37.62033724525102],[127.02333314144174,37.62026714754204],[127.02358487101066,37.620218540611724],[127.0236262187557,37.620232047577616],[127.02418777971123,37.62011850763416],[127.02421599112868,37.62014183760107],[127.02436652036882,37.620118473166535],[127.02459677947238,37.62005508945161],[127.02466755644431,37.62000038608682],[127.02515925133889,37.619965420682064],[127.02523854670879,37.61998513624021],[127.02529313584793,37.6199628710428]]]},"properties":{"projectName":"미아동 345-1 일대","projectType":"신속통합기획","programTags":["fast_track_planning"],"stageName":"기획완료","districtCode":"11305","districtName":"강북구","regionName":"서울특별시 강북구","areaSquareMeters":44061.0,"noticeDate":"","bounds":[127.022629,37.618183,127.025837,37.620362],"sourceName":"서울특별시 도시계획사업 현황(서울플랜+) 공간정보 OA-22712","sourceUrl":"https://data.seoul.go.kr/dataList/OA-22712/F/1/datasetView.do","sourceLicense":"공공누리 제4유형(출처표시·상업적이용금지·변경금지)","sourceBaseDate":"2026-02"}},{"type":"Feature","id":"11000UQ120PS202505310007","geometry":{"type":"Polygon","coordinates":[[[127.032371928495,37.613842987769196],[127.03168966452876,37.61355477807321],[127.03161764947086,37.61365707585407],[127.03159558238201,37.61364732385263],[127.03154190751093,37.61373013769597],[127.03149756978131,37.6137114680212],[127.03127144524682,37.61405360438707],[127.03127786798159,37.614084100981216],[127.03120100082863,37.61420625734722],[127.03119674697042,37.614189761451634],[127.03105052143127,37.61414826289845],[127.0310490637853,37.6142142150854],[127.03102099901332,37.61427512843111],[127.03097247789508,37.61450517905623],[127.03092077857198,37.61515009618373],[127.03096461534068,37.615476348496095],[127.03099067613628,37.61550226321389],[127.03160768920293,37.61552905586384],[127.03168613383225,37.6155530920306],[127.03231079061868,37.61557446415461],[127.03233434419889,37.615561799224544],[127.03227389170537,37.61640521420272],[127.03327706352813,37.61642538276665],[127.03336674497152,37.61636848868989],[127.03358884449484,37.61475675380432],[127.03382680989894,37.61384366162949],[127.03387770610752,37.61373165571866],[127.0337583522999,37.61373238213772],[127.03376849635268,37.61372287401421],[127.03374740915275,37.6137011210773],[127.03283382111856,37.61374326264353],[127.03283517957078,37.61376866094424],[127.03279218965353,37.613777889381495],[127.03269972246088,37.61374811839739],[127.03266045060177,37.6137919705133],[127.032371928495,37.613842987769196]]]},"properties":{"projectName":"미아동 75","projectType":"신속통합기획","programTags":["fast_track_planning"],"stageName":"대상지선정(추진중)","districtCode":"11305","districtName":"강북구","regionName":"서울특별시 강북구","areaSquareMeters":55000.0,"noticeDate":"","bounds":[127.030921,37.613555,127.033878,37.616425],"sourceName":"서울특별시 도시계획사업 현황(서울플랜+) 공간정보 OA-22712","sourceUrl":"https://data.seoul.go.kr/dataList/OA-22712/F/1/datasetView.do","sourceLicense":"공공누리 제4유형(출처표시·상업적이용금지·변경금지)","sourceBaseDate":"2026-02"}},{"type":"Feature","id":"11000UQ120PS202407010919","geometry":{"type":"Polygon","coordinates":[[[127.01828184389765,37.62004383263309],[127.01694142895678,37.620112309709434],[127.01437714526068,37.62030421039055],[127.01441181302455,37.62159086033275],[127.01367597494097,37.621542862125416],[127.01341255539509,37.62187183677799],[127.01337045426254,37.62203006211164],[127.01330814124722,37.62202131983667],[127.01301885704663,37.62212351950843],[127.0131623242864,37.622528045438266],[127.01352777435595,37.62249090646681],[127.01374602702475,37.622537807091994],[127.01375044659942,37.62261847136514],[127.01376499280657,37.62262946181153],[127.0139969466279,37.622642925185204],[127.01409941939434,37.62300821659467],[127.01405515245428,37.62301322174305],[127.01393923148714,37.62324420918638],[127.01391432504337,37.6232608168626],[127.01391164653998,37.62329767622748],[127.01399037744613,37.62339324387028],[127.01419774291153,37.62334774031622],[127.01424263431765,37.6232836758218],[127.01441185215312,37.62319509114269],[127.01472842187962,37.62313068112759],[127.01497640708746,37.623151060304444],[127.01529642878725,37.62325869046715],[127.01563580305604,37.62326883143321],[127.0158309652132,37.62321168580824],[127.01611372770823,37.62294875427554],[127.0164447854687,37.62306798458269],[127.01646817311911,37.62304996202593],[127.01658456240318,37.62315922706877],[127.0167131060537,37.62309953869626],[127.0167763126606,37.6230402280496],[127.01675873969452,37.62302042678329],[127.01697520341206,37.62288971150621],[127.01711260791417,37.622901316071456],[127.01718366878347,37.6230809620413],[127.01757887056779,37.62301459680882],[127.01805915282178,37.623053029343545],[127.01802680357629,37.623215994092575],[127.0178571207645,37.62333445240021],[127.01860983563363,37.623436616010764],[127.01863515995089,37.62351770051957],[127.01873721164172,37.62347618654702],[127.01886587870564,37.623318928714276],[127.01920510966484,37.622959981163625],[127.01913389890518,37.62293334082989],[127.01914193854525,37.62292122145067],[127.01888973577236,37.62283763890063],[127.01895268653477,37.62266121775842],[127.01924830204374,37.622724566664516],[127.01929854140151,37.622686186373365],[127.01940941702561,37.62274496756485],[127.01982506093752,37.62230850519582],[127.0200011384632,37.62209938733342],[127.02017132039092,37.62182726460057],[127.02027612057805,37.6216019218939],[127.0198575857826,37.62149449173993],[127.01983901614949,37.6215232358881],[127.01979663328261,37.62153838793442],[127.0194443800352,37.621545460597],[127.0193717822206,37.62158682658592],[127.01923437989441,37.62157567513813],[127.01923584380133,37.62153927532396],[127.01927212553207,37.621493887505906],[127.01921472249269,37.621412852968994],[127.01916824647529,37.62150712046389],[127.01904086468377,37.62147783056281],[127.01901386401471,37.621541038320174],[127.01905301693934,37.62156630500046],[127.01904941569238,37.62161804881998],[127.01894701723135,37.62161815408369],[127.01891291822612,37.621601265738214],[127.0189134728668,37.62155094592026],[127.01880764560657,37.62161408413311],[127.01864864688386,37.62162325226524],[127.01865812726096,37.621916961368115],[127.01861685836137,37.62190165970379],[127.0185167255405,37.62190425998053],[127.0181037393183,37.621937952321844],[127.01794540737308,37.62189218666138],[127.01785641798234,37.62188276575298],[127.01771973466376,37.621897912049214],[127.01774418345538,37.62181418061773],[127.01777683469668,37.62178959738931],[127.01776984847466,37.62143776564091],[127.01804415626326,37.62126636113749],[127.01821538017816,37.62107163523443],[127.01826700191711,37.62068441367447],[127.01828184389765,37.62004383263309]]]},"properties":{"projectName":"미아동 791-2882 일대","projectType":"신속통합기획","programTags":["fast_track_planning"],"stageName":"기획완료","districtCode":"11305","districtName":"강북구","regionName":"서울특별시 강북구","areaSquareMeters":133875.0,"noticeDate":"","bounds":[127.013019,37.620044,127.020276,37.623518],"sourceName":"서울특별시 도시계획사업 현황(서울플랜+) 공간정보 OA-22712","sourceUrl":"https://data.seoul.go.kr/dataList/OA-22712/F/1/datasetView.do","sourceLicense":"공공누리 제4유형(출처표시·상업적이용금지·변경금지)","sourceBaseDate":"2026-02"}},{"type":"Feature","id":"11000UQ120PS202502050009","geometry":{"type":"Polygon","coordinates":[[[127.00950131289991,37.49925635620294],[127.00952998295529,37.499066721025315],[127.00949766187762,37.49895362081966],[127.00922589931578,37.4988155157301],[127.00927042511627,37.49852106635405],[127.00880914438457,37.49851073424048],[127.00851132265053,37.49902531275009],[127.00857266005839,37.499494279017085],[127.00835432181604,37.499873432155375],[127.00794427232209,37.499983737426916],[127.00731728508912,37.5011406521757],[127.00797632336847,37.50184150473603],[127.00783498103499,37.50210280193306],[127.00800689867668,37.502310652949205],[127.0083375913902,37.50243326020022],[127.00784232539225,37.503364920016665],[127.00886903904973,37.5037424779404],[127.00910422080065,37.50331574130281],[127.00919186044331,37.503237799292116],[127.00935664430858,37.5033000474509],[127.00940323238467,37.50323805566971],[127.00953927995906,37.5032005649811],[127.00959728495772,37.50308937784024],[127.00960236140169,37.50297107641671],[127.00965268287271,37.50292503194824],[127.00973184726317,37.502917818483134],[127.00984902457462,37.503033498458656],[127.01001707024612,37.50293698956832],[127.0100766577471,37.502826793171394],[127.01010433410168,37.50255243716591],[127.01007446880364,37.50247477327325],[127.01006471114596,37.502196635773],[127.01016298384802,37.50215968768587],[127.01003912541732,37.50195967503143],[127.00981156306253,37.501761381464476],[127.00967140240924,37.5013893689342],[127.00963204084354,37.501334230533324],[127.00950978528539,37.50129207213584],[127.00934737637343,37.50118927907594],[127.00925972750751,37.501153154810126],[127.00926943658276,37.50099160512503],[127.00930493083717,37.500836901327176],[127.00938294486023,37.50066480541691],[127.00934618477903,37.500608044943114],[127.00928454868661,37.50058633494406],[127.00931212640714,37.50043109105443],[127.00941398730077,37.50012141102938],[127.00941544661791,37.50001851687452],[127.0093660167132,37.49992175290167],[127.00940660844321,37.499854535688804],[127.0094405120625,37.499637572908526],[127.00939197361582,37.49941259674529],[127.00950131289991,37.49925635620294]]]},"properties":{"projectName":"반포미도2차","projectType":"신속통합기획","programTags":["fast_track_planning"],"stageName":"기획완료","districtCode":"11650","districtName":"서초구","regionName":"서울특별시 서초구","areaSquareMeters":18864.0,"noticeDate":"","bounds":[127.007317,37.498511,127.010163,37.503742],"sourceName":"서울특별시 도시계획사업 현황(서울플랜+) 공간정보 OA-22712","sourceUrl":"https://data.seoul.go.kr/dataList/OA-22712/F/1/datasetView.do","sourceLicense":"공공누리 제4유형(출처표시·상업적이용금지·변경금지)","sourceBaseDate":"2026-02"}},{"type":"Feature","id":"11000UQ120PS202502050008","geometry":{"type":"Polygon","coordinates":[[[127.00399047823527,37.47636154328773],[127.00194172475972,37.47537470043011],[127.00183274312839,37.47539893774131],[127.00153620883428,37.47585106122351],[127.00255357242133,37.47627488821466],[127.00271580475184,37.47635940070352],[127.00362770057546,37.4767050124317],[127.00368253125158,37.47669401921038],[127.00399047823527,37.47636154328773]]]},"properties":{"projectName":"방배 임광3차","projectType":"신속통합기획","programTags":["fast_track_planning"],"stageName":"기획완료","districtCode":"11650","districtName":"서초구","regionName":"서울특별시 서초구","areaSquareMeters":12271.1,"noticeDate":"","bounds":[127.001536,37.475375,127.00399,37.476705],"sourceName":"서울특별시 도시계획사업 현황(서울플랜+) 공간정보 OA-22712","sourceUrl":"https://data.seoul.go.kr/dataList/OA-22712/F/1/datasetView.do","sourceLicense":"공공누리 제4유형(출처표시·상업적이용금지·변경금지)","sourceBaseDate":"2026-02"}},{"type":"Feature","id":"11000UQ120PS202505310020","geometry":{"type":"Polygon","coordinates":[[[126.98688177499729,37.49423459496173],[126.9865451486811,37.49547314784387],[126.98592256514839,37.49536413647747],[126.98559158888297,37.4965768816271],[126.98609815081593,37.49666640993902],[126.98623628564009,37.49670663047213],[126.98745714745964,37.49719728603745],[126.9884824456898,37.495598057751955],[126.98780631398087,37.495322241157005],[126.9881683519374,37.494755182707884],[126.9881524713902,37.49471418543266],[126.98693099134248,37.49421440964585],[126.98688177499729,37.49423459496173]]]},"properties":{"projectName":"방배삼호","projectType":"신속통합기획","programTags":["fast_track_planning"],"stageName":"대상지선정(추진중)","districtCode":"11650","districtName":"서초구","regionName":"서울특별시 서초구","areaSquareMeters":46525.0,"noticeDate":"","bounds":[126.985592,37.494214,126.988482,37.497197],"sourceName":"서울특별시 도시계획사업 현황(서울플랜+) 공간정보 OA-22712","sourceUrl":"https://data.seoul.go.kr/dataList/OA-22712/F/1/datasetView.do","sourceLicense":"공공누리 제4유형(출처표시·상업적이용금지·변경금지)","sourceBaseDate":"2026-02"}},{"type":"Feature","id":"11000UQ120PS202407010920","geometry":{"type":"Polygon","coordinates":[[[127.04013850509364,37.66721223042153],[127.04042617466041,37.66722718214588],[127.04086411096992,37.667195142454396],[127.04086131288578,37.66661807015382],[127.04101715826695,37.666620901191195],[127.04160173794722,37.66655907745708],[127.04206836051004,37.66613870412372],[127.04206535328267,37.6658193101642],[127.04171342880703,37.665586174033066],[127.04193863181959,37.66517822108084],[127.0419757395671,37.66505405423818],[127.04196975871453,37.66468438692221],[127.04192916665082,37.66465295686254],[127.03825612681837,37.66469073736616],[127.03726440353762,37.665607061600404],[127.03867902608411,37.66657976561268],[127.03924327408343,37.66604545901912],[127.0405337913387,37.66603326716786],[127.04053351538538,37.666588807294204],[127.0401775137797,37.66659333926034],[127.04014295902854,37.666620830258054],[127.04013850509364,37.66721223042153]]]},"properties":{"projectName":"방학3구역","projectType":"신속통합기획","programTags":["fast_track_planning"],"stageName":"기획완료","districtCode":"11320","districtName":"도봉구","regionName":"서울특별시 도봉구","areaSquareMeters":72533.1,"noticeDate":"","bounds":[127.037264,37.664653,127.042068,37.667227],"sourceName":"서울특별시 도시계획사업 현황(서울플랜+) 공간정보 OA-22712","sourceUrl":"https://data.seoul.go.kr/dataList/OA-22712/F/1/datasetView.do","sourceLicense":"공공누리 제4유형(출처표시·상업적이용금지·변경금지)","sourceBaseDate":"2026-02"}},{"type":"Feature","id":"11000UQ120PS202601310015","geometry":{"type":"Polygon","coordinates":[[[127.03828313678501,37.66654616082209],[127.03711987719201,37.66574627323393],[127.03630191352217,37.66649387448673],[127.03630601472894,37.666538741738506],[127.03686579975803,37.66692372151238],[127.03572108700986,37.66753600250873],[127.03543127289137,37.66733698826716],[127.03537483000639,37.66734024798168],[127.03477753712238,37.66789316478663],[127.03523003210101,37.668209998609115],[127.03503674918309,37.668390068056894],[127.03584832170762,37.66895096052914],[127.0360612156394,37.66877728093493],[127.03597391377961,37.66871694219057],[127.03616991398043,37.668535968545584],[127.03616706865664,37.66851074214278],[127.03621803900619,37.66843684739098],[127.03828313678501,37.66654616082209]]]},"properties":{"projectName":"방학동 638","projectType":"신속통합기획","programTags":["fast_track_planning"],"stageName":"대상지선정(추진중)","districtCode":"11320","districtName":"도봉구","regionName":"서울특별시 도봉구","areaSquareMeters":39271.0,"noticeDate":"","bounds":[127.034778,37.665746,127.038283,37.668951],"sourceName":"서울특별시 도시계획사업 현황(서울플랜+) 공간정보 OA-22712","sourceUrl":"https://data.seoul.go.kr/dataList/OA-22712/F/1/datasetView.do","sourceLicense":"공공누리 제4유형(출처표시·상업적이용금지·변경금지)","sourceBaseDate":"2026-02"}},{"type":"Feature","id":"11000UQ120PS202601310014","geometry":{"type":"Polygon","coordinates":[[[127.03952274232083,37.66987333101035],[127.039035181928,37.66705281150462],[127.03833449768985,37.666581553047806],[127.03620219129398,37.668534316587],[127.03620426816828,37.66855956393717],[127.03605256553567,37.66869970971177],[127.0360612156394,37.66877728093493],[127.03584832170762,37.66895096052914],[127.03630672042381,37.66926526572052],[127.03653290255782,37.66939043400747],[127.03812835305581,37.67008919452139],[127.03841887918973,37.669657153416516],[127.03852146766542,37.66969237363836],[127.0394801392993,37.66990289662829],[127.03952274232083,37.66987333101035]]]},"properties":{"projectName":"방학동 641","projectType":"신속통합기획","programTags":["fast_track_planning"],"stageName":"대상지선정(추진중)","districtCode":"11320","districtName":"도봉구","regionName":"서울특별시 도봉구","areaSquareMeters":72282.0,"noticeDate":"","bounds":[127.035848,37.666582,127.039523,37.670089],"sourceName":"서울특별시 도시계획사업 현황(서울플랜+) 공간정보 OA-22712","sourceUrl":"https://data.seoul.go.kr/dataList/OA-22712/F/1/datasetView.do","sourceLicense":"공공누리 제4유형(출처표시·상업적이용금지·변경금지)","sourceBaseDate":"2026-02"}},{"type":"Feature","id":"11000UQ120PS202407010966","geometry":{"type":"MultiPolygon","coordinates":[[[[127.03086505170566,37.660118260939576],[127.03081177475542,37.660089443008054],[127.03072723789403,37.660110186371824],[127.03034140936688,37.65998234293568],[127.03024280869995,37.65997515918959],[127.03008185017963,37.65990041741397],[127.0300897615854,37.65984365412701],[127.03034813955215,37.659802146462326],[127.03048751803094,37.659755261665474],[127.03143947161726,37.65969736173663],[127.03200503377994,37.65980263092709],[127.03211610038872,37.65980890899402],[127.03240626005042,37.65988902008525],[127.0326885135373,37.66003220073926],[127.03288799615413,37.6600798994961],[127.03298659683276,37.66008618005697],[127.03308895893007,37.66014318437106],[127.03244884396305,37.65973025097626],[127.03229691000924,37.65964875885426],[127.03208653975683,37.65957799697636],[127.031925030901,37.659545693738025],[127.03176545731365,37.659534382481105],[127.03097644083793,37.65955439724882],[127.03073222408729,37.659579865444954],[127.03028313877782,37.659690552350895],[127.0301600661045,37.659701547148245],[127.03004412505794,37.659691214034396],[127.02973730822853,37.65958772984466],[127.02965780491809,37.65972333643808],[127.02929370397686,37.65958491415294],[127.02917521905913,37.65948621954072],[127.0292248335472,37.65937859103456],[127.02911945877986,37.65932510417063],[127.02844407935089,37.65919651101647],[127.02824175658719,37.65911501884547],[127.0281874310006,37.659077247880695],[127.02818751239539,37.65930800268585],[127.02785026949913,37.659303860974056],[127.02779824259814,37.65992293194135],[127.0278719027277,37.65990904050934],[127.02798637546958,37.65993334118632],[127.02798865487969,37.65996937964052],[127.02785723941967,37.66010635711845],[127.02777104422287,37.660247739166486],[127.0277054725573,37.66102745666822],[127.02772499240997,37.661103314342185],[127.02768481003146,37.66157074853404],[127.02778526484113,37.661688483498416],[127.03102389060334,37.661993328338056],[127.03117996899996,37.661752458894185],[127.0312106366592,37.6616375770121],[127.03119775072422,37.66143846502478],[127.0311371953564,37.66106385528082],[127.0311572267103,37.66099213272238],[127.0312053696099,37.66093337711482],[127.03193879617399,37.66050729986919],[127.0318953849556,37.66049460732036],[127.03185909938583,37.66044686503256],[127.03180922066578,37.66041534375708],[127.03172420848759,37.660382029512405],[127.0311807247354,37.66023350668166],[127.03108607095818,37.660177670047226],[127.03086505170566,37.660118260939576]]],[[[127.02676046302877,37.66156977865131],[127.0268190506756,37.661219016955236],[127.02753375300101,37.66129265129248],[127.0275479706398,37.661114165217555],[127.02754528775732,37.660895769717115],[127.02759561802984,37.66027832109225],[127.02748375188227,37.66025510063285],[127.02735977075292,37.66026476827585],[127.02726786522724,37.66028271775415],[127.0272137064011,37.6603221021293],[127.02721221176427,37.66026020553491],[127.02725097167142,37.65993350387225],[127.0272689797002,37.65989998370505],[127.027462693988,37.65999184062919],[127.02762124193407,37.65998603942386],[127.02771990227008,37.6588735846849],[127.02752252948028,37.65868262179551],[127.02729843188898,37.65854878618652],[127.02708151760682,37.65853982363993],[127.02703834543915,37.658557582180734],[127.02704770098536,37.658449093833575],[127.0270032546373,37.658442436232036],[127.02685751447225,37.65845358294281],[127.02667497073587,37.658531737384145],[127.02491223715269,37.659631586001815],[127.02464591084725,37.65981097021041],[127.02449426906874,37.6599811740339],[127.02433117505748,37.66020511937426],[127.02455223050525,37.66032066960016],[127.02470659160795,37.66033253222171],[127.02481820934338,37.660288542696556],[127.02599428705496,37.66040407975033],[127.02580956091447,37.66146096041991],[127.02676046302877,37.66156977865131]]]]},"properties":{"projectName":"방학신동아1차","projectType":"신속통합기획","programTags":["fast_track_planning"],"stageName":"기획완료","districtCode":"11320","districtName":"도봉구","regionName":"서울특별시 도봉구","areaSquareMeters":139037.0,"noticeDate":"","bounds":[127.024331,37.658442,127.033089,37.661993],"sourceName":"서울특별시 도시계획사업 현황(서울플랜+) 공간정보 OA-22712","sourceUrl":"https://data.seoul.go.kr/dataList/OA-22712/F/1/datasetView.do","sourceLicense":"공공누리 제4유형(출처표시·상업적이용금지·변경금지)","sourceBaseDate":"2026-02"}},{"type":"Feature","id":"11000UQ120PS202407010896","geometry":{"type":"Polygon","coordinates":[[[126.80783197047114,37.56769241278842],[126.81152193628628,37.56768241594284],[126.81163567432266,37.567622890508645],[126.81167055056993,37.566716607628265],[126.81156592659654,37.56671336698462],[126.8115819108924,37.56648522670416],[126.81133435467402,37.566485476910216],[126.8113351482379,37.566467179138385],[126.81122247385521,37.56646958342245],[126.81119144101831,37.56646373104361],[126.81118205707365,37.566446164685416],[126.81110958872058,37.56650142251094],[126.81106205088952,37.566469694156474],[126.81097717020066,37.56653647352314],[126.81092043446692,37.56649860355479],[126.81083987686634,37.56653896384681],[126.8101781081022,37.566732785774484],[126.80972650875724,37.566899204181354],[126.80787901579403,37.567148933502416],[126.80781917837197,37.56721651749609],[126.80782571931412,37.56730887939795],[126.80779021027763,37.56765903478573],[126.80783197047114,37.56769241278842]]]},"properties":{"projectName":"방화2구역","projectType":"신속통합기획","programTags":["fast_track_planning"],"stageName":"기획완료","districtCode":"11500","districtName":"강서구","regionName":"서울특별시 강서구","areaSquareMeters":34900.0,"noticeDate":"","bounds":[126.80779,37.566446,126.811671,37.567692],"sourceName":"서울특별시 도시계획사업 현황(서울플랜+) 공간정보 OA-22712","sourceUrl":"https://data.seoul.go.kr/dataList/OA-22712/F/1/datasetView.do","sourceLicense":"공공누리 제4유형(출처표시·상업적이용금지·변경금지)","sourceBaseDate":"2026-02"}},{"type":"Feature","id":"11000UQ120PS202407010948","geometry":{"type":"Polygon","coordinates":[[[127.03285859805715,37.62740687744285],[127.0330367978669,37.627372403570945],[127.03348573906685,37.627362417092506],[127.03368469561148,37.62741607940711],[127.0341735670194,37.627606844599065],[127.03421836082387,37.62766359387897],[127.03438835494357,37.627722777017915],[127.03463705397488,37.62797789178626],[127.03538500915782,37.62817194860729],[127.03587140801537,37.62806771791122],[127.03618988291582,37.62822259316401],[127.03667256321789,37.628258246260415],[127.03739979792657,37.62843335789264],[127.03791090150077,37.62821056947402],[127.03814968232933,37.62803330005219],[127.03828315691527,37.62797500124048],[127.03731805829177,37.627169011759925],[127.03645131183002,37.62654188364453],[127.0336517561112,37.6250749269621],[127.0331914597799,37.62485982811287],[127.03304927298154,37.62509936456203],[127.03278263412578,37.62522210385829],[127.03269623563153,37.625598817212534],[127.03293153570634,37.6260776073356],[127.03261119160534,37.62683624465217],[127.03285859805715,37.62740687744285]]]},"properties":{"projectName":"번동 148","projectType":"신속통합기획","programTags":["fast_track_planning"],"stageName":"기획완료","districtCode":"11305","districtName":"강북구","regionName":"서울특별시 강북구","areaSquareMeters":108735.0,"noticeDate":"","bounds":[127.032611,37.62486,127.038283,37.628433],"sourceName":"서울특별시 도시계획사업 현황(서울플랜+) 공간정보 OA-22712","sourceUrl":"https://data.seoul.go.kr/dataList/OA-22712/F/1/datasetView.do","sourceLicense":"공공누리 제4유형(출처표시·상업적이용금지·변경금지)","sourceBaseDate":"2026-02"}},{"type":"Feature","id":"11000UQ120PS202407010907","geometry":{"type":"Polygon","coordinates":[[[127.02693275189614,37.63377907562443],[127.02683956176367,37.633921900695356],[127.02682025890473,37.633894334904255],[127.02675412889447,37.63388876300002],[127.02673873184577,37.633920030233476],[127.02733727312041,37.634674767268926],[127.02746984660028,37.63460565119266],[127.02747104405631,37.63456316981451],[127.0279254714135,37.63459685567613],[127.02791538096388,37.634896162831645],[127.0288205011514,37.634961548090125],[127.02887539524798,37.634507983042006],[127.02943632025561,37.634548665976965],[127.02938494141863,37.635001689865554],[127.03023420905917,37.63506284285789],[127.0302723778835,37.635034452757566],[127.03033910483434,37.634440872162344],[127.03031994348225,37.63440204468599],[127.02985312687665,37.633963201166445],[127.0296180148252,37.63387712387493],[127.02951889532153,37.633904717366896],[127.02899355426187,37.63387952336401],[127.02893721176615,37.633779527893005],[127.0275905543616,37.63348794319899],[127.02752201378846,37.63355379279986],[127.02744894565882,37.63356651267084],[127.02735493495507,37.63362617804759],[127.02693275189614,37.63377907562443]]]},"properties":{"projectName":"번동 441-3일대","projectType":"신속통합기획","programTags":["fast_track_planning"],"stageName":"기획완료","districtCode":"11305","districtName":"강북구","regionName":"서울특별시 강북구","areaSquareMeters":34190.0,"noticeDate":"","bounds":[127.026739,37.633488,127.030339,37.635063],"sourceName":"서울특별시 도시계획사업 현황(서울플랜+) 공간정보 OA-22712","sourceUrl":"https://data.seoul.go.kr/dataList/OA-22712/F/1/datasetView.do","sourceLicense":"공공누리 제4유형(출처표시·상업적이용금지·변경금지)","sourceBaseDate":"2026-02"}},{"type":"Feature","id":"11000UQ120PS202505310006","geometry":{"type":"Polygon","coordinates":[[[127.04743448261752,37.62618976222841],[127.04921580363694,37.624238615413],[127.04919557204742,37.62413158721258],[127.04825401909213,37.62359038498136],[127.04815837036868,37.62370115322438],[127.04779146844858,37.623515876038695],[127.04773204119324,37.62358437378228],[127.04763402234049,37.62352701971908],[127.04780800632555,37.623332610278865],[127.0476510639621,37.62324176287853],[127.04765583721695,37.62326716864122],[127.04688326029077,37.624132859131926],[127.04618615019696,37.623743000863456],[127.04621761952274,37.62370731015305],[127.04604855318713,37.62360871679315],[127.04580562333815,37.62387802093477],[127.04578352750886,37.623866226391286],[127.04570363962078,37.6240098724843],[127.04495923771178,37.625068889921174],[127.04499676206983,37.62511933095238],[127.04561614478399,37.62546696929017],[127.04574791231327,37.625317357394856],[127.04639415633255,37.625680118019055],[127.0462725764153,37.62581612197527],[127.04624289888305,37.62581874606654],[127.04643123222102,37.625924449515125],[127.04642294018876,37.62588679173432],[127.04660632707402,37.62567931636287],[127.04681743718767,37.62579744400819],[127.04678924957392,37.625828538612424],[127.04743448261752,37.62618976222841]]]},"properties":{"projectName":"번동주공1단지","projectType":"신속통합기획","programTags":["fast_track_planning"],"stageName":"대상지선정(추진중)","districtCode":"11305","districtName":"강북구","regionName":"서울특별시 강북구","areaSquareMeters":75682.5,"noticeDate":"","bounds":[127.044959,37.623242,127.049216,37.62619],"sourceName":"서울특별시 도시계획사업 현황(서울플랜+) 공간정보 OA-22712","sourceUrl":"https://data.seoul.go.kr/dataList/OA-22712/F/1/datasetView.do","sourceLicense":"공공누리 제4유형(출처표시·상업적이용금지·변경금지)","sourceBaseDate":"2026-02"}},{"type":"Feature","id":"11000UQ120PS202505310019","geometry":{"type":"Polygon","coordinates":[[[126.91424096528529,37.578387734745014],[126.91350176131995,37.57933608673029],[126.9135204658752,37.57934357886028],[126.91337845683144,37.57955506954028],[126.91341036857355,37.579566238561284],[126.91336591198555,37.57964259999494],[126.91338558556136,37.579682843718345],[126.91553930045113,37.58042856541748],[126.91616063855851,37.57990712008185],[126.91627529102021,37.57976345057616],[126.91627712245172,37.57972597087186],[126.91624846330058,37.57969145141225],[126.91505457780552,37.57927491302299],[126.91496515589633,37.579263882492405],[126.91487170425717,37.57905705560339],[126.91489854507259,37.579038226666654],[126.91476092904402,37.578726222161215],[126.9147326819655,37.578708244740895],[126.91439314719045,37.57876873914957],[126.91431511480742,37.57871099948719],[126.91424096528529,37.578387734745014]]]},"properties":{"projectName":"북가좌동 74-107 일대","projectType":"신속통합기획","programTags":["fast_track_planning"],"stageName":"대상지선정(추진중)","districtCode":"11410","districtName":"서대문구","regionName":"서울특별시 서대문구","areaSquareMeters":26163.0,"noticeDate":"","bounds":[126.913366,37.578388,126.916277,37.580429],"sourceName":"서울특별시 도시계획사업 현황(서울플랜+) 공간정보 OA-22712","sourceUrl":"https://data.seoul.go.kr/dataList/OA-22712/F/1/datasetView.do","sourceLicense":"공공누리 제4유형(출처표시·상업적이용금지·변경금지)","sourceBaseDate":"2026-02"}},{"type":"Feature","id":"11000UQ120PS202407010892","geometry":{"type":"Polygon","coordinates":[[[126.93188883340339,37.61195097823238],[126.93190547391875,37.611959997862634],[126.93294148222712,37.611882173985514],[126.93293119341674,37.61177661803786],[126.93290021330156,37.61171947780896],[126.93279657215436,37.61159540642295],[126.93268967049806,37.61142113936608],[126.93266698048353,37.6112664186056],[126.93263137030002,37.61119513019089],[126.93269497964823,37.61099379793942],[126.93276970315196,37.610898787941984],[126.93270484380578,37.610859106954614],[126.93275827373333,37.61064245203493],[126.93287155417578,37.610615848926265],[126.93277875988646,37.61053371549344],[126.93189241301299,37.61041949203617],[126.93180235666182,37.61080289662454],[126.93179631876936,37.611016643714244],[126.93181760064687,37.611149100564],[126.9317959818344,37.61144430157573],[126.93188883340339,37.61195097823238]]]},"properties":{"projectName":"불광8구역","projectType":"신속통합기획","programTags":["fast_track_planning"],"stageName":"기획완료","districtCode":"11380","districtName":"은평구","regionName":"서울특별시 은평구","areaSquareMeters":13004.0,"noticeDate":"","bounds":[126.931796,37.610419,126.932941,37.61196],"sourceName":"서울특별시 도시계획사업 현황(서울플랜+) 공간정보 OA-22712","sourceUrl":"https://data.seoul.go.kr/dataList/OA-22712/F/1/datasetView.do","sourceLicense":"공공누리 제4유형(출처표시·상업적이용금지·변경금지)","sourceBaseDate":"2026-02"}},{"type":"Feature","id":"11000UQ120PS202505310034","geometry":{"type":"Polygon","coordinates":[[[126.92312168154953,37.6248993874825],[126.92343156694415,37.62483138881845],[126.9234154009816,37.624800114136946],[126.92362178087323,37.62476459069345],[126.92349813622596,37.624542488773706],[126.92342887008324,37.62448568125568],[126.92339429507497,37.62451007491138],[126.92342142472351,37.62445612420464],[126.92334955967445,37.624393278357275],[126.92332731926987,37.62432154566224],[126.92320763352735,37.624276011884184],[126.9232956414455,37.62395937598455],[126.92343419835655,37.623950953494806],[126.92362012339166,37.62347950370685],[126.92364675616899,37.62346699766946],[126.92366481346086,37.6234224110969],[126.92374641728742,37.62337867730112],[126.92374635929586,37.62332560956699],[126.92385892648596,37.623352893284896],[126.9239216094713,37.623203732303864],[126.92434798716248,37.623303209761154],[126.92449047418995,37.62298660852971],[126.9244764325984,37.622982274660984],[126.92449873109405,37.62288858733597],[126.92452822131482,37.62282896172814],[126.92464158348658,37.622875796478326],[126.92476491307295,37.62290146458153],[126.92495111069768,37.62270571256754],[126.92510878076244,37.6224919221903],[126.92513538906356,37.622502751172895],[126.92518211176419,37.622560894596745],[126.92529942829559,37.62259556804943],[126.9253228825511,37.62258918624042],[126.92533927253429,37.62262325385419],[126.92542438577115,37.622690882244726],[126.92575228682207,37.622830024296206],[126.92581922660187,37.62283538303662],[126.92596277083193,37.62292214927374],[126.92611139394417,37.62291539689514],[126.92626450033029,37.622955948619335],[126.92630534897869,37.622999131586596],[126.92635086915269,37.62301528812656],[126.92639144509378,37.62310442085017],[126.92648927098169,37.62314782020931],[126.92677097749834,37.62315610780373],[126.9269289037687,37.62313512481072],[126.92731437281925,37.62301535734811],[126.92648007080398,37.62182022076279],[126.92630380171309,37.62161162181262],[126.92605807295732,37.62142748484822],[126.92575866782296,37.62126477786392],[126.92495138089983,37.62085176659658],[126.92482830020174,37.62085168667314],[126.924581201629,37.621233361118954],[126.92432187072234,37.62153483080485],[126.92409783000839,37.62186158653597],[126.92411656896822,37.62187996079671],[126.92396639838358,37.62213512778872],[126.92396272411068,37.62233545821691],[126.92395015117619,37.62233502649253],[126.92393792481855,37.6224370994559],[126.9239486968778,37.62253549351959],[126.92392247843581,37.62258566085031],[126.92392543214318,37.62268639231941],[126.92386952312567,37.62285761375493],[126.92378591184516,37.622871722107504],[126.9236052157979,37.62278537918892],[126.92356511132434,37.62279048828684],[126.92340827253688,37.6230039338653],[126.92309851881897,37.62291280246304],[126.92304430588493,37.62297718646587],[126.92298058651018,37.62314094216544],[126.92292423438528,37.62330028793309],[126.92290720146727,37.62344740654772],[126.92283179512366,37.62352159700316],[126.92283852585278,37.62347655251468],[126.92282233830181,37.62346627055371],[126.92232138515664,37.62340584007258],[126.92230834199019,37.6234534210572],[126.92237615335772,37.62356652146683],[126.92231438436775,37.62359837469847],[126.92234045588481,37.62379489582275],[126.92181185867022,37.62394941833088],[126.9217852455259,37.623943093495576],[126.92176319480811,37.623907399807685],[126.92170345411157,37.6239275413553],[126.92172733518133,37.623935837506735],[126.92140693921266,37.624120609526024],[126.92136322276619,37.624112921514026],[126.92108378690921,37.62387630535722],[126.92089894202364,37.6238562675706],[126.9209300083239,37.62382970989666],[126.92055401450304,37.62333589594777],[126.9204639977336,37.62330177712482],[126.92012184807953,37.62325162734682],[126.92009168311836,37.62328260023232],[126.92008296541583,37.6233823326514],[126.92006418777966,37.6233584437337],[126.92014927691156,37.624286376137476],[126.9201456385647,37.62439228375516],[126.9202563049978,37.62546874195927],[126.92060237309441,37.6254352110714],[126.92062188178647,37.625516853163816],[126.92084873624664,37.62545132708235],[126.92095494545092,37.62570385401382],[126.92093531914678,37.62573077989002],[126.92106970908138,37.62590277841247],[126.9219423842661,37.62539701983609],[126.92195392722343,37.62540774927253],[126.92205316409758,37.6254030409529],[126.92207141465597,37.62539107021806],[126.92207013317945,37.62531790984107],[126.92211261967884,37.625311181094425],[126.92211172917133,37.62529640443553],[126.92229342605158,37.62529769783755],[126.9222900782338,37.625143357842425],[126.92265087234433,37.62513981542066],[126.92264935537148,37.62507458350685],[126.92313034217013,37.625066074406945],[126.92313499106322,37.62495390557245],[126.92312168154953,37.6248993874825]]]},"properties":{"projectName":"불광동 359-1","projectType":"신속통합기획","programTags":["fast_track_planning"],"stageName":"대상지선정(추진중)","districtCode":"11380","districtName":"은평구","regionName":"서울특별시 은평구","areaSquareMeters":104783.0,"noticeDate":"","bounds":[126.920064,37.620852,126.927314,37.625903],"sourceName":"서울특별시 도시계획사업 현황(서울플랜+) 공간정보 OA-22712","sourceUrl":"https://data.seoul.go.kr/dataList/OA-22712/F/1/datasetView.do","sourceLicense":"공공누리 제4유형(출처표시·상업적이용금지·변경금지)","sourceBaseDate":"2026-02"}},{"type":"Feature","id":"11000UQ120PS202407010944","geometry":{"type":"Polygon","coordinates":[[[126.92682209917837,37.6148572760298],[126.9269865424417,37.61521146547519],[126.927107867347,37.61541840723088],[126.92718363787955,37.61559735192445],[126.92733910346317,37.615642859178756],[126.92732590671227,37.615701414632206],[126.92738045906277,37.61574244353998],[126.92771221371959,37.61590333419596],[126.92821696829388,37.616313595012876],[126.92826656017024,37.61644742143305],[126.92851191318007,37.61638027922822],[126.92890153095121,37.61609057502488],[126.93024827820666,37.615816236526584],[126.92971257957838,37.61518639650713],[126.92970188962178,37.615113590749445],[126.92958182864967,37.61506203377719],[126.92933292051038,37.61478293810712],[126.92956031779391,37.61470000654042],[126.92950838833062,37.614405083802765],[126.92941518601502,37.61439259335812],[126.92949441736363,37.61421145446446],[126.92939599077016,37.61426792370289],[126.92927457139001,37.61427109296833],[126.92927587134675,37.61433227037268],[126.92920823494075,37.61435214062894],[126.92918757251232,37.614231809164565],[126.92910361475495,37.61403020822605],[126.92880481548707,37.613814419739434],[126.92872285890859,37.6137062893281],[126.92871609814372,37.6136705162091],[126.92864795829655,37.61356954805569],[126.92859138758013,37.61351209899228],[126.92853961991672,37.61357328144857],[126.92846824898821,37.61353725030542],[126.9284330374169,37.61357781049475],[126.9282080509131,37.613461586742154],[126.92828459697208,37.61337586987554],[126.9280634436604,37.61325656146088],[126.92746560799813,37.61394625825909],[126.92724483444313,37.61382623498319],[126.92659222706533,37.6146037294309],[126.92655147946112,37.614729433637315],[126.92682209917837,37.6148572760298]]]},"properties":{"projectName":"불광미성","projectType":"신속통합기획","programTags":["fast_track_planning"],"stageName":"기획완료","districtCode":"11380","districtName":"은평구","regionName":"서울특별시 은평구","areaSquareMeters":60720.0,"noticeDate":"","bounds":[126.926551,37.613257,126.930248,37.616447],"sourceName":"서울특별시 도시계획사업 현황(서울플랜+) 공간정보 OA-22712","sourceUrl":"https://data.seoul.go.kr/dataList/OA-22712/F/1/datasetView.do","sourceLicense":"공공누리 제4유형(출처표시·상업적이용금지·변경금지)","sourceBaseDate":"2026-02"}},{"type":"Feature","id":"11000UQ120PS202407010916","geometry":{"type":"Polygon","coordinates":[[[127.04734004558735,37.565149067251824],[127.0475811679434,37.56465250071431],[127.04777188386743,37.56440951958285],[127.04816989905449,37.56373256720209],[127.04815466744608,37.56373751964831],[127.04813641045816,37.56371894846705],[127.04812988366699,37.563652665290135],[127.04809028587442,37.563588899910364],[127.04800248834667,37.56358870025116],[127.04781557015106,37.56352588466463],[127.04770833813966,37.56346946168612],[127.04774006138028,37.56335566337755],[127.04749183139207,37.56331018826949],[127.04752521996502,37.563235258031526],[127.04742221060707,37.56319769084422],[127.04737454975252,37.56299616713532],[127.047280253354,37.562972859094444],[127.04727643306072,37.56292603617567],[127.04724394613916,37.562902298690524],[127.04721611379095,37.56284592557217],[127.04719195057866,37.562829825237614],[127.04716365168503,37.56284346814509],[127.04713087898159,37.562814982526724],[127.04709990301907,37.56261452442386],[127.0470753458727,37.56258329661028],[127.04700139208065,37.56260211975336],[127.04697138956605,37.562568749661544],[127.04680172734432,37.562586447208524],[127.04678816998816,37.56257103648415],[127.04674827968294,37.56260096460891],[127.04669486740028,37.56259912901983],[127.04661234031724,37.562721992406495],[127.04652632655574,37.56273137749163],[127.04639918627205,37.562785782557015],[127.04631558365328,37.56287150737343],[127.04621283072223,37.56303398562439],[127.04603304189132,37.5630403694766],[127.04602185377688,37.56306910623357],[127.04620548314034,37.563163379435764],[127.0462231139525,37.563271563518626],[127.04633041830144,37.56328102827579],[127.04646577820812,37.56353066789327],[127.04648310869545,37.563684523172704],[127.04643800461102,37.56372238187493],[127.04646139003766,37.56380011029785],[127.04652177013261,37.56381205243173],[127.04654285452632,37.56378994313597],[127.0466022056588,37.56389748955151],[127.04666876782561,37.56389408540874],[127.04674683489563,37.564067946380746],[127.04682192003067,37.56434485453083],[127.04679048646848,37.56439792581816],[127.04678371920062,37.5644748278062],[127.04680371972023,37.56453181668722],[127.04654464231199,37.56459776002989],[127.0465169633435,37.56490948565797],[127.04666751754209,37.56491696945903],[127.04663479542707,37.56504864434816],[127.04659794835418,37.56504080990964],[127.04651147458006,37.56511783327877],[127.04651695399932,37.56513858996995],[127.04659465674264,37.56511948640009],[127.04669711050589,37.565151738675915],[127.04673756087858,37.56535326534597],[127.04691204351425,37.565304292728534],[127.04696682459632,37.56532030925264],[127.04733161621539,37.565320429557666],[127.04734004558735,37.565149067251824]]]},"properties":{"projectName":"사근동 293 일대","projectType":"신속통합기획","programTags":["fast_track_planning"],"stageName":"기획완료","districtCode":"11200","districtName":"성동구","regionName":"서울특별시 성동구","areaSquareMeters":30300.0,"noticeDate":"","bounds":[127.046022,37.562569,127.04817,37.565353],"sourceName":"서울특별시 도시계획사업 현황(서울플랜+) 공간정보 OA-22712","sourceUrl":"https://data.seoul.go.kr/dataList/OA-22712/F/1/datasetView.do","sourceLicense":"공공누리 제4유형(출처표시·상업적이용금지·변경금지)","sourceBaseDate":"2026-02"}},{"type":"Feature","id":"11000UQ120PS202502050005","geometry":{"type":"Polygon","coordinates":[[[126.97938603329038,37.49224283188214],[126.97983511399235,37.4918284821914],[126.97984609145853,37.491797129405384],[126.97926829372435,37.49175996388757],[126.97895487312717,37.491595517001066],[126.97876632501284,37.49142604778865],[126.97867045779267,37.491282716220056],[126.97865294817653,37.49122662557804],[126.97861712669102,37.491223924650555],[126.97849419406667,37.49106668525375],[126.9785019673489,37.49105034262613],[126.978389138992,37.491019875800916],[126.97825074029238,37.490838724177294],[126.97659446109762,37.4916149547919],[126.9768034324088,37.49221227157013],[126.97675007433652,37.492580093607316],[126.9768283312526,37.49266105581351],[126.97724816769622,37.49297005959933],[126.97742834599867,37.4930063436935],[126.97790979749713,37.49301068457898],[126.97819109120135,37.49282735995316],[126.97835203951853,37.49281258819087],[126.97861265325949,37.49272808016345],[126.97865593962841,37.49269028259273],[126.97890466538774,37.49262619638464],[126.97897407638659,37.492714553585905],[126.97898168953988,37.4927044908698],[126.97913274719684,37.49286560033703],[126.97921763092192,37.49280260045914],[126.97925719212502,37.49285666790943],[126.97931916324323,37.49287997041413],[126.97933654153407,37.49284778996368],[126.97932997350301,37.49280348656832],[126.97919639796827,37.49271628967418],[126.97926450555734,37.492675207917266],[126.97912926062239,37.49257513534266],[126.97911611646657,37.49247677069377],[126.97909261371298,37.492456601857846],[126.97938603329038,37.49224283188214]]]},"properties":{"projectName":"사당17구역","projectType":"신속통합기획","programTags":["fast_track_planning"],"stageName":"기획완료","districtCode":"11590","districtName":"동작구","regionName":"서울특별시 동작구","areaSquareMeters":44072.0,"noticeDate":"","bounds":[126.976594,37.490839,126.979846,37.493011],"sourceName":"서울특별시 도시계획사업 현황(서울플랜+) 공간정보 OA-22712","sourceUrl":"https://data.seoul.go.kr/dataList/OA-22712/F/1/datasetView.do","sourceLicense":"공공누리 제4유형(출처표시·상업적이용금지·변경금지)","sourceBaseDate":"2026-02"}},{"type":"Feature","id":"11000UQ120PS202407010928","geometry":{"type":"Polygon","coordinates":[[[126.96763915703261,37.480078893348555],[126.96769539581798,37.480121517832266],[126.96772472384684,37.48022063641638],[126.96782466582972,37.48035116604694],[126.96789917718863,37.48061668544295],[126.96794795341872,37.48066193860426],[126.967779584177,37.480714374001266],[126.96776334063458,37.480732560586304],[126.9679205854471,37.48095663044985],[126.96795272440917,37.48111723411306],[126.9680735263599,37.48125061660189],[126.96812513861506,37.48125024376734],[126.96842876294205,37.48142854728994],[126.96887400150722,37.481467864693315],[126.96902074925887,37.48145357921618],[126.96903512376583,37.48141709260486],[126.96906497115958,37.48144468947373],[126.96909106784246,37.4814394437987],[126.96930199920848,37.48155882112891],[126.96938272499659,37.481637320343864],[126.96939022418577,37.48165615331507],[126.96936946093538,37.48169478261384],[126.9695867695016,37.48202818596171],[126.96965621138499,37.48205612674151],[126.97042268254368,37.481938254674674],[126.97045495400995,37.481874633535405],[126.96986012157066,37.48097576264642],[126.96957602395644,37.48057821831755],[126.9695191718376,37.48056539970228],[126.96918921613107,37.48070391999453],[126.96910933745077,37.4806825173445],[126.96915215083335,37.48066158979934],[126.9691237056219,37.48066026654254],[126.96888147851867,37.480523427834086],[126.9686005708716,37.48021503613603],[126.96852474050142,37.47998762917123],[126.96840554862389,37.479949005925974],[126.96805048730754,37.480027698507655],[126.96789731183821,37.48001068916339],[126.96773239512423,37.480031761609645],[126.96764520765329,37.480024402495594],[126.96763915703261,37.480078893348555]]]},"properties":{"projectName":"사당동 288","projectType":"신속통합기획","programTags":["fast_track_planning"],"stageName":"기획완료","districtCode":"11590","districtName":"동작구","regionName":"서울특별시 동작구","areaSquareMeters":26197.0,"noticeDate":"","bounds":[126.967639,37.479949,126.970455,37.482056],"sourceName":"서울특별시 도시계획사업 현황(서울플랜+) 공간정보 OA-22712","sourceUrl":"https://data.seoul.go.kr/dataList/OA-22712/F/1/datasetView.do","sourceLicense":"공공누리 제4유형(출처표시·상업적이용금지·변경금지)","sourceBaseDate":"2026-02"}},{"type":"Feature","id":"11000UQ120PS202505310018","geometry":{"type":"Polygon","coordinates":[[[126.97092247360186,37.479185773560985],[126.97136646513698,37.479991671660684],[126.97209046457242,37.481243895146356],[126.97213523748874,37.48127025157443],[126.9721486684309,37.481358562079556],[126.97231274660572,37.481666240719],[126.97252794555217,37.48172861598505],[126.97264907633053,37.48188323047032],[126.97311933762046,37.48237781402746],[126.97323480403988,37.48247826733915],[126.97326107870897,37.482480940589156],[126.97357976090241,37.48231615112173],[126.97386661874103,37.48223272278957],[126.97411520758287,37.48204803034538],[126.97415105512117,37.48199783484971],[126.97414326787833,37.48199043582372],[126.97405136478757,37.48194685107563],[126.97394127308263,37.48192624656101],[126.97369866122199,37.4816946232936],[126.97302395610531,37.48062696481981],[126.9730237387334,37.4806039261538],[126.97305724526076,37.48058544567335],[126.973137767367,37.480612233799846],[126.97321898647893,37.48055973388802],[126.97320572610836,37.480555766304235],[126.97321054237736,37.48052595331125],[126.97302064424514,37.48026759948114],[126.97209175379348,37.479426421777134],[126.97199095195737,37.47948288044124],[126.97179232657831,37.47915417218156],[126.97179312691658,37.47918869877659],[126.97171722247174,37.47906914373335],[126.97167801801635,37.479002802077176],[126.97174090372624,37.479022784142956],[126.97189571207345,37.478680847751356],[126.97193643901586,37.47864209684717],[126.97195980098944,37.4785732571293],[126.97181699839534,37.478690189404865],[126.97099595612342,37.47905842693053],[126.97092247360186,37.479185773560985]]]},"properties":{"projectName":"사당동 305-35 일대","projectType":"신속통합기획","programTags":["fast_track_planning"],"stageName":"대상지선정(추진중)","districtCode":"11590","districtName":"동작구","regionName":"서울특별시 동작구","areaSquareMeters":41316.0,"noticeDate":"","bounds":[126.970922,37.478573,126.974151,37.482481],"sourceName":"서울특별시 도시계획사업 현황(서울플랜+) 공간정보 OA-22712","sourceUrl":"https://data.seoul.go.kr/dataList/OA-22712/F/1/datasetView.do","sourceLicense":"공공누리 제4유형(출처표시·상업적이용금지·변경금지)","sourceBaseDate":"2026-02"}},{"type":"Feature","id":"11000UQ120PS202601310020","geometry":{"type":"Polygon","coordinates":[[[126.97816065053851,37.48282467045093],[126.97803782882669,37.48076991211371],[126.9779962324269,37.480739359884055],[126.97737593125981,37.48075825042868],[126.977312415803,37.47958982192969],[126.97793690454792,37.47956930714147],[126.97797501551709,37.479535977670665],[126.97789813133357,37.47847359091502],[126.97785529227542,37.4784442096783],[126.97737377625124,37.47847411564988],[126.97732703503107,37.47862610513366],[126.97731660477297,37.47889154719695],[126.97652293513852,37.47932307635194],[126.97638554773953,37.47916066233968],[126.97620287036264,37.479259463259375],[126.97610074062649,37.47914054512264],[126.97628892456497,37.479039258769106],[126.97544773120492,37.478039621667996],[126.97541257571646,37.47802581055496],[126.9750108891603,37.4782437212966],[126.97487257981064,37.47808170533438],[126.97416676834395,37.477722999298955],[126.97390496595162,37.47800132104361],[126.97386097399512,37.47800686993913],[126.97377825487102,37.477966476646465],[126.9737470799355,37.47801199696108],[126.97407599800286,37.47818240824451],[126.97398969038937,37.478277074478854],[126.97407552624045,37.47832861374074],[126.97403088452553,37.47847173655079],[126.97394227670513,37.47861016387873],[126.97386025318598,37.47870507428167],[126.97393649457476,37.478746682352984],[126.97402886271374,37.478830813311895],[126.97381389241365,37.47893997265879],[126.97381670348976,37.4790121886247],[126.97386408792147,37.47919028275591],[126.97392671237954,37.47924634872368],[126.97378560931486,37.47938878211572],[126.97390975973939,37.47947599212835],[126.97406161422334,37.47964337959504],[126.97400801287839,37.47967569507558],[126.97413313938058,37.479847518158564],[126.97424935823122,37.47995492643007],[126.97441703959856,37.48000556526543],[126.97446313453092,37.48015972822373],[126.97451626271912,37.48024883143027],[126.97458983237875,37.48033719143998],[126.97461910702638,37.48032698975741],[126.97462698782314,37.480388475910225],[126.97470031381546,37.48038114940921],[126.97519637687444,37.481031459806566],[126.9755281403557,37.4814235230011],[126.97566915665406,37.481436041813225],[126.97570179159041,37.48145259133636],[126.97568673749423,37.48146918449573],[126.9756921100271,37.481561511301045],[126.97567775554442,37.481581996938615],[126.97570547451326,37.48241416797991],[126.97564058590523,37.482453383390386],[126.97570732799736,37.48251492737422],[126.97571667808069,37.483140242387066],[126.97570159213217,37.48314985277631],[126.97571685929674,37.48320509650145],[126.97592615479239,37.48326006705368],[126.97602508247789,37.48326844972914],[126.97656708659508,37.48343724186581],[126.97666298718839,37.48326675659152],[126.97664343724307,37.48323647883395],[126.9768173229623,37.48291071322622],[126.9781226510716,37.48285790988459],[126.97816065053851,37.48282467045093]],[[126.97596483322849,37.48136908962156],[126.97592560472118,37.48043040858569],[126.97597481742307,37.4804361946545],[126.97601147700108,37.481350647185835],[126.97596483322849,37.48136908962156]],[[126.97434237034102,37.4792086029605],[126.97450797567039,37.479117396462186],[126.97453504115728,37.479149991885244],[126.97436466592693,37.47923798975823],[126.97434237034102,37.4792086029605]]]},"properties":{"projectName":"사당동 419-1","projectType":"신속통합기획","programTags":["fast_track_planning"],"stageName":"대상지선정(추진중)","districtCode":"11590","districtName":"동작구","regionName":"서울특별시 동작구","areaSquareMeters":133007.0,"noticeDate":"","bounds":[126.973747,37.477723,126.978161,37.483437],"sourceName":"서울특별시 도시계획사업 현황(서울플랜+) 공간정보 OA-22712","sourceUrl":"https://data.seoul.go.kr/dataList/OA-22712/F/1/datasetView.do","sourceLicense":"공공누리 제4유형(출처표시·상업적이용금지·변경금지)","sourceBaseDate":"2026-02"}},{"type":"Feature","id":"11000UQ120PS202407010908","geometry":{"type":"Polygon","coordinates":[[[126.90649907196146,37.597170422020604],[126.9070261052463,37.59696361891214],[126.90716997955494,37.596822009295416],[126.90719977534688,37.596810140125726],[126.90724105695664,37.59675935763424],[126.90722714078417,37.59675006638764],[126.90746539716028,37.596472122850535],[126.90594052941553,37.59589309714817],[126.9049577918355,37.59544180544675],[126.90478094949353,37.595674240581005],[126.90431874521205,37.595672203060374],[126.90418420272702,37.595862470041034],[126.90418085793254,37.5959093184329],[126.90415312710789,37.59590055602],[126.9041913813722,37.5960018581309],[126.90474182976642,37.596336936040494],[126.90460620543398,37.59669772273957],[126.90364029213123,37.59624628978447],[126.90347664595335,37.597126775270084],[126.90401878984504,37.59723471166938],[126.90398825128986,37.59729460183849],[126.90408378443787,37.597323602306396],[126.9040775831253,37.59738999966582],[126.9043847693571,37.59749458673905],[126.90424215326671,37.59723871613333],[126.90486342121616,37.597150749934556],[126.9055542029541,37.597530078006876],[126.90569142350292,37.597564580027885],[126.90577650796472,37.59761852788186],[126.90584714318922,37.597637415709094],[126.90590222541141,37.597598808154984],[126.90610160570496,37.59753256702297],[126.90636766505511,37.597301499354664],[126.906421788066,37.59721540895383],[126.90649907196146,37.597170422020604]]]},"properties":{"projectName":"산새마을","projectType":"신속통합기획","programTags":["fast_track_planning"],"stageName":"기획완료","districtCode":"11380","districtName":"은평구","regionName":"서울특별시 은평구","areaSquareMeters":55209.0,"noticeDate":"","bounds":[126.903477,37.595442,126.907465,37.597637],"sourceName":"서울특별시 도시계획사업 현황(서울플랜+) 공간정보 OA-22712","sourceUrl":"https://data.seoul.go.kr/dataList/OA-22712/F/1/datasetView.do","sourceLicense":"공공누리 제4유형(출처표시·상업적이용금지·변경금지)","sourceBaseDate":"2026-02"}},{"type":"Feature","id":"11000UQ120PS202601310025","geometry":{"type":"Polygon","coordinates":[[[127.00690447407482,37.58491763344954],[127.0069983364115,37.58514601999202],[127.00698970629139,37.58526034646268],[127.00701734953797,37.585353380956064],[127.00718771627845,37.58531061211983],[127.00719878378004,37.5852423979644],[127.00724800943793,37.585225150720355],[127.00726439162008,37.585662046862716],[127.00718286214901,37.58594675323193],[127.0072087701111,37.58599337798788],[127.0078404174896,37.58626667783122],[127.0087159438625,37.586418173460835],[127.0087735397798,37.58619777987485],[127.00864284919905,37.58617760575831],[127.0088674173396,37.585930676908994],[127.00862627846425,37.58574876466825],[127.00855620841708,37.58563648804243],[127.00852971784916,37.5855421203868],[127.00851496074236,37.58524880539033],[127.00861218056174,37.58477067351305],[127.0094867585548,37.58445930011839],[127.00950844176877,37.58363312166949],[127.00949832939912,37.58371800423455],[127.00934311070965,37.58371199603814],[127.00934336866815,37.58368871454563],[127.00919280416788,37.58369218421459],[127.00919141912507,37.58365498259701],[127.00898568818836,37.583690827997465],[127.0089861609295,37.58366316770062],[127.00878935714067,37.583643385324685],[127.00879237420068,37.58358393808888],[127.00885912610966,37.58358737572353],[127.00887752656688,37.58350299724712],[127.00867011419933,37.583356518690586],[127.00860194658523,37.58334530552512],[127.0085808746606,37.58331695275973],[127.00857272516224,37.58333765790405],[127.00837473303014,37.58331181127133],[127.00834145439721,37.582886322568505],[127.00859664472272,37.582472034160105],[127.00845079257728,37.58247835872661],[127.00827008455407,37.58251277785719],[127.00814081404299,37.582601523296624],[127.00789392589888,37.582694311420596],[127.00752372025532,37.58287316754871],[127.00747998588241,37.58301730950656],[127.00735870084823,37.58317877225669],[127.00734982615734,37.58334084204966],[127.00736537784951,37.583434471739324],[127.00720998745982,37.58369127833715],[127.00722896330709,37.58370416151914],[127.00719204407919,37.584155034641064],[127.00704692101687,37.5845744954598],[127.00690447407482,37.58491763344954]]]},"properties":{"projectName":"삼선3","projectType":"신속통합기획","programTags":["fast_track_planning"],"stageName":"대상지선정(추진중)","districtCode":"11290","districtName":"성북구","regionName":"서울특별시 성북구","areaSquareMeters":56770.0,"noticeDate":"","bounds":[127.006904,37.582472,127.009508,37.586418],"sourceName":"서울특별시 도시계획사업 현황(서울플랜+) 공간정보 OA-22712","sourceUrl":"https://data.seoul.go.kr/dataList/OA-22712/F/1/datasetView.do","sourceLicense":"공공누리 제4유형(출처표시·상업적이용금지·변경금지)","sourceBaseDate":"2026-02"}},{"type":"Feature","id":"11000UQ120PS202411014518","geometry":{"type":"Polygon","coordinates":[[[127.0501069746049,37.681675688812504],[127.04992664135257,37.68063811486123],[127.05031269679284,37.680586240065196],[127.05020394148619,37.68035014052302],[127.0500167391875,37.68011173062622],[127.04997240576115,37.680097783795524],[127.04956597320019,37.68022462656852],[127.04956403890588,37.680213545413466],[127.04750790311901,37.68079431997819],[127.04760674421263,37.68095969965239],[127.04755497132024,37.68101458899512],[127.04780257783474,37.68141488353076],[127.04765451464122,37.68158108054719],[127.04767914421242,37.68162891245863],[127.04760924126957,37.68169768386219],[127.04777013146015,37.681923404149714],[127.04809581339175,37.681901562601865],[127.04825317242634,37.68191663666786],[127.04869307186826,37.68163130431903],[127.04885185953553,37.68157610129671],[127.04943883297058,37.6815386542011],[127.04978777918005,37.681558333278964],[127.0501069746049,37.681675688812504]]]},"properties":{"projectName":"삼환도봉","projectType":"신속통합기획","programTags":["fast_track_planning"],"stageName":"기획완료","districtCode":"11320","districtName":"도봉구","regionName":"서울특별시 도봉구","areaSquareMeters":28616.0,"noticeDate":"","bounds":[127.047508,37.680098,127.050313,37.681923],"sourceName":"서울특별시 도시계획사업 현황(서울플랜+) 공간정보 OA-22712","sourceUrl":"https://data.seoul.go.kr/dataList/OA-22712/F/1/datasetView.do","sourceLicense":"공공누리 제4유형(출처표시·상업적이용금지·변경금지)","sourceBaseDate":"2026-02"}},{"type":"Feature","id":"11000UQ120PS202407010891","geometry":{"type":"Polygon","coordinates":[[[127.07056441817258,37.667068173445564],[127.0717032382726,37.66627042862993],[127.07277198231846,37.66545242515256],[127.07375280650076,37.66474731265606],[127.07473080376236,37.663999622689886],[127.07438274157712,37.66394890616091],[127.07392116926255,37.663730956574675],[127.0737997489511,37.66359947089383],[127.07374568607038,37.66351611891468],[127.07362868594986,37.663266864103534],[127.07354213525258,37.66313014920027],[127.07344101172457,37.66304581039965],[127.07312480775948,37.6629395860685],[127.07272735740389,37.66264874911745],[127.07256356827241,37.66250870142671],[127.0714323157233,37.66131026236154],[127.07139285990455,37.66123276595184],[127.07136086461729,37.66107395222359],[127.07134015085545,37.661065513350245],[127.06811434483456,37.6637564874229],[127.06811986227903,37.66380493865911],[127.06836081963209,37.66394788596545],[127.0684834464586,37.66399419853127],[127.0684600387718,37.66400281611211],[127.06860895656277,37.66405039751237],[127.06864439986032,37.66409503409577],[127.06896177956514,37.66505024787068],[127.06904213071911,37.66513505646529],[127.06927694316471,37.66588892013546],[127.06930110989708,37.66604641887206],[127.06939938476317,37.66623675689174],[127.06964909943058,37.66663942896103],[127.06954278681017,37.66681593595817],[127.06937180490871,37.667580717156504],[127.06941447075154,37.66760971294272],[127.06946449876601,37.66760821555252],[127.06984711706687,37.667480966390706],[127.07007249408157,37.667377854434235],[127.07056441817258,37.667068173445564]]]},"properties":{"projectName":"상계5동 일대","projectType":"신속통합기획","programTags":["fast_track_planning"],"stageName":"기획완료","districtCode":"11350","districtName":"노원구","regionName":"서울특별시 노원구","areaSquareMeters":216364.0,"noticeDate":"","bounds":[127.068114,37.661066,127.074731,37.66761],"sourceName":"서울특별시 도시계획사업 현황(서울플랜+) 공간정보 OA-22712","sourceUrl":"https://data.seoul.go.kr/dataList/OA-22712/F/1/datasetView.do","sourceLicense":"공공누리 제4유형(출처표시·상업적이용금지·변경금지)","sourceBaseDate":"2026-02"}},{"type":"Feature","id":"11000UQ120PS202502050004","geometry":{"type":"Polygon","coordinates":[[[127.06647197010261,37.66693449049857],[127.06613421053306,37.6648400936933],[127.06589679221375,37.66486950512785],[127.06584078700281,37.66458816171834],[127.06600408931487,37.66456780066586],[127.06609854288234,37.66461757282114],[127.06604841341387,37.66431631477045],[127.06598047335213,37.664388519879786],[127.06489300070837,37.66452380460767],[127.06480648991398,37.66408318497859],[127.06500056992711,37.66387198262932],[127.06595442339248,37.66375334786861],[127.06570392490262,37.66214515651046],[127.06554984948801,37.66129021614202],[127.06290977273521,37.66130603511934],[127.0631455342935,37.662712332178884],[127.06326809066744,37.66358305902661],[127.0634427057289,37.66449448229666],[127.06392898740849,37.66443395092078],[127.06396939382087,37.664638720775386],[127.06348197753341,37.664699343009474],[127.06391121699154,37.666899653559234],[127.06417883170896,37.66772723552006],[127.0653565498191,37.667829585265345],[127.06552621785416,37.66782237564129],[127.06537494229916,37.66707185712181],[127.06647197010261,37.66693449049857]]]},"properties":{"projectName":"상계보람","projectType":"신속통합기획","programTags":["fast_track_planning"],"stageName":"기획완료","districtCode":"11350","districtName":"노원구","regionName":"서울특별시 노원구","areaSquareMeters":142185.0,"noticeDate":"","bounds":[127.06291,37.66129,127.066472,37.66783],"sourceName":"서울특별시 도시계획사업 현황(서울플랜+) 공간정보 OA-22712","sourceUrl":"https://data.seoul.go.kr/dataList/OA-22712/F/1/datasetView.do","sourceLicense":"공공누리 제4유형(출처표시·상업적이용금지·변경금지)","sourceBaseDate":"2026-02"}},{"type":"Feature","id":"11000UQ120PS202407010855","geometry":{"type":"Polygon","coordinates":[[[127.06485048529629,37.65351981087798],[127.06599921961778,37.6537802011017],[127.06606332346318,37.65360753924088],[127.06612831634345,37.653545786878524],[127.06642843827699,37.65268906513413],[127.06279687655488,37.651859857578515],[127.06268460611567,37.65217066220495],[127.06256624879418,37.65238371404894],[127.06253089070265,37.65251923900865],[127.06332574965168,37.65269884012141],[127.06331116424442,37.65273849066809],[127.06392400422925,37.65288106275886],[127.06387618050476,37.65301344128957],[127.0647015414789,37.653205180152916],[127.06465543025678,37.65335116279793],[127.06473303155362,37.653457166006724],[127.06478120724395,37.65347398841723],[127.06486313462703,37.653469619778164],[127.06485048529629,37.65351981087798]]]},"properties":{"projectName":"상계주공5단지","projectType":"신속통합기획","programTags":["fast_track_planning"],"stageName":"기획완료","districtCode":"11350","districtName":"노원구","regionName":"서울특별시 노원구","areaSquareMeters":33854.6,"noticeDate":"","bounds":[127.062531,37.65186,127.066428,37.65378],"sourceName":"서울특별시 도시계획사업 현황(서울플랜+) 공간정보 OA-22712","sourceUrl":"https://data.seoul.go.kr/dataList/OA-22712/F/1/datasetView.do","sourceLicense":"공공누리 제4유형(출처표시·상업적이용금지·변경금지)","sourceBaseDate":"2026-02"}},{"type":"Feature","id":"11000UQ120PS202407010949","geometry":{"type":"Polygon","coordinates":[[[127.06196624277067,37.65167013793835],[127.06184218560942,37.65212303161117],[127.06189275895814,37.65216391001866],[127.06193111404842,37.6522296615776],[127.06194330065166,37.652305517450976],[127.061930066131,37.652376907593705],[127.06181979210142,37.65287778997694],[127.06176376169728,37.652955843047295],[127.06171766918195,37.65299154518938],[127.06154322933426,37.65364592216076],[127.06349033947612,37.6540838704756],[127.0635059420261,37.65404070557911],[127.06414622337653,37.65419083024832],[127.06401087887299,37.65468652830012],[127.06432053565958,37.65475627951971],[127.06432799827763,37.654736454100636],[127.06440756606091,37.654754341113005],[127.06443979026517,37.654668010541705],[127.06450100008813,37.654686357768014],[127.06438770614864,37.65498950612477],[127.06485820124917,37.655095479394845],[127.06497252940775,37.65507757865916],[127.06512252242756,37.65515507181953],[127.06674790261182,37.65552115136808],[127.06691914967773,37.65540825452831],[127.06763335283587,37.65301973237243],[127.06758479262056,37.65295299732051],[127.06642846996964,37.65268902277085],[127.06612834803668,37.653545744515355],[127.06606335515647,37.6536074968777],[127.06599925131114,37.653780158738556],[127.06485051699023,37.653519768515146],[127.06486316632093,37.65346957741532],[127.06473306324759,37.65345712364391],[127.06465546195075,37.65335112043515],[127.06470157317277,37.6532051377901],[127.06387621219905,37.653013398927],[127.06392403592345,37.652881020396265],[127.06331119593891,37.652738448305655],[127.06332578134614,37.65269879775898],[127.06253092239749,37.6525191966464],[127.06256628048895,37.652383671686714],[127.06268463781028,37.65217061984267],[127.06279690824927,37.65185981521621],[127.06196624277067,37.65167013793835]]]},"properties":{"projectName":"상계주공6단지","projectType":"신속통합기획","programTags":["fast_track_planning"],"stageName":"대상지선정(추진중)","districtCode":"11350","districtName":"노원구","regionName":"서울특별시 노원구","areaSquareMeters":103491.0,"noticeDate":"","bounds":[127.061543,37.65167,127.067633,37.655521],"sourceName":"서울특별시 도시계획사업 현황(서울플랜+) 공간정보 OA-22712","sourceUrl":"https://data.seoul.go.kr/dataList/OA-22712/F/1/datasetView.do","sourceLicense":"공공누리 제4유형(출처표시·상업적이용금지·변경금지)","sourceBaseDate":"2026-02"}},{"type":"Feature","id":"11000UQ120PS202512310001","geometry":{"type":"Polygon","coordinates":[[[127.06433443892595,37.667026710309],[127.06524812411583,37.66693908264637],[127.0652765263857,37.666891410334465],[127.06498192704765,37.66554936078008],[127.06495146033772,37.66553209920377],[127.06419456033669,37.66570258948248],[127.06414836595604,37.665879997607455],[127.06407150610717,37.665980487880326],[127.064060217987,37.66603247460758],[127.06413404799846,37.66609351331003],[127.06412357250264,37.66616703106572],[127.06396858813575,37.66634900345783],[127.06406597502077,37.66639372301543],[127.0641360650999,37.66671241404768],[127.06433443892595,37.667026710309]]]},"properties":{"projectName":"상계한신3차","projectType":"신속통합기획","programTags":["fast_track_planning"],"stageName":"대상지선정(추진중)","districtCode":"11350","districtName":"노원구","regionName":"서울특별시 노원구","areaSquareMeters":13619.0,"noticeDate":"","bounds":[127.063969,37.665532,127.065277,37.667027],"sourceName":"서울특별시 도시계획사업 현황(서울플랜+) 공간정보 OA-22712","sourceUrl":"https://data.seoul.go.kr/dataList/OA-22712/F/1/datasetView.do","sourceLicense":"공공누리 제4유형(출처표시·상업적이용금지·변경금지)","sourceBaseDate":"2026-02"}},{"type":"Feature","id":"11000UQ120PS202407010900","geometry":{"type":"Polygon","coordinates":[[[126.93459241230269,37.49796284572896],[126.93490870225419,37.49836938397206],[126.93492106762582,37.4984401103411],[126.93488555374695,37.49849639373333],[126.93465120677352,37.49869708495447],[126.93452527890436,37.498906144439545],[126.9345184954631,37.498942126482866],[126.93478370096402,37.49903820591829],[126.9349112283042,37.4991413431278],[126.93522140860968,37.49946917477701],[126.93523778265056,37.499457606131294],[126.93539219182517,37.49954851332104],[126.93570819947632,37.49967587383775],[126.93540226796227,37.50032200463224],[126.93614554602856,37.50057035232084],[126.93629715709612,37.50052113167474],[126.93637441701841,37.50036683325365],[126.93654226751423,37.500417669022795],[126.93751912261096,37.49860110414567],[126.93750498330911,37.49830045119404],[126.937487698853,37.49822671309069],[126.93560480317949,37.49774039061399],[126.93540561631464,37.49771298806281],[126.93522628135649,37.497717960198194],[126.93500186411573,37.49775573908979],[126.93468137132164,37.49788011230851],[126.93459618492876,37.49794246727089],[126.93459241230269,37.49796284572896]]]},"properties":{"projectName":"상도14구역","projectType":"신속통합기획","programTags":["fast_track_planning"],"stageName":"기획완료","districtCode":"11590","districtName":"동작구","regionName":"서울특별시 동작구","areaSquareMeters":50788.0,"noticeDate":"","bounds":[126.934518,37.497713,126.937519,37.50057],"sourceName":"서울특별시 도시계획사업 현황(서울플랜+) 공간정보 OA-22712","sourceUrl":"https://data.seoul.go.kr/dataList/OA-22712/F/1/datasetView.do","sourceLicense":"공공누리 제4유형(출처표시·상업적이용금지·변경금지)","sourceBaseDate":"2026-02"}},{"type":"Feature","id":"11000UQ120PS202407010923","geometry":{"type":"Polygon","coordinates":[[[126.93423707207674,37.498129644049165],[126.93460059991911,37.49777248731673],[126.93460220986549,37.49779320219385],[126.93496049244105,37.497634026873556],[126.93532486366209,37.49759595714418],[126.93546656981866,37.49759678428123],[126.93761452965873,37.498141394096315],[126.93769733563047,37.4980165153593],[126.93764087261437,37.49786967608216],[126.93771466585565,37.497863832433346],[126.93772638789302,37.497763260251986],[126.9376046632339,37.49777609677035],[126.93758601439222,37.49772428825114],[126.93774932273844,37.49765551315859],[126.93817673415063,37.49735371920828],[126.93803019476061,37.497278578326345],[126.937702587981,37.49705352147907],[126.93762595749952,37.49702175228268],[126.93779008392225,37.496864061572644],[126.93778643421282,37.496820721548],[126.93751922900955,37.49664759429154],[126.93746578134099,37.49665268300258],[126.93699758516769,37.49712126311605],[126.93694582684236,37.49714709351163],[126.93686315202513,37.49711949574696],[126.93625074436116,37.496715988973165],[126.93619896383228,37.49671540173764],[126.93571133123561,37.49711462781593],[126.93566569461996,37.497076334255915],[126.93557638906695,37.49693815228125],[126.93559325534943,37.496931953810126],[126.93554010638626,37.496867061218964],[126.93542466701149,37.49681944196571],[126.93530084543518,37.496621333032934],[126.93539682067278,37.496555839099074],[126.93575015811787,37.49643055416726],[126.93601780031597,37.49627901063231],[126.9363516335002,37.49592685049141],[126.93645130983778,37.4958554651988],[126.936634052578,37.495670689662596],[126.93771683102779,37.494547507893195],[126.93773124351624,37.494553705541215],[126.93785990831586,37.49445826899365],[126.93785689064194,37.494443094536926],[126.93778782122092,37.49441644177714],[126.93754034703753,37.49421525900819],[126.9374225373705,37.49411285963364],[126.93728972934298,37.49396268099302],[126.9366859584079,37.494230281453724],[126.93648217397384,37.49431198921843],[126.93637992369837,37.49432874554045],[126.93628536807898,37.493780345073425],[126.93631322863075,37.49376985479759],[126.93631019436788,37.4937481390338],[126.9359639522959,37.49348179216081],[126.93595884366947,37.49350476481582],[126.93558117513571,37.49374503143775],[126.93540345584168,37.493954774914755],[126.93520405078232,37.494006560735436],[126.9352097813913,37.4938687110254],[126.93516394571216,37.49375884443912],[126.93516482711513,37.493708406979366],[126.93508207080494,37.49367569924072],[126.93500675212464,37.49371019217814],[126.93497141730124,37.49380942639143],[126.93474556266987,37.493810830665474],[126.93462356120467,37.49377296472314],[126.93453855645333,37.49372572220852],[126.93440412605787,37.49401843472907],[126.93411547765369,37.494321853177],[126.93404308237987,37.494537087649995],[126.93396168105971,37.49463165508222],[126.93380462131199,37.49469663534989],[126.93351006457615,37.49475112079046],[126.93326097897881,37.49474154368831],[126.93312576973109,37.49470279460449],[126.93311569453421,37.4948512734695],[126.93340241496962,37.49522068666743],[126.93330719712787,37.49541076961537],[126.93346656910472,37.495479103203415],[126.93349154096515,37.495562649226095],[126.93359260755075,37.49565678971604],[126.93358989333058,37.495707009853305],[126.93404221149541,37.496084652562544],[126.93387599752229,37.496214229319506],[126.93387548670687,37.49629161584453],[126.93383996995509,37.49641400524811],[126.93377499176466,37.49646468524987],[126.93367979625553,37.49662936930582],[126.93368349180663,37.496669402817425],[126.9334420942207,37.49704085400455],[126.93325791946242,37.49734542956449],[126.93326169025772,37.4973647041113],[126.93358356904177,37.49749565161167],[126.93423707207674,37.498129644049165]]]},"properties":{"projectName":"상도15구역","projectType":"신속통합기획","programTags":["fast_track_planning"],"stageName":"기획완료","districtCode":"11590","districtName":"동작구","regionName":"서울특별시 동작구","areaSquareMeters":141286.0,"noticeDate":"","bounds":[126.933116,37.493482,126.938177,37.498141],"sourceName":"서울특별시 도시계획사업 현황(서울플랜+) 공간정보 OA-22712","sourceUrl":"https://data.seoul.go.kr/dataList/OA-22712/F/1/datasetView.do","sourceLicense":"공공누리 제4유형(출처표시·상업적이용금지·변경금지)","sourceBaseDate":"2026-02"}},{"type":"Feature","id":"11000UQ120PS202601310018","geometry":{"type":"Polygon","coordinates":[[[126.93862439220744,37.50099746387653],[126.93873366568205,37.501112183059846],[126.93888243441326,37.50122246314364],[126.93983035183375,37.50159163152018],[126.93987256697488,37.50167356421697],[126.93990321462468,37.501687410529385],[126.9400888299285,37.50164761999089],[126.94070149696161,37.5017087994043],[126.94147482858205,37.500787906056246],[126.9414788275479,37.50056741573257],[126.9409999170404,37.50011763617185],[126.94098700674814,37.500098104918344],[126.94100712658694,37.5000403882445],[126.94071664681742,37.49984512785783],[126.93994353824687,37.49913132570586],[126.93957537899959,37.498861482346115],[126.93910645686125,37.498652501171605],[126.93850326047702,37.498495145901785],[126.93850586986622,37.49848514620645],[126.93820655447558,37.49843759545236],[126.9382117893141,37.49841741408139],[126.93754543072255,37.498242234337575],[126.93750502025682,37.4983008854955],[126.93752121199492,37.498833555758615],[126.93841546964815,37.49888710560392],[126.9383718509825,37.49910319586038],[126.93824732214657,37.49907290973857],[126.9382024815166,37.49918187052335],[126.93818811456256,37.499267962260724],[126.9382112772453,37.49927857942937],[126.93806791547115,37.49927932243201],[126.93804851505094,37.49939318923733],[126.93794828857119,37.49937606142589],[126.93792813613435,37.499456320554046],[126.93790232219934,37.49945157641406],[126.93783912611181,37.4997875878382],[126.9377255434884,37.500022975520885],[126.93740582928443,37.5008443869766],[126.93747503755137,37.50084765008792],[126.9375347636935,37.500870252460864],[126.937560664482,37.50085326464422],[126.93760160295487,37.500893183011456],[126.93742747876246,37.50099842440912],[126.93745174206627,37.50103174748149],[126.93739952696309,37.50107299389309],[126.93720502481986,37.501163123164574],[126.93723724790682,37.501198477859255],[126.93728898633111,37.5013310698936],[126.93731293046463,37.50160513958321],[126.93729943261185,37.5016254497597],[126.93732513158427,37.50169926450029],[126.93739309179968,37.50173462955195],[126.93725270575757,37.50178099973351],[126.93762844123512,37.501740343250184],[126.93784941863531,37.50162401751987],[126.93786408496182,37.501519311393714],[126.93809120801069,37.50135597442148],[126.93831289790657,37.501237422732295],[126.93862439220744,37.50099746387653]]]},"properties":{"projectName":"상도23","projectType":"신속통합기획","programTags":["fast_track_planning"],"stageName":"대상지선정(추진중)","districtCode":"11590","districtName":"동작구","regionName":"서울특별시 동작구","areaSquareMeters":80937.0,"noticeDate":"","bounds":[126.937205,37.498242,126.941479,37.501781],"sourceName":"서울특별시 도시계획사업 현황(서울플랜+) 공간정보 OA-22712","sourceUrl":"https://data.seoul.go.kr/dataList/OA-22712/F/1/datasetView.do","sourceLicense":"공공누리 제4유형(출처표시·상업적이용금지·변경금지)","sourceBaseDate":"2026-02"}},{"type":"Feature","id":"11000UQ120PS202601310019","geometry":{"type":"Polygon","coordinates":[[[126.94286723804646,37.49479899866873],[126.94282285039397,37.49497677984918],[126.94287471438953,37.4949848515277],[126.94293840700313,37.49507938894987],[126.94317431702227,37.49553021258337],[126.94330972379188,37.495599917607954],[126.94320868773707,37.49564000730619],[126.9433302230082,37.49569067635441],[126.94329744135302,37.49571869029279],[126.94335615767466,37.495757245941235],[126.94334470993037,37.49577674693954],[126.94337877299935,37.495846239760006],[126.94340540585533,37.49597508674593],[126.94331048821081,37.49604291229418],[126.94353301057961,37.496191524405276],[126.94362673725716,37.496216248735756],[126.94365774803725,37.4963144187795],[126.94376368957246,37.496351645840925],[126.94385998398691,37.49674351037702],[126.94399757520328,37.49719776207671],[126.94384352249261,37.49725365703631],[126.94375121152855,37.4972243564987],[126.94364648997329,37.49723123393252],[126.94326414616641,37.49716496676125],[126.943208829964,37.49718802306988],[126.94336019913457,37.49748700410777],[126.94359517798087,37.49739948837789],[126.94369520240811,37.49758893637586],[126.94394988958197,37.49750442090261],[126.94406877794759,37.497501568545424],[126.94501790952567,37.49729335487484],[126.94501861061651,37.497158295451214],[126.94518426720164,37.497114135499466],[126.94618612507048,37.49674828973881],[126.94628739309528,37.49673090278866],[126.94637916936756,37.49688813396363],[126.94742723505843,37.496491674254905],[126.94722824346012,37.496193099968515],[126.94689497660099,37.496255349566965],[126.94669061661587,37.495399458762606],[126.94651518372329,37.49528859935191],[126.94622574924833,37.494800645160716],[126.94568383566201,37.49514498654503],[126.94548317448161,37.49529407001343],[126.94519357336148,37.49518754230424],[126.94507929958102,37.49495372348043],[126.94506040734774,37.49460337884404],[126.94516157304733,37.494372509985574],[126.94505151613096,37.49417185890693],[126.94382479792428,37.49428106206746],[126.9436848205923,37.49426058599444],[126.94364291778744,37.494239896547356],[126.94352591124635,37.494257967284895],[126.94327416738271,37.494351916810515],[126.94305896531974,37.49445244316017],[126.94295579881684,37.49458705544999],[126.94286723804646,37.49479899866873]]]},"properties":{"projectName":"상도동 214","projectType":"신속통합기획","programTags":["fast_track_planning"],"stageName":"대상지선정(추진중)","districtCode":"11590","districtName":"동작구","regionName":"서울특별시 동작구","areaSquareMeters":85788.0,"noticeDate":"","bounds":[126.942823,37.494172,126.947427,37.497589],"sourceName":"서울특별시 도시계획사업 현황(서울플랜+) 공간정보 OA-22712","sourceUrl":"https://data.seoul.go.kr/dataList/OA-22712/F/1/datasetView.do","sourceLicense":"공공누리 제4유형(출처표시·상업적이용금지·변경금지)","sourceBaseDate":"2026-02"}},{"type":"Feature","id":"11000UQ120PS202601310002","geometry":{"type":"Polygon","coordinates":[[[127.08002123079099,37.48253438288574],[127.08010032727589,37.482597310294096],[127.08149222645629,37.48279766005556],[127.08177150598303,37.482811256013015],[127.08242058788933,37.48290550858815],[127.08253177378401,37.48294723886015],[127.08371312888355,37.48311725277575],[127.08379721160117,37.48308412751205],[127.0841605243794,37.48147865011155],[127.08410913087168,37.481420571456766],[127.08110046509744,37.480986371282015],[127.08089516997993,37.48100705220874],[127.08071005562408,37.48108096844165],[127.08059742473547,37.481166458813846],[127.08025105203234,37.48163944556611],[127.08019421074496,37.48177436333322],[127.08002123079099,37.48253438288574]],[[127.0819005552301,37.4822196609783],[127.08195951254757,37.4819518432676],[127.08251642790557,37.4820330034255],[127.08246391111322,37.482295320889726],[127.0819005552301,37.4822196609783]]]},"properties":{"projectName":"상록수아파트","projectType":"신속통합기획","programTags":["fast_track_planning"],"stageName":"기획완료","districtCode":"11680","districtName":"강남구","regionName":"서울특별시 강남구","areaSquareMeters":63257.0,"noticeDate":"","bounds":[127.080021,37.480986,127.084161,37.483117],"sourceName":"서울특별시 도시계획사업 현황(서울플랜+) 공간정보 OA-22712","sourceUrl":"https://data.seoul.go.kr/dataList/OA-22712/F/1/datasetView.do","sourceLicense":"공공누리 제4유형(출처표시·상업적이용금지·변경금지)","sourceBaseDate":"2026-02"}},{"type":"Feature","id":"11000UQ120PS202407010905","geometry":{"type":"Polygon","coordinates":[[[127.09322169088597,37.59528345705675],[127.0970376038243,37.59610416242734],[127.09708898432645,37.596082497229325],[127.09723991436431,37.5956347292783],[127.09844128377863,37.59590186456995],[127.09847465017255,37.595890394674505],[127.09862364694763,37.595449024417945],[127.09860901485213,37.595429746391616],[127.09341050817524,37.59431149816044],[127.09331752872606,37.59436250313116],[127.09322169088597,37.59528345705675]]]},"properties":{"projectName":"상봉13구역","projectType":"신속통합기획","programTags":["fast_track_planning"],"stageName":"기획완료","districtCode":"11260","districtName":"중랑구","regionName":"서울특별시 중랑구","areaSquareMeters":49586.0,"noticeDate":"","bounds":[127.093222,37.594311,127.098624,37.596104],"sourceName":"서울특별시 도시계획사업 현황(서울플랜+) 공간정보 OA-22712","sourceUrl":"https://data.seoul.go.kr/dataList/OA-22712/F/1/datasetView.do","sourceLicense":"공공누리 제4유형(출처표시·상업적이용금지·변경금지)","sourceBaseDate":"2026-02"}},{"type":"Feature","id":"11000UQ120PS202601310008","geometry":{"type":"Polygon","coordinates":[[[127.15890319974476,37.54759158883302],[127.15935291903301,37.54743989247856],[127.15946057261294,37.547350730668285],[127.15998589813343,37.547100632672084],[127.16004146840646,37.54699793524984],[127.1595477059425,37.54638583324928],[127.15956387883121,37.54638166704777],[127.15935227960357,37.54595578139712],[127.15937325150881,37.5459199840284],[127.15955293950994,37.54591677042714],[127.15997999258163,37.54596256313829],[127.15997212995369,37.545669382252235],[127.15939601032221,37.54560469689602],[127.15905508893178,37.545615153187995],[127.15877709344122,37.545684449520245],[127.15890319974476,37.54759158883302]]]},"properties":{"projectName":"상일동빌라","projectType":"신속통합기획","programTags":["fast_track_planning"],"stageName":"대상지선정(추진중)","districtCode":"11740","districtName":"강동구","regionName":"서울특별시 강동구","areaSquareMeters":80675.0,"noticeDate":"","bounds":[127.158777,37.545605,127.160041,37.547592],"sourceName":"서울특별시 도시계획사업 현황(서울플랜+) 공간정보 OA-22712","sourceUrl":"https://data.seoul.go.kr/dataList/OA-22712/F/1/datasetView.do","sourceLicense":"공공누리 제4유형(출처표시·상업적이용금지·변경금지)","sourceBaseDate":"2026-02"}},{"type":"Feature","id":"11000UQ120PS202407010933","geometry":{"type":"Polygon","coordinates":[[[126.96802313473563,37.55018649477891],[126.96646308782036,37.55017670770195],[126.96644358496809,37.550186558752195],[126.96644282892814,37.5503872254361],[126.96544188650553,37.5503988908439],[126.96530966443108,37.550432321287865],[126.9652429754961,37.55048086423241],[126.96469374957778,37.55060120177407],[126.96464123067906,37.55059912211543],[126.96454596430463,37.55063012245367],[126.96441282360865,37.550725279392445],[126.96427452979684,37.55078248481797],[126.9641883341329,37.55080036028986],[126.96416276617357,37.55083084173611],[126.96418386649303,37.55113589688586],[126.96417384968035,37.55118452920384],[126.96414467991492,37.55119833216476],[126.96415715763528,37.551320690666756],[126.9641088104692,37.55139376373443],[126.96410535887365,37.551484375285],[126.96342374214568,37.55182571394754],[126.96328471282774,37.551744372620085],[126.96315543395058,37.55180494033833],[126.96310012597621,37.55185546793714],[126.96346366825125,37.55213575772378],[126.96387960902086,37.55248543036099],[126.96466540738032,37.553209993551654],[126.96490084499797,37.55339354450264],[126.96528732441521,37.55366132095786],[126.96566958084075,37.55335018145465],[126.96603079941485,37.55319655455234],[126.96620759936732,37.553157090108904],[126.96624326652076,37.55311692560106],[126.96629492504641,37.55273870518016],[126.96671005880305,37.55266922675702],[126.96681203802092,37.55268645668474],[126.96693467015105,37.5526799424624],[126.96693105661997,37.55266294872113],[126.96698110457596,37.5526521785121],[126.96698545626775,37.55266363137551],[126.96710495128433,37.552612895439296],[126.96726452590858,37.552571685475826],[126.9672752328832,37.55259363671288],[126.96766776700801,37.55262041921363],[126.96767107910067,37.55265370275651],[126.96778135452378,37.55269432394119],[126.96792884956116,37.552688004995225],[126.96789070936588,37.55251722938674],[126.9677724507169,37.552387489036555],[126.96775571547202,37.552282095374615],[126.9677858424692,37.552278166655405],[126.96775608297075,37.55211967388865],[126.96820081090397,37.55213904536725],[126.96834833504776,37.55211557104176],[126.96840206502112,37.55211987483803],[126.96852006850997,37.55216249770287],[126.96877727168882,37.552119510951705],[126.96878918949275,37.55214247149856],[126.96910568450136,37.55219554605915],[126.96922303154011,37.551688752905605],[126.96898506542617,37.551712671958285],[126.96876297798947,37.55162966535244],[126.96864741068954,37.55160733371723],[126.9686365819527,37.55152707044313],[126.96860610980674,37.551518898977406],[126.96865253880974,37.55142310955692],[126.9686785945493,37.5514120616487],[126.96856326050754,37.551400523865134],[126.96858192437183,37.55126570480574],[126.96861655782001,37.55122944957949],[126.96861834431624,37.55120717758369],[126.96858405025453,37.55116655135673],[126.9685064373477,37.5511492667002],[126.9683119898674,37.5511878016186],[126.9683113564647,37.55139113705055],[126.96818425379598,37.551403715110794],[126.96815972668024,37.551209490602304],[126.96810784933953,37.55121405296927],[126.96785815626184,37.551297449849244],[126.96753008855733,37.55137006583724],[126.96748116481034,37.551125531843546],[126.96747219004203,37.551002697172294],[126.96757801197258,37.55097624751336],[126.9675942904228,37.550939744040654],[126.9679202477471,37.550900256703116],[126.96794017988931,37.55081635309067],[126.96802186383506,37.55076322683606],[126.96806454461571,37.550698872144366],[126.9680330258619,37.55067856388551],[126.96804408546272,37.55067105275684],[126.96794486387104,37.55054119179521],[126.96784723883987,37.550535803102726],[126.96784248787687,37.55050627627469],[126.96789462449411,37.55042731026448],[126.96808807021947,37.550347375209334],[126.96810239814363,37.550319178247186],[126.96807705060071,37.55021484532555],[126.96802313473563,37.55018649477891]]]},"properties":{"projectName":"서계동통합","projectType":"신속통합기획","programTags":["fast_track_planning"],"stageName":"기획완료","districtCode":"11170","districtName":"용산구","regionName":"서울특별시 용산구","areaSquareMeters":122953.0,"noticeDate":"","bounds":[126.9631,37.550177,126.969223,37.553661],"sourceName":"서울특별시 도시계획사업 현황(서울플랜+) 공간정보 OA-22712","sourceUrl":"https://data.seoul.go.kr/dataList/OA-22712/F/1/datasetView.do","sourceLicense":"공공누리 제4유형(출처표시·상업적이용금지·변경금지)","sourceBaseDate":"2026-02"}},{"type":"Feature","id":"11000UQ120PS202407010931","geometry":{"type":"Polygon","coordinates":[[[126.98496134875819,37.51913090869899],[126.98563531020872,37.51915129166441],[126.98626233894817,37.51923006728011],[126.98896075461568,37.5192812822004],[126.98898604196602,37.519045305074044],[126.98977858401557,37.51907061437683],[126.98993310444328,37.51913114051072],[126.98999103289918,37.519124965346265],[126.99034470025822,37.519165192750435],[126.99082582004773,37.5192681580276],[126.99088358929802,37.51918841610415],[126.99075238482253,37.51902610784331],[126.99078310772715,37.51902459696621],[126.99084551504141,37.5191009349871],[126.99097773554622,37.5191996149098],[126.99102268589456,37.51913750426097],[126.9910729580059,37.519118416615385],[126.9910688240538,37.51915543816775],[126.99101750476228,37.51922071977322],[126.99113743570734,37.519276709241694],[126.99115360370085,37.519169879589334],[126.99113235576492,37.5191203319635],[126.99116678862387,37.51912122697156],[126.99118375778328,37.51902811954895],[126.99132290215923,37.51903806061358],[126.9912999324404,37.51908853241509],[126.9913679822565,37.51910089093433],[126.99143668024878,37.519088093666404],[126.99143877806621,37.51904984657269],[126.99173629623203,37.5190754148146],[126.99236491195805,37.51917419631512],[126.99239592021283,37.51924485480452],[126.99238017673952,37.519316997221836],[126.99267768313736,37.51935815031766],[126.99268494688934,37.51934472602387],[126.99263223046069,37.5192787691787],[126.99248307656042,37.51915823976589],[126.99174891407657,37.51860125777765],[126.99177957243484,37.51857267170914],[126.99109113515098,37.518067478587376],[126.99074711449268,37.51783888305767],[126.99035814301398,37.51761640004253],[126.98995120405054,37.51744018913883],[126.98947685978834,37.517277259669164],[126.9886950488525,37.5171192417842],[126.98818762883278,37.51704674552629],[126.98612647403051,37.516857844382194],[126.98585268185367,37.51685503332356],[126.98573468675045,37.51688235384054],[126.98567535641175,37.516945118300185],[126.98561519215619,37.51912505195987],[126.98496134875819,37.51913090869899]]]},"properties":{"projectName":"서빙고 신동아","projectType":"신속통합기획","programTags":["fast_track_planning"],"stageName":"기획완료","districtCode":"11170","districtName":"용산구","regionName":"서울특별시 용산구","areaSquareMeters":114256.0,"noticeDate":"","bounds":[126.984961,37.516855,126.992685,37.519358],"sourceName":"서울특별시 도시계획사업 현황(서울플랜+) 공간정보 OA-22712","sourceUrl":"https://data.seoul.go.kr/dataList/OA-22712/F/1/datasetView.do","sourceLicense":"공공누리 제4유형(출처표시·상업적이용금지·변경금지)","sourceBaseDate":"2026-02"}},{"type":"Feature","id":"11000UQ120PS202407010874","geometry":{"type":"Polygon","coordinates":[[[127.02340809596406,37.49837482006592],[127.02403035698407,37.49706942572762],[127.02398430701263,37.49698708316671],[127.02169281442228,37.49628354870196],[127.02162691940826,37.49643402411906],[127.02166096607891,37.49646600379379],[127.0215194284752,37.49662640571477],[127.02115343848156,37.49729383723615],[127.02111129605532,37.497439806096786],[127.02093373133647,37.49779347756805],[127.02070335741912,37.49850155088445],[127.02105095964033,37.49859031530058],[127.02149716427105,37.49817879948528],[127.02149884970916,37.49813807404382],[127.02159349010459,37.498091386248184],[127.02155012921165,37.49795020705684],[127.02173248672801,37.49791732106223],[127.02189781991818,37.49792504124741],[127.02200401383892,37.497949079554736],[127.02340809596406,37.49837482006592]]]},"properties":{"projectName":"서초 진흥","projectType":"신속통합기획","programTags":["fast_track_planning"],"stageName":"기획완료","districtCode":"11650","districtName":"서초구","regionName":"서울특별시 서초구","areaSquareMeters":41947.0,"noticeDate":"","bounds":[127.020703,37.496284,127.02403,37.49859],"sourceName":"서울특별시 도시계획사업 현황(서울플랜+) 공간정보 OA-22712","sourceUrl":"https://data.seoul.go.kr/dataList/OA-22712/F/1/datasetView.do","sourceLicense":"공공누리 제4유형(출처표시·상업적이용금지·변경금지)","sourceBaseDate":"2026-02"}},{"type":"Feature","id":"11000UQ120PS202407010906","geometry":{"type":"Polygon","coordinates":[[[127.06192974505932,37.60848646836553],[127.06186058607156,37.60874574057592],[127.06270322282415,37.60888205148785],[127.06411740808629,37.609155019182744],[127.06537401220876,37.60782692029358],[127.06554292962781,37.60761837757306],[127.06573537200784,37.60729551420453],[127.0657065428617,37.60726125652612],[127.06512474598186,37.607229370395366],[127.06514467325839,37.6072103579412],[127.064941910011,37.60719816866632],[127.06495640452641,37.60720963938922],[127.06493823875547,37.60720923469986],[127.06423643676852,37.607144000192626],[127.06155484690764,37.60695344943903],[127.06159519580177,37.6069929279677],[127.06123873854591,37.60836809943867],[127.06192974505932,37.60848646836553]]]},"properties":{"projectName":"석관4구역","projectType":"신속통합기획","programTags":["fast_track_planning"],"stageName":"기획완료","districtCode":"11290","districtName":"성북구","regionName":"서울특별시 성북구","areaSquareMeters":64876.0,"noticeDate":"","bounds":[127.061239,37.606953,127.065735,37.609155],"sourceName":"서울특별시 도시계획사업 현황(서울플랜+) 공간정보 OA-22712","sourceUrl":"https://data.seoul.go.kr/dataList/OA-22712/F/1/datasetView.do","sourceLicense":"공공누리 제4유형(출처표시·상업적이용금지·변경금지)","sourceBaseDate":"2026-02"}},{"type":"Feature","id":"11000UQ120PS202601310007","geometry":{"type":"Polygon","coordinates":[[[127.12576079212941,37.53528823245462],[127.12609038104942,37.53582955311244],[127.12645081996787,37.535700780908485],[127.1264516823079,37.535688688673574],[127.12667551208926,37.53567512599994],[127.12670268443864,37.535597990241044],[127.12687068252255,37.53563435631372],[127.1270403667401,37.53564380770164],[127.1271628751623,37.53529179470273],[127.12718181821657,37.53519249415038],[127.1273698685166,37.53477348540332],[127.12735075586829,37.534737961599276],[127.1271666168654,37.53470310001427],[127.12696012645526,37.53474557608479],[127.12671793809845,37.5348479606198],[127.12600470737489,37.534861760937915],[127.12597465518515,37.53495595537607],[127.12576079212941,37.53528823245462]]]},"properties":{"projectName":"성내현대","projectType":"신속통합기획","programTags":["fast_track_planning"],"stageName":"대상지선정(추진중)","districtCode":"11740","districtName":"강동구","regionName":"서울특별시 강동구","areaSquareMeters":12364.0,"noticeDate":"","bounds":[127.125761,37.534703,127.12737,37.53583],"sourceName":"서울특별시 도시계획사업 현황(서울플랜+) 공간정보 OA-22712","sourceUrl":"https://data.seoul.go.kr/dataList/OA-22712/F/1/datasetView.do","sourceLicense":"공공누리 제4유형(출처표시·상업적이용금지·변경금지)","sourceBaseDate":"2026-02"}},{"type":"Feature","id":"11000UQ120PS202407010946","geometry":{"type":"Polygon","coordinates":[[[127.00195383779368,37.59549791292748],[127.00297092167001,37.59501225634708],[127.0029237232829,37.594844367528864],[127.00267322835663,37.594653740007594],[127.00260426776528,37.59448584225222],[127.00253089273724,37.59441200724539],[127.00253954326111,37.594385914667214],[127.0023589842367,37.594361463376785],[127.00226745890187,37.59431702744872],[127.00216111137054,37.59423288515415],[127.0021599561573,37.594203062580995],[127.00224568191805,37.59404838110235],[127.00230077956805,37.59400170976364],[127.00240853969473,37.59386566937928],[127.00258665820576,37.593548845765966],[127.00268108012752,37.593506138215034],[127.00275558727873,37.59361398528798],[127.00278930701789,37.593601281050496],[127.00315956952497,37.59359215852505],[127.00324602157048,37.59362718756444],[127.00326248288391,37.593525943708634],[127.0032968486068,37.59354260239735],[127.00332191722853,37.59352096938232],[127.00281767623433,37.593240445501216],[127.00280218420816,37.593111595886704],[127.00286271580794,37.59306369888025],[127.0027860477548,37.593037390981735],[127.00269660679601,37.59296692591285],[127.0026476099726,37.59279880268756],[127.00256663840331,37.59268940589565],[127.00202148989986,37.59312066569172],[127.00178889442344,37.59325247146414],[127.00161629855795,37.59333040688373],[127.00134430907283,37.593433650595884],[127.00100015757407,37.593497610465015],[127.00102145608567,37.59350613386906],[127.00078762442067,37.59353741482842],[127.00067764408972,37.59353258481894],[127.00016585777364,37.594029157578056],[126.99998784565229,37.5941232091528],[126.99962304672155,37.59422938485254],[126.99947286586269,37.59431708415227],[126.99939774803967,37.59432407446371],[126.99925247929087,37.59446711202172],[126.9994130660612,37.59480283973243],[126.99945535309095,37.594988380149225],[126.99941858003491,37.595220752318916],[126.99937605789889,37.595335113467364],[126.99935133844058,37.59536045769854],[126.99976195037222,37.59554567081505],[126.99978576468015,37.5954861701791],[126.99987365594863,37.59549608226227],[126.99994913750353,37.59547707252665],[126.99998429524346,37.59553135727969],[127.0000677139971,37.59553539474389],[127.00027309672168,37.59550549343016],[127.0003246410326,37.59546689580535],[127.0005654417903,37.59551124443381],[127.00057608551394,37.595525966599105],[127.00056461406766,37.5955989912654],[127.0006390518837,37.59574310424284],[127.00068399362858,37.595797109552564],[127.00069335762933,37.59583426619975],[127.0007876804445,37.59591062521789],[127.00076924535064,37.59597536981289],[127.00089111842954,37.59602787086236],[127.00091197586777,37.59605729710875],[127.0008822171355,37.596158324285696],[127.00086469830678,37.59633175459246],[127.00106243921466,37.59636280343078],[127.00133287664563,37.59644864991798],[127.00138815792585,37.59633636937409],[127.00140394289873,37.59626695758691],[127.00135066641181,37.59617146223221],[127.00157506233005,37.59609368039331],[127.00157965961775,37.59607980523768],[127.00147034374537,37.59581481683638],[127.00164579879446,37.59562528577617],[127.0017122439934,37.59559679657051],[127.00202550344842,37.59556459447321],[127.00195383779368,37.59549791292748]]]},"properties":{"projectName":"성북3","projectType":"신속통합기획","programTags":["fast_track_planning"],"stageName":"대상지선정(추진중)","districtCode":"11290","districtName":"성북구","regionName":"서울특별시 성북구","areaSquareMeters":67308.0,"noticeDate":"","bounds":[126.999252,37.592689,127.003322,37.596449],"sourceName":"서울특별시 도시계획사업 현황(서울플랜+) 공간정보 OA-22712","sourceUrl":"https://data.seoul.go.kr/dataList/OA-22712/F/1/datasetView.do","sourceLicense":"공공누리 제4유형(출처표시·상업적이용금지·변경금지)","sourceBaseDate":"2026-02"}},{"type":"Feature","id":"11000UQ120PS202407010880","geometry":{"type":"Polygon","coordinates":[[[127.05147907976554,37.539642075374076],[127.05095100895161,37.539152148594],[127.05141159471448,37.538917137290284],[127.05155421755656,37.538873850022185],[127.05025551261508,37.53622351068536],[127.04538849314787,37.53759275962997],[127.04541013033071,37.53764167010002],[127.04543215772377,37.537636264062755],[127.04559427027606,37.53782070178994],[127.04569138405382,37.53801954526653],[127.04570848803124,37.53801709177113],[127.04598708241025,37.53845607343593],[127.04647728363464,37.53916048307552],[127.0465776948653,37.53924588233786],[127.04669673692108,37.53948258619089],[127.04643522471508,37.53957234552248],[127.04650713941886,37.53973590056364],[127.04611833405556,37.539852877946],[127.04656406919318,37.54099823331775],[127.04802082062234,37.54052431698343],[127.05068279833004,37.53985959471921],[127.05147907976554,37.539642075374076]]]},"properties":{"projectName":"성수전략정비지구1","projectType":"신속통합기획","programTags":["fast_track_planning"],"stageName":"기획완료","districtCode":"11200","districtName":"성동구","regionName":"서울특별시 성동구","areaSquareMeters":194398.0,"noticeDate":"","bounds":[127.045388,37.536224,127.051554,37.540998],"sourceName":"서울특별시 도시계획사업 현황(서울플랜+) 공간정보 OA-22712","sourceUrl":"https://data.seoul.go.kr/dataList/OA-22712/F/1/datasetView.do","sourceLicense":"공공누리 제4유형(출처표시·상업적이용금지·변경금지)","sourceBaseDate":"2026-02"}},{"type":"Feature","id":"11000UQ120PS202407010881","geometry":{"type":"Polygon","coordinates":[[[127.05025551261508,37.53622351068536],[127.05155421755656,37.538873850022185],[127.05141159471448,37.538917137290284],[127.05095100895161,37.539152148594],[127.05147907976554,37.539642075374076],[127.05484139508957,37.53876058303467],[127.05341761532345,37.53534527090971],[127.05025551261508,37.53622351068536]]]},"properties":{"projectName":"성수전략정비지구2","projectType":"신속통합기획","programTags":["fast_track_planning"],"stageName":"기획완료","districtCode":"11200","districtName":"성동구","regionName":"서울특별시 성동구","areaSquareMeters":131980.0,"noticeDate":"","bounds":[127.050256,37.535345,127.054841,37.539642],"sourceName":"서울특별시 도시계획사업 현황(서울플랜+) 공간정보 OA-22712","sourceUrl":"https://data.seoul.go.kr/dataList/OA-22712/F/1/datasetView.do","sourceLicense":"공공누리 제4유형(출처표시·상업적이용금지·변경금지)","sourceBaseDate":"2026-02"}},{"type":"Feature","id":"11000UQ120PS202407010882","geometry":{"type":"Polygon","coordinates":[[[127.05484139508957,37.53876058303467],[127.05768750216951,37.53801858004471],[127.0568053197841,37.53648222492969],[127.05649974259232,37.536397923813965],[127.05650829900026,37.53636622739882],[127.05668122195813,37.536249434813925],[127.05632416961168,37.53523667929579],[127.05616641062227,37.53459836260684],[127.05341761532345,37.53534527090971],[127.05484139508957,37.53876058303467]]]},"properties":{"projectName":"성수전략정비지구3","projectType":"신속통합기획","programTags":["fast_track_planning"],"stageName":"기획완료","districtCode":"11200","districtName":"성동구","regionName":"서울특별시 성동구","areaSquareMeters":114193.0,"noticeDate":"","bounds":[127.053418,37.534598,127.057688,37.538761],"sourceName":"서울특별시 도시계획사업 현황(서울플랜+) 공간정보 OA-22712","sourceUrl":"https://data.seoul.go.kr/dataList/OA-22712/F/1/datasetView.do","sourceLicense":"공공누리 제4유형(출처표시·상업적이용금지·변경금지)","sourceBaseDate":"2026-02"}},{"type":"Feature","id":"11000UQ120PS202407010883","geometry":{"type":"Polygon","coordinates":[[[127.05768750103805,37.538018580045254],[127.05866796756624,37.53776842831839],[127.0584448920821,37.53771228346944],[127.05801706753186,37.5376439873307],[127.05781496585183,37.537627386644104],[127.05802218700387,37.536869716603476],[127.05804684639763,37.53670877754098],[127.05844820139639,37.536760956770244],[127.0584720185367,37.53674348584422],[127.05845855494297,37.536592434549036],[127.0585481580838,37.53659087223969],[127.05856159470828,37.53670776509052],[127.05881709458228,37.53674786894089],[127.05887033655351,37.53657021682774],[127.05907722511617,37.53661641730724],[127.05938713805622,37.53675593418973],[127.05941289075251,37.53677489828271],[127.05958888891534,37.537530859380006],[127.06075161008566,37.53723194606165],[127.06081823281137,37.53710286701335],[127.0601805616223,37.5359774685627],[127.06006126336443,37.53579762555922],[127.05989430266621,37.5356155291885],[127.05975981481733,37.53551084341707],[127.05962248536912,37.535429691029236],[127.05782413622146,37.53468971588145],[127.05741605002206,37.53454568863169],[127.05724063290627,37.53451047691403],[127.05722915964982,37.53446531643048],[127.05712622817093,37.53448586163849],[127.05666918530694,37.53451416802412],[127.05637181080449,37.53454998765626],[127.05616595320116,37.53459790781687],[127.05632562420107,37.5352422963137],[127.05668122195813,37.536249434813925],[127.05650829900026,37.53636622739882],[127.05649974372308,37.53639792291245],[127.0568053197841,37.53648222492969],[127.05768750103805,37.538018580045254]]]},"properties":{"projectName":"성수전략정비지구4","projectType":"신속통합기획","programTags":["fast_track_planning"],"stageName":"기획완료","districtCode":"11200","districtName":"성동구","regionName":"서울특별시 성동구","areaSquareMeters":89828.0,"noticeDate":"","bounds":[127.056166,37.534465,127.060818,37.538019],"sourceName":"서울특별시 도시계획사업 현황(서울플랜+) 공간정보 OA-22712","sourceUrl":"https://data.seoul.go.kr/dataList/OA-22712/F/1/datasetView.do","sourceLicense":"공공누리 제4유형(출처표시·상업적이용금지·변경금지)","sourceBaseDate":"2026-02"}},{"type":"Feature","id":"11000UQ120PS202407010872","geometry":{"type":"Polygon","coordinates":[[[127.1160284220902,37.50649261564021],[127.1176577125135,37.50560112977588],[127.11742069621253,37.50523762086406],[127.1177124813472,37.50413310582407],[127.1179567810021,37.50394449459907],[127.117360593049,37.50330204042953],[127.11648087669899,37.503829041047275],[127.1162848584669,37.50360838988399],[127.11470446524648,37.504467332899075],[127.11510478022018,37.50499307360679],[127.1160284220902,37.50649261564021]]]},"properties":{"projectName":"송파 한양2차","projectType":"신속통합기획","programTags":["fast_track_planning"],"stageName":"기획완료","districtCode":"11710","districtName":"송파구","regionName":"서울특별시 송파구","areaSquareMeters":62370.0,"noticeDate":"","bounds":[127.114704,37.503302,127.117957,37.506493],"sourceName":"서울특별시 도시계획사업 현황(서울플랜+) 공간정보 OA-22712","sourceUrl":"https://data.seoul.go.kr/dataList/OA-22712/F/1/datasetView.do","sourceLicense":"공공누리 제4유형(출처표시·상업적이용금지·변경금지)","sourceBaseDate":"2026-02"}},{"type":"Feature","id":"11000UQ120PS202502050014","geometry":{"type":"Polygon","coordinates":[[[127.115830327412,37.50653679598689],[127.11504773011168,37.50528146117458],[127.11454616115346,37.50553116705165],[127.11401430923941,37.50488160500122],[127.11454479672337,37.50460357335621],[127.11446625250284,37.50451392713447],[127.11418266654142,37.504702686634594],[127.11350224081113,37.50405382240078],[127.11290803211267,37.50446354615122],[127.11254620766005,37.50442186333339],[127.11262619410644,37.504517113683626],[127.11265497362496,37.50462935091868],[127.11262833676425,37.504741910578396],[127.11258150123535,37.50480889874277],[127.11251473702573,37.50486751732659],[127.11293619004584,37.50525695520077],[127.11263401601164,37.50544522393515],[127.11262854076826,37.505490098760845],[127.11382483298163,37.50659115765707],[127.11436066190167,37.507246032449025],[127.1144158690706,37.50725571047048],[127.115830327412,37.50653679598689]]]},"properties":{"projectName":"송파한양1차","projectType":"신속통합기획","programTags":["fast_track_planning"],"stageName":"기획완료","districtCode":"11710","districtName":"송파구","regionName":"서울특별시 송파구","areaSquareMeters":46729.0,"noticeDate":"","bounds":[127.112515,37.504054,127.11583,37.507256],"sourceName":"서울특별시 도시계획사업 현황(서울플랜+) 공간정보 OA-22712","sourceUrl":"https://data.seoul.go.kr/dataList/OA-22712/F/1/datasetView.do","sourceLicense":"공공누리 제4유형(출처표시·상업적이용금지·변경금지)","sourceBaseDate":"2026-02"}},{"type":"Feature","id":"11000UQ120PS202601310032","geometry":{"type":"Polygon","coordinates":[[[127.01537986768484,37.57948539280039],[127.0154109911126,37.579985400608756],[127.01539431151461,37.580330813738975],[127.01557407365598,37.580308709297256],[127.01562330460321,37.57986682363456],[127.01571700194492,37.57971563588015],[127.01588853071202,37.579626831916045],[127.016467206056,37.57949413484574],[127.01675628333166,37.57954259799359],[127.01680037915494,37.5796026880949],[127.01688383547531,37.579596154120196],[127.01707340635478,37.57971678940857],[127.01712365916491,37.579767517326346],[127.01715998072306,37.57984093390841],[127.01717232006285,37.580054961607324],[127.01729518219345,37.580195445077486],[127.01753543696051,37.579723304830694],[127.01754720114042,37.57973145716186],[127.01765300752913,37.57968404184945],[127.01783176433649,37.57957854780321],[127.01797391863583,37.57951721594184],[127.01830025895235,37.57903270051793],[127.01818828033528,37.578657185153965],[127.01794952689005,37.5787660668217],[127.01786020741817,37.5786689438481],[127.01781795185474,37.578691068911986],[127.01766652137856,37.57856776266675],[127.01755791444127,37.57853483739899],[127.0175418221362,37.57856182413518],[127.017338655815,37.57864849041277],[127.01739857943846,37.578768637947874],[127.01730831690787,37.57886632601586],[127.0174802509238,37.5789438418042],[127.01733161502416,37.57891956219726],[127.01725174344365,37.57895734222747],[127.01708492937571,37.57883863232276],[127.01697345411833,37.5787862275658],[127.01696291617995,37.57879447297262],[127.01668096540281,37.578537358917494],[127.01663719775806,37.57847307913044],[127.01668387725692,37.578381848240305],[127.01677563768662,37.578355996118816],[127.01678430906108,37.57829912471655],[127.01683895867605,37.578266276671464],[127.01703184918696,37.57825263757338],[127.01704806631756,37.57817200613876],[127.01730306436365,37.57800963252858],[127.01736366227756,37.577574826203644],[127.01722745011521,37.577561464752],[127.01647143018768,37.577633047220964],[127.01648260480478,37.57752581936268],[127.016437127288,37.57751213011822],[127.01580766491658,37.57802412165165],[127.01577101108981,37.578037073262],[127.01574881722784,37.578068367209234],[127.0157204275046,37.57808157008369],[127.01547040781305,37.57806690480081],[127.01537986768484,37.57948539280039]]]},"properties":{"projectName":"숭인동 56","projectType":"신속통합기획","programTags":["fast_track_planning"],"stageName":"기획완료","districtCode":"11110","districtName":"종로구","regionName":"서울특별시 종로구","areaSquareMeters":42402.0,"noticeDate":"","bounds":[127.01538,37.577512,127.0183,37.580331],"sourceName":"서울특별시 도시계획사업 현황(서울플랜+) 공간정보 OA-22712","sourceUrl":"https://data.seoul.go.kr/dataList/OA-22712/F/1/datasetView.do","sourceLicense":"공공누리 제4유형(출처표시·상업적이용금지·변경금지)","sourceBaseDate":"2026-02"}},{"type":"Feature","id":"11000UQ120PS202407010898","geometry":{"type":"Polygon","coordinates":[[[126.90796123464331,37.45655301509913],[126.90575557859295,37.45626680128498],[126.90525077802702,37.45879425063323],[126.90578259547394,37.458861447061544],[126.90590731853784,37.45890731906364],[126.90644337181374,37.45937951755035],[126.90649977531113,37.459377310397926],[126.90675216407453,37.45917968484753],[126.90701935242697,37.459277562282736],[126.90710024114797,37.459326434353095],[126.90764515321759,37.45923037081085],[126.90782071535949,37.45913589291667],[126.90800023194022,37.45934544930853],[126.90804478024991,37.459351151868674],[126.90812933446006,37.45916155722461],[126.90814699616544,37.45906511862512],[126.90815653851789,37.45873547555942],[126.90810815364657,37.45856138122596],[126.90805894006556,37.458481206953735],[126.90805632881177,37.45842699142961],[126.90807265800498,37.45838403542159],[126.90819966015194,37.458324489246635],[126.9082000541951,37.458280250220525],[126.90824903202899,37.4582344529631],[126.9082653059685,37.458069286386404],[126.90823412550675,37.4578755457311],[126.90819731862058,37.45784389140296],[126.90823716978716,37.45769949177429],[126.90781332763636,37.457779931591915],[126.90769445285066,37.45778500004319],[126.90764946869555,37.45771279383126],[126.90765615028792,37.457666118072694],[126.90755807919001,37.4574307336975],[126.90757587521779,37.457425963507376],[126.90745405454904,37.45716650332381],[126.90741391128077,37.45703788894351],[126.90743412443162,37.45697115858322],[126.90750164850239,37.45689602344471],[126.90758736048026,37.45684596868307],[126.90776358471794,37.45680249094785],[126.90787592684299,37.45671449775343],[126.90796123464331,37.45655301509913]]]},"properties":{"projectName":"시흥1구역","projectType":"신속통합기획","programTags":["fast_track_planning"],"stageName":"기획완료","districtCode":"11545","districtName":"금천구","regionName":"서울특별시 금천구","areaSquareMeters":68202.0,"noticeDate":"","bounds":[126.905251,37.456267,126.908265,37.45938],"sourceName":"서울특별시 도시계획사업 현황(서울플랜+) 공간정보 OA-22712","sourceUrl":"https://data.seoul.go.kr/dataList/OA-22712/F/1/datasetView.do","sourceLicense":"공공누리 제4유형(출처표시·상업적이용금지·변경금지)","sourceBaseDate":"2026-02"}},{"type":"Feature","id":"11000UQ120PS202411014519","geometry":{"type":"Polygon","coordinates":[[[126.90577130784939,37.50800571138996],[126.90675096357916,37.50659216984406],[126.90687401226913,37.50638815653355],[126.90602763439816,37.506020517182996],[126.90532631327052,37.50574001730238],[126.90526477443089,37.50575965397449],[126.9047071918825,37.50659277417099],[126.90440142889777,37.50702130784454],[126.90436190760141,37.50710326610351],[126.90393604358697,37.50769387018832],[126.90436384058897,37.50788081029683],[126.90460487797584,37.50751526828424],[126.90577130784939,37.50800571138996]]]},"properties":{"projectName":"신길16-2","projectType":"신속통합기획","programTags":["fast_track_planning"],"stageName":"기획완료","districtCode":"11560","districtName":"영등포구","regionName":"서울특별시 영등포구","areaSquareMeters":34254.0,"noticeDate":"","bounds":[126.903936,37.50574,126.906874,37.508006],"sourceName":"서울특별시 도시계획사업 현황(서울플랜+) 공간정보 OA-22712","sourceUrl":"https://data.seoul.go.kr/dataList/OA-22712/F/1/datasetView.do","sourceLicense":"공공누리 제4유형(출처표시·상업적이용금지·변경금지)","sourceBaseDate":"2026-02"}},{"type":"Feature","id":"11000UQ120PS202505310027","geometry":{"type":"Polygon","coordinates":[[[126.90832754390743,37.49780388135761],[126.90904927397325,37.497989964082514],[126.90912935560931,37.49703061616609],[126.9099934118519,37.496917285296085],[126.90963678878738,37.49665066419834],[126.90948407672809,37.4965709420795],[126.90916422328097,37.49645813068577],[126.90897341607261,37.496551171703246],[126.90891197195208,37.49660172365925],[126.90862310869751,37.496658656261324],[126.90853078739532,37.49665852056592],[126.90846802882567,37.49663800045912],[126.9083309406919,37.497773177998965],[126.90832754390743,37.49780388135761]]]},"properties":{"projectName":"신길우성3차","projectType":"신속통합기획","programTags":["fast_track_planning"],"stageName":"대상지선정(추진중)","districtCode":"11560","districtName":"영등포구","regionName":"서울특별시 영등포구","areaSquareMeters":23324.0,"noticeDate":"","bounds":[126.908328,37.496458,126.909993,37.49799],"sourceName":"서울특별시 도시계획사업 현황(서울플랜+) 공간정보 OA-22712","sourceUrl":"https://data.seoul.go.kr/dataList/OA-22712/F/1/datasetView.do","sourceLicense":"공공누리 제4유형(출처표시·상업적이용금지·변경금지)","sourceBaseDate":"2026-02"}},{"type":"Feature","id":"11000UQ120PS202601310034","geometry":{"type":"Polygon","coordinates":[[[126.91754622737814,37.51298226928423],[126.91744788123906,37.513031366711886],[126.91746509843644,37.51319087335921],[126.91744418777282,37.51323852119104],[126.91745124731199,37.51329764059212],[126.91751735882117,37.51341924105137],[126.91749657583506,37.5135144075322],[126.91742460190014,37.51353692627683],[126.91737790486509,37.51361245058264],[126.91738992866222,37.513622270997104],[126.91674767028232,37.51380571962264],[126.91671128432692,37.513742528254625],[126.91665093313372,37.5135492031672],[126.91660914056679,37.51354810094876],[126.91583315908665,37.51400014714287],[126.91581972510564,37.51404658375794],[126.91596889314766,37.51420623129756],[126.91598692320689,37.51424560888175],[126.9159817233512,37.51454014079558],[126.91600106592212,37.51458913295565],[126.91641900583103,37.51496130294723],[126.916835843233,37.51474117378529],[126.91677201942642,37.51464700093857],[126.91674481002661,37.51453252786261],[126.91718008833656,37.514396401573705],[126.91726507405859,37.514552163383556],[126.91736196475185,37.51464271049321],[126.91755656316504,37.51473120966991],[126.9178575295451,37.514629052014875],[126.9179471755658,37.51456301838623],[126.91774924959827,37.51437517364193],[126.91771627544908,37.514367275546434],[126.91773086422154,37.514278411621426],[126.91778828819993,37.514158763989364],[126.91780770638967,37.514019483720084],[126.91789591038965,37.51400848195766],[126.91832605135079,37.51374739761785],[126.91799838509367,37.51331055255157],[126.91801279034203,37.51329456103875],[126.91799221315881,37.513276688741236],[126.91798393978308,37.51329144121281],[126.91760456832046,37.512911807765796],[126.91754622737814,37.51298226928423]]]},"properties":{"projectName":"신길우성4차","projectType":"신속통합기획","programTags":["fast_track_planning"],"stageName":"대상지선정(추진중)","districtCode":"11560","districtName":"영등포구","regionName":"서울특별시 영등포구","areaSquareMeters":22537.0,"noticeDate":"","bounds":[126.91582,37.512912,126.918326,37.514961],"sourceName":"서울특별시 도시계획사업 현황(서울플랜+) 공간정보 OA-22712","sourceUrl":"https://data.seoul.go.kr/dataList/OA-22712/F/1/datasetView.do","sourceLicense":"공공누리 제4유형(출처표시·상업적이용금지·변경금지)","sourceBaseDate":"2026-02"}},{"type":"Feature","id":"11000UQ120PS202601310016","geometry":{"type":"Polygon","coordinates":[[[126.92533331127673,37.49392698941708],[126.92558312389126,37.49472268766186],[126.92523409203889,37.49483083502239],[126.92490002184293,37.49508089844214],[126.92488816593347,37.4952186084925],[126.9261353716453,37.49531230385741],[126.92613449294971,37.495365237002986],[126.92628234593802,37.49544546611955],[126.92730143390993,37.495299957777846],[126.92711927421634,37.49452353498447],[126.92696380664347,37.49441440704771],[126.92694645207781,37.4943542633951],[126.92689118992773,37.494285941757134],[126.92684789141599,37.49426338040505],[126.92665501511419,37.49402114178078],[126.92659451235585,37.49390175703952],[126.92660120833429,37.49388875986302],[126.92657644557873,37.49389163907016],[126.92657290314459,37.49366380738743],[126.92651007182621,37.49348743289806],[126.92648492422717,37.493480642314864],[126.92651970092959,37.493481339243814],[126.92656102260052,37.493218408743985],[126.92636361116517,37.49329649010099],[126.92630693815231,37.49327197387999],[126.92626742832674,37.49328906771454],[126.92622126812067,37.493273703293255],[126.92558692538383,37.49367069218431],[126.92533331127673,37.49392698941708]]]},"properties":{"projectName":"신대방3","projectType":"신속통합기획","programTags":["fast_track_planning"],"stageName":"대상지선정(추진중)","districtCode":"11590","districtName":"동작구","regionName":"서울특별시 동작구","areaSquareMeters":29461.0,"noticeDate":"","bounds":[126.924888,37.493218,126.927301,37.495445],"sourceName":"서울특별시 도시계획사업 현황(서울플랜+) 공간정보 OA-22712","sourceUrl":"https://data.seoul.go.kr/dataList/OA-22712/F/1/datasetView.do","sourceLicense":"공공누리 제4유형(출처표시·상업적이용금지·변경금지)","sourceBaseDate":"2026-02"}},{"type":"Feature","id":"11000UQ120PS202505310009","geometry":{"type":"Polygon","coordinates":[[[126.92291031758508,37.47347915714938],[126.92250332726215,37.47338599235489],[126.92192270664404,37.47349561512323],[126.92182660306557,37.47360822973615],[126.92116738205611,37.47323233556373],[126.92124670344978,37.47321551369153],[126.92098417933028,37.472965730314094],[126.92044751275222,37.47267767320882],[126.92040301246837,37.47266118135272],[126.92006587901722,37.47268504227502],[126.91989953727818,37.472646797071754],[126.91975520472634,37.472568237982614],[126.91956298314616,37.47257483532168],[126.91933937981642,37.4726431832748],[126.91921819048223,37.47276917624386],[126.91908126263213,37.47294832627454],[126.91875344590913,37.47409706461662],[126.91871121223245,37.47445422843987],[126.9186849502514,37.47450583747277],[126.91885479469838,37.474559205646024],[126.91882205221536,37.474623595399095],[126.91901397707625,37.47468607891647],[126.91902289300909,37.47466892104552],[126.919441217094,37.47481991669575],[126.91942040034068,37.47486605788363],[126.91922895628808,37.475013932381984],[126.91903194578153,37.475206213084476],[126.91902939529196,37.475233007112685],[126.91919880284178,37.475377222541525],[126.92230511731924,37.4771050440643],[126.9223313113142,37.47710566529149],[126.92295194839727,37.4764455459174],[126.9233038944408,37.47663845869153],[126.9233336904498,37.4766312091241],[126.9234048988054,37.47669046827258],[126.92386518811027,37.476949719638476],[126.9237437259759,37.47708864635664],[126.9238208281933,37.47716577780156],[126.9239704253026,37.47700899359181],[126.9240959886655,37.47708031815728],[126.92444846898258,37.47676088204299],[126.92490316801575,37.47658636528954],[126.92522088453106,37.47632802828511],[126.92515944213567,37.47629281347377],[126.92563145550491,37.47573894710793],[126.9254657593887,37.475645379620246],[126.92546157552654,37.47560167831694],[126.92574445426571,37.475287851728005],[126.92568100568364,37.474866727571246],[126.92570425771672,37.47475728871869],[126.92561060141847,37.4745052632655],[126.92404713864556,37.4736402953533],[126.92393188644684,37.47363912952805],[126.92381264684327,37.4736130122072],[126.92328229752758,37.47343147066267],[126.92291031758508,37.47347915714938]]]},"properties":{"projectName":"신림10구역","projectType":"신속통합기획","programTags":["fast_track_planning"],"stageName":"대상지선정(추진중)","districtCode":"11620","districtName":"관악구","regionName":"서울특별시 관악구","areaSquareMeters":196841.0,"noticeDate":"","bounds":[126.918685,37.472568,126.925744,37.477166],"sourceName":"서울특별시 도시계획사업 현황(서울플랜+) 공간정보 OA-22712","sourceUrl":"https://data.seoul.go.kr/dataList/OA-22712/F/1/datasetView.do","sourceLicense":"공공누리 제4유형(출처표시·상업적이용금지·변경금지)","sourceBaseDate":"2026-02"}},{"type":"Feature","id":"11000UQ120PS202407010858","geometry":{"type":"Polygon","coordinates":[[[126.93375510858185,37.4713538781454],[126.93176944562163,37.467723481784596],[126.93165599469756,37.46755763012142],[126.93147470303805,37.46719243616174],[126.93137315581703,37.46684589498559],[126.93129400893483,37.466867039588706],[126.93119377847577,37.46682975952759],[126.93114078071042,37.46683533222203],[126.93107957148194,37.466749673377436],[126.93100251531898,37.466735256416804],[126.93088156357291,37.466615620997565],[126.93081573246361,37.46662503316117],[126.93004191969635,37.46691891658145],[126.92990185162417,37.4669206518126],[126.92969200887062,37.46695344713762],[126.92928947999664,37.46685674666785],[126.92915955440094,37.46680865540867],[126.92906711438141,37.46686411861956],[126.92920036609455,37.46701499220261],[126.92921778942014,37.46706951358202],[126.92921102095139,37.46712553384558],[126.92915079754493,37.46722709414939],[126.92914273210157,37.46737377259304],[126.9291527058304,37.46744036286397],[126.92925204039858,37.46763310325536],[126.92921588875798,37.46762289980364],[126.92921253547132,37.46764222427778],[126.92923455734525,37.4676522028482],[126.92926142169007,37.467739877908755],[126.92922529337538,37.46788736540424],[126.9292314805264,37.46795968643151],[126.92932167593217,37.46811202016243],[126.92933923085636,37.46817110968177],[126.92933789420562,37.46822102445612],[126.92929678440937,37.468323524520976],[126.92919571559055,37.46834586165825],[126.92904007828659,37.46834843328066],[126.9289690947715,37.4684004857435],[126.92892595618424,37.468344218620345],[126.92880124378243,37.46826829548155],[126.92855174592054,37.46818077139747],[126.92851409945482,37.46818478464329],[126.92841604685398,37.46824392896773],[126.92814421769081,37.46830164998084],[126.92800513762172,37.468476166295865],[126.9281332159197,37.46869782335015],[126.9282537705682,37.468794719968805],[126.92836769809766,37.46884847232149],[126.92834600230333,37.46893282884216],[126.92828999826645,37.468959184540566],[126.92816289969869,37.4689764410211],[126.92798612726455,37.468962311552396],[126.92796765287866,37.469092648204544],[126.92810020461216,37.46908255829858],[126.92817648377128,37.469107383252634],[126.9282449490476,37.46920449080662],[126.92820899582529,37.469256717689525],[126.92827475545099,37.469334866436846],[126.92836508724375,37.469346923750535],[126.92835453115215,37.46939119251585],[126.92837267793222,37.46942245955182],[126.9283643417786,37.46949711152069],[126.92832317195193,37.46953155841271],[126.92834727723037,37.46967766200236],[126.92812244438691,37.46971404024167],[126.92782907846743,37.46982577128646],[126.92783080203934,37.46978580385977],[126.92781231002277,37.469783927251434],[126.92771311523568,37.46981784217377],[126.92772627492828,37.46989685936035],[126.92819142280926,37.46983023138305],[126.92836522292316,37.4698689651006],[126.9284541311051,37.46992740510768],[126.92865836195968,37.470130148787824],[126.9285162659525,37.470246524761265],[126.92832513823501,37.47034389507841],[126.92789465783149,37.47045671257578],[126.9279482449008,37.47054477394895],[126.92799703442535,37.47057864869065],[126.92801957458671,37.47070887116849],[126.92795615862798,37.47071718581106],[126.9278670031273,37.470679828754285],[126.92779796846085,37.47067013506616],[126.92768611450376,37.4706975557416],[126.9276228734351,37.47074752188335],[126.92757951695096,37.47080885307169],[126.92747289322746,37.47088905667284],[126.92751767522522,37.47092990916976],[126.92769788157683,37.47080189924481],[126.92785821215948,37.47076803147344],[126.92914743811164,37.47081784258326],[126.92921100116604,37.47085511093717],[126.92921464883159,37.47105846955013],[126.92927522801455,37.47118942233333],[126.9294051401647,37.47140069677445],[126.92945440197533,37.47142784701325],[126.92965382833493,37.47164952507559],[126.92981085755483,37.4717590923158],[126.92980623225773,37.47186739005648],[126.9297886797041,37.47189918480552],[126.92980671724972,37.47242475070678],[126.92976916995374,37.4724411261671],[126.92968900554102,37.472412028237734],[126.9296636962505,37.472441872985165],[126.92976416117517,37.47247743353841],[126.92985574733221,37.47245865815422],[126.92991647823203,37.47256327435935],[126.9300119446547,37.47267223636791],[126.93008364069868,37.4727183660195],[126.93011666215524,37.472706204418536],[126.93021873978617,37.47260361480515],[126.93042457929566,37.47245739794452],[126.93063609085587,37.472193684344965],[126.93064680008787,37.47210594210109],[126.93074599291596,37.47200396297295],[126.93104424023538,37.47180269498408],[126.93115587305,37.47175476507862],[126.9311793182737,37.47168295108352],[126.93128749453567,37.47161981907589],[126.93131565895145,37.47153019502833],[126.93141275837701,37.47148310588907],[126.93179123274348,37.47151639390927],[126.93232082580253,37.47159399322764],[126.93243480309847,37.47163829915535],[126.93257601253495,37.471732689595086],[126.9326255899126,37.47178701294289],[126.93272205603265,37.47200487757914],[126.93276376619514,37.47204626689522],[126.9324752588409,37.4722565729565],[126.93241955536183,37.47239741219084],[126.93220296106587,37.472711492049534],[126.93205642860207,37.47300494369361],[126.93196378548163,37.473151662543714],[126.93189807471715,37.47322030728489],[126.93180010985476,37.473265966406274],[126.93173053998021,37.47326585326222],[126.9316144198959,37.4733109518947],[126.93153901282061,37.47329072480523],[126.93141564945083,37.47330810411062],[126.9312558361189,37.473421767992996],[126.93117148004254,37.47346071500423],[126.93113121175872,37.4734369676268],[126.93098260791761,37.47346251254712],[126.93090041177167,37.47355699665392],[126.93083193106881,37.473816570603056],[126.93082928659173,37.47387566578064],[126.93080296835407,37.47387604647584],[126.93079143647927,37.47399692708925],[126.93082335294129,37.47415022474038],[126.93089139995132,37.47418614154742],[126.93081600956101,37.47426509816934],[126.93086909235556,37.474318919766596],[126.93093520139206,37.47434571904548],[126.93070730569784,37.47445163070111],[126.93071919614923,37.474669950724525],[126.9309808017468,37.47478309287366],[126.93148227822672,37.474679415458695],[126.93197023879553,37.474520136106385],[126.93202487862149,37.474236442561114],[126.93208070131683,37.47401789215742],[126.93212421242909,37.473909617206935],[126.93213606127529,37.47382262335444],[126.93221260739949,37.47382209162969],[126.93277794341267,37.47419306725737],[126.93284323777179,37.47414713607059],[126.93290635979302,37.47406596537607],[126.93294561243586,37.47403921937361],[126.93293909994865,37.47395351222986],[126.93297892607097,37.473868147320324],[126.932979582007,37.47383072906301],[126.93287763827628,37.47383863475655],[126.93280510640581,37.473307001049754],[126.93282963233608,37.47274478961094],[126.93296317884142,37.4723944942035],[126.933072296986,37.472426092552375],[126.93321614750286,37.47208034386121],[126.93331553662554,37.471907742081285],[126.93349230221996,37.4717011538976],[126.93368529787206,37.47154719333151],[126.93375510858185,37.4713538781454]]]},"properties":{"projectName":"신림1구역","projectType":"신속통합기획","programTags":["fast_track_planning"],"stageName":"기획완료","districtCode":"11620","districtName":"관악구","regionName":"서울특별시 관악구","areaSquareMeters":218783.0,"noticeDate":"","bounds":[126.927473,37.466616,126.933755,37.474783],"sourceName":"서울특별시 도시계획사업 현황(서울플랜+) 공간정보 OA-22712","sourceUrl":"https://data.seoul.go.kr/dataList/OA-22712/F/1/datasetView.do","sourceLicense":"공공누리 제4유형(출처표시·상업적이용금지·변경금지)","sourceBaseDate":"2026-02"}},{"type":"Feature","id":"11000UQ120PS202505310008","geometry":{"type":"Polygon","coordinates":[[[126.93340201970149,37.46613852973789],[126.93362387097382,37.46595957388207],[126.9337742816455,37.46410178103421],[126.93354942001993,37.463929055582405],[126.9332746369425,37.46390045253423],[126.93327658384992,37.46387258560079],[126.93307853744906,37.463561534548056],[126.9326533804966,37.463823641970244],[126.9324889760834,37.463942478604146],[126.93221319072366,37.46409393817267],[126.9320883582978,37.46418853340241],[126.93202834117807,37.46418386696813],[126.93195486738404,37.46413638587984],[126.93193502104903,37.46404824698688],[126.9319266212654,37.463866716743425],[126.93176729476758,37.46385964904721],[126.93157307840595,37.465644522267546],[126.93169854078592,37.465775332110994],[126.93188157891831,37.46586373847817],[126.93233749081104,37.46595095310208],[126.93232852175883,37.46599338513053],[126.93237026825753,37.466077383116804],[126.93259035426753,37.466075349273574],[126.93340201970149,37.46613852973789]]]},"properties":{"projectName":"신림4구역","projectType":"신속통합기획","programTags":["fast_track_planning"],"stageName":"대상지선정(추진중)","districtCode":"11620","districtName":"관악구","regionName":"서울특별시 관악구","areaSquareMeters":40437.0,"noticeDate":"","bounds":[126.931573,37.463562,126.933774,37.466139],"sourceName":"서울특별시 도시계획사업 현황(서울플랜+) 공간정보 OA-22712","sourceUrl":"https://data.seoul.go.kr/dataList/OA-22712/F/1/datasetView.do","sourceLicense":"공공누리 제4유형(출처표시·상업적이용금지·변경금지)","sourceBaseDate":"2026-02"}},{"type":"Feature","id":"11000UQ120PS202407010924","geometry":{"type":"Polygon","coordinates":[[[126.92842846197128,37.479275204098165],[126.9287727761191,37.47923090707826],[126.92881410864297,37.47881205678985],[126.92884613971371,37.47877486511815],[126.93010140955656,37.47829809944383],[126.93015475772204,37.47831308830493],[126.93035861782896,37.47864955524011],[126.93092772145104,37.47843338583021],[126.93094218445707,37.47844208913724],[126.93128337817139,37.47833181157088],[126.93128334956775,37.4783140528065],[126.93139816289195,37.47832084246548],[126.93137742514425,37.47822515006272],[126.93230334311944,37.47755263223899],[126.93488688673354,37.47709090216676],[126.93493672119173,37.47729460177831],[126.93493117421713,37.47736655357903],[126.93494096437294,37.47732873502848],[126.93550798110302,37.477235194838954],[126.93542026153384,37.476003538895235],[126.93536831946348,37.47584329360387],[126.93531060888417,37.47572498671168],[126.93516890497432,37.47562766205408],[126.9348326164448,37.475531861096655],[126.93467808370269,37.4758250923941],[126.9345706626476,37.47597585936873],[126.93449390834338,37.47596653553688],[126.93450151189526,37.47593401366693],[126.9341887750765,37.47584571787219],[126.93379205005519,37.47584038158435],[126.93352651313697,37.475847591192036],[126.93281549530015,37.47600611675993],[126.93279896930703,37.4759048344958],[126.93275442108566,37.47591093539716],[126.93253970945649,37.47581530401985],[126.93233949049261,37.47581906128929],[126.93233710468778,37.47583176402485],[126.93225884704593,37.47585937895473],[126.93225207710213,37.47591123577678],[126.93210593909872,37.475925603005145],[126.93208193930073,37.47583873228606],[126.9319229292485,37.4758458098237],[126.93181195825403,37.47591764439854],[126.93157777190365,37.47597652167435],[126.93136600479866,37.47593120277646],[126.93121859919437,37.47567405922574],[126.93101528856167,37.47547923150163],[126.93084633639073,37.47541533961627],[126.9303982459026,37.47543224299297],[126.93041391535692,37.47541381881553],[126.93022886235332,37.47534708630951],[126.93024911362113,37.47533124088335],[126.93018745721228,37.475311418571856],[126.93025331104323,37.47525046044433],[126.93002575509578,37.475144138964836],[126.92969544812925,37.47526774540767],[126.92959055444567,37.47524894075962],[126.92955470698735,37.47525955076279],[126.92940826919461,37.47535022937335],[126.92935846051574,37.475460048272716],[126.92927110470906,37.475454968205995],[126.92876050866774,37.47551715656789],[126.92863172255862,37.475560009964894],[126.92833831002628,37.47559251699175],[126.92800404926057,37.475576596942794],[126.92794907520505,37.47575109498304],[126.92792192238188,37.47627912845472],[126.92817731410567,37.476748213809145],[126.9283233343421,37.477721846068086],[126.9282975469113,37.47772139761139],[126.92829970389236,37.47794401851134],[126.9282813896967,37.477943214280586],[126.9282778594686,37.47808520999656],[126.92833438942436,37.478314910404414],[126.92813249868168,37.479265199747196],[126.92842846197128,37.479275204098165]]]},"properties":{"projectName":"신림5구역","projectType":"신속통합기획","programTags":["fast_track_planning"],"stageName":"기획완료","districtCode":"11620","districtName":"관악구","regionName":"서울특별시 관악구","areaSquareMeters":169069.0,"noticeDate":"","bounds":[126.927922,37.475144,126.935508,37.479275],"sourceName":"서울특별시 도시계획사업 현황(서울플랜+) 공간정보 OA-22712","sourceUrl":"https://data.seoul.go.kr/dataList/OA-22712/F/1/datasetView.do","sourceLicense":"공공누리 제4유형(출처표시·상업적이용금지·변경금지)","sourceBaseDate":"2026-02"}},{"type":"Feature","id":"11000UQ120PS202411014520","geometry":{"type":"Polygon","coordinates":[[[126.92565192562382,37.47745380156873],[126.92576317569726,37.47756271668408],[126.92559922157074,37.47767531509776],[126.92575698019047,37.477830496802625],[126.925467104604,37.47803319821362],[126.9253796314403,37.47802409582598],[126.92548783850559,37.47813412376882],[126.92521308674601,37.47830461444841],[126.92524290383291,37.47834495353191],[126.92498327394364,37.47841932554398],[126.92497339490453,37.47874985166363],[126.92501932477012,37.47886572320633],[126.92806522362281,37.47925735707504],[126.92827078486596,37.47830719806381],[126.92827684497162,37.47823737417366],[126.92822863023639,37.478060027104675],[126.92823614850431,37.47789785141928],[126.92825279317972,37.47786010975858],[126.92728892500661,37.47793257948125],[126.92728497302367,37.477961859561546],[126.92712987895085,37.478012119027845],[126.92677536228865,37.47758917223815],[126.9267272499728,37.47704072889295],[126.9265693775946,37.477123656208384],[126.92621595795512,37.47695553879926],[126.92611338662545,37.47709932738267],[126.92613608558781,37.47713539996706],[126.92565192562382,37.47745380156873]]]},"properties":{"projectName":"신림6구역","projectType":"신속통합기획","programTags":["fast_track_planning"],"stageName":"기획완료","districtCode":"11620","districtName":"관악구","regionName":"서울특별시 관악구","areaSquareMeters":37771.0,"noticeDate":"","bounds":[126.924973,37.476956,126.928277,37.479257],"sourceName":"서울특별시 도시계획사업 현황(서울플랜+) 공간정보 OA-22712","sourceUrl":"https://data.seoul.go.kr/dataList/OA-22712/F/1/datasetView.do","sourceLicense":"공공누리 제4유형(출처표시·상업적이용금지·변경금지)","sourceBaseDate":"2026-02"}},{"type":"Feature","id":"11000UQ120PS202407010901","geometry":{"type":"Polygon","coordinates":[[[126.91715893544419,37.46403426636954],[126.91780107480764,37.4637589166353],[126.91783868979691,37.46374819609784],[126.91785205158455,37.46379077619739],[126.91797107395976,37.46376258688949],[126.91854276574287,37.46322099963972],[126.91858603334488,37.463283793957466],[126.91877932280478,37.46339443758952],[126.91884391042487,37.463373660583095],[126.9188308709377,37.46312313626928],[126.91883947507554,37.46296703430573],[126.91784359361186,37.46269791526257],[126.91762063189125,37.46267219570736],[126.91752811369821,37.462622691892584],[126.91729414480591,37.46240384264808],[126.9172512468825,37.46232528053759],[126.91706782180866,37.46232251868038],[126.91704198109932,37.46225361843592],[126.91704432312348,37.46220136186123],[126.91701344487952,37.46219956480846],[126.9169382766224,37.46215130730851],[126.91678707497317,37.462150613351724],[126.91661536923239,37.462119063096374],[126.91647301232126,37.462013615320394],[126.91641233460636,37.46190605479603],[126.9160177553028,37.461586976641044],[126.9159359289615,37.46146097502337],[126.9158582749378,37.461383450408],[126.9157681942732,37.46131009738577],[126.91567496448025,37.461262699944356],[126.91558508903384,37.46126711262279],[126.91550370839673,37.461187125320414],[126.91537731606826,37.46071583495786],[126.9152913522746,37.46027707316067],[126.91528764844331,37.459958997814475],[126.91526616591705,37.45987663932566],[126.91483843749442,37.459863144705636],[126.914758798632,37.460684315899506],[126.91502198334038,37.46182646884178],[126.91499252815262,37.46212995058364],[126.91501592580818,37.462198543147096],[126.91516529319387,37.46240846923982],[126.91514798883904,37.46246669750934],[126.91467335572608,37.462662128901606],[126.91395461274506,37.46348933305202],[126.9139533500424,37.463515605395195],[126.91397801978536,37.46353003072586],[126.91441851281876,37.46358795737114],[126.9158296567224,37.464106597726676],[126.91597586476811,37.463999376046914],[126.91618232475213,37.46417612208661],[126.9167280619016,37.46371163284623],[126.91702430337043,37.4636094188676],[126.91708554488427,37.46369003942908],[126.91694717132097,37.463757975308475],[126.91715893544419,37.46403426636954]]]},"properties":{"projectName":"신림7구역","projectType":"신속통합기획","programTags":["fast_track_planning"],"stageName":"기획완료","districtCode":"11620","districtName":"관악구","regionName":"서울특별시 관악구","areaSquareMeters":76880.0,"noticeDate":"","bounds":[126.913953,37.459863,126.918844,37.464176],"sourceName":"서울특별시 도시계획사업 현황(서울플랜+) 공간정보 OA-22712","sourceUrl":"https://data.seoul.go.kr/dataList/OA-22712/F/1/datasetView.do","sourceLicense":"공공누리 제4유형(출처표시·상업적이용금지·변경금지)","sourceBaseDate":"2026-02"}},{"type":"Feature","id":"11000UQ120PS202407010968","geometry":{"type":"Polygon","coordinates":[[[126.92404620862956,37.46884302349461],[126.92430529056686,37.468688675485545],[126.9245306567052,37.46892915704159],[126.92475610259851,37.46861762501755],[126.92485674257966,37.46843238368476],[126.92496272501187,37.468295295343104],[126.92514382361061,37.46812387408128],[126.92479122422094,37.467955371580466],[126.92468394267176,37.46778912981122],[126.92445548523659,37.46753464489182],[126.92404917018514,37.46682293781666],[126.92374829706706,37.46686580457743],[126.92359734014232,37.467031810563014],[126.92288493196135,37.4670503949264],[126.92241321051182,37.467378162543326],[126.92195808824601,37.46762486804047],[126.92176485468738,37.467921568882225],[126.92157306611654,37.46828128564586],[126.92152444730719,37.46828227898948],[126.92133790718702,37.46852261685954],[126.92132361834658,37.46857487436813],[126.92134899751319,37.46877047958684],[126.92124205908374,37.469031551084555],[126.92116855674743,37.46910669706342],[126.92116306811411,37.46915463481362],[126.92125100471239,37.46924561571128],[126.92105001963036,37.46948218609049],[126.92095687086855,37.4694636511617],[126.92088462699476,37.469358931447786],[126.9208715643724,37.46936471598506],[126.92085315877671,37.46934579136586],[126.92045493577973,37.468812160091176],[126.92020356794178,37.46878022433213],[126.92011508017673,37.468738437049815],[126.92023630096696,37.46918366836094],[126.92026564674478,37.469377934925014],[126.92025555962046,37.46962785456103],[126.92019005070154,37.469894467686125],[126.92029021300347,37.46987853565933],[126.92040178760107,37.46982540986288],[126.92046867400346,37.46977317414581],[126.92050952883739,37.469821440965525],[126.92063078135047,37.46975417944038],[126.92073445847684,37.4697597554865],[126.9206548932198,37.47006924339859],[126.92067139374466,37.47024811100963],[126.92063416714474,37.47045493601737],[126.92099592112113,37.470223874849324],[126.921154189344,37.47019525229687],[126.9214154403418,37.470114649332686],[126.92169797664317,37.470093803882456],[126.92210099517798,37.47009701988281],[126.92212196700257,37.47012697430762],[126.92253005779953,37.47016261755212],[126.92252635333337,37.47012825982769],[126.9230068146717,37.469983615805255],[126.92329653566973,37.469926400511355],[126.92351206396555,37.46980688434783],[126.92390436195687,37.469649680624045],[126.92404852515064,37.46957454325091],[126.92421050732473,37.469451864210804],[126.92423458850271,37.469415912813595],[126.92421685929865,37.4693233051158],[126.92425926433533,37.46925575850315],[126.92435670241198,37.469162174587076],[126.92404620862956,37.46884302349461]]]},"properties":{"projectName":"신림8구역","projectType":"신속통합기획","programTags":["fast_track_planning"],"stageName":"기획완료","districtCode":"11620","districtName":"관악구","regionName":"서울특별시 관악구","areaSquareMeters":103912.0,"noticeDate":"","bounds":[126.920115,37.466823,126.925144,37.470455],"sourceName":"서울특별시 도시계획사업 현황(서울플랜+) 공간정보 OA-22712","sourceUrl":"https://data.seoul.go.kr/dataList/OA-22712/F/1/datasetView.do","sourceLicense":"공공누리 제4유형(출처표시·상업적이용금지·변경금지)","sourceBaseDate":"2026-02"}},{"type":"Feature","id":"11000UQ120PS202505310010","geometry":{"type":"Polygon","coordinates":[[[126.93717724096135,37.47232406896922],[126.93726102431964,37.47242476558289],[126.93731097637644,37.47245525563914],[126.93735338692835,37.47244758410983],[126.93744088490263,37.47252766766637],[126.93746130006485,37.47256879149263],[126.93750404414008,37.47258102324235],[126.93757189746282,37.47255178639667],[126.93772472659528,37.472684271357984],[126.93772582289492,37.472711184903275],[126.93779532479616,37.47277746412563],[126.93792081061721,37.4728273932176],[126.93800783045599,37.47293938060006],[126.93809272970482,37.4731397551466],[126.93814967642793,37.47322835426417],[126.93861782261146,37.47326678886419],[126.93875511461496,37.473232533656706],[126.93915014239184,37.472398972841226],[126.93903978208334,37.47234913413892],[126.93897308079548,37.472299120227305],[126.93891090097408,37.47222259215863],[126.93885012816426,37.472207657359284],[126.93867037332613,37.47207157353434],[126.93854057156769,37.47210049870577],[126.93801716984659,37.47193513686792],[126.9378986474221,37.471913872523004],[126.93707495805393,37.47204519789877],[126.93704261194162,37.472075589103056],[126.93698440487589,37.47219321028736],[126.9371942524675,37.47231328421579],[126.93717724096135,37.47232406896922]]]},"properties":{"projectName":"신림9구역","projectType":"신속통합기획","programTags":["fast_track_planning"],"stageName":"대상지선정(추진중)","districtCode":"11620","districtName":"관악구","regionName":"서울특별시 관악구","areaSquareMeters":16899.0,"noticeDate":"","bounds":[126.936984,37.471914,126.93915,37.473267],"sourceName":"서울특별시 도시계획사업 현황(서울플랜+) 공간정보 OA-22712","sourceUrl":"https://data.seoul.go.kr/dataList/OA-22712/F/1/datasetView.do","sourceLicense":"공공누리 제4유형(출처표시·상업적이용금지·변경금지)","sourceBaseDate":"2026-02"}},{"type":"Feature","id":"11000UQ120PS202502050010","geometry":{"type":"Polygon","coordinates":[[[127.01019206377818,37.51347288120995],[127.01014998696056,37.51347063180088],[127.00927945402472,37.514119770195116],[127.00862470029413,37.51454246889301],[127.00918363528278,37.51508312192866],[127.00881379563626,37.51532461239539],[127.00911558520886,37.51561904799538],[127.0110827950863,37.514341192981256],[127.01019206377818,37.51347288120995]]]},"properties":{"projectName":"신반포19차, 25차","projectType":"신속통합기획","programTags":["fast_track_planning"],"stageName":"기획완료","districtCode":"11650","districtName":"서초구","regionName":"서울특별시 서초구","areaSquareMeters":26937.2,"noticeDate":"","bounds":[127.008625,37.513471,127.011083,37.515619],"sourceName":"서울특별시 도시계획사업 현황(서울플랜+) 공간정보 OA-22712","sourceUrl":"https://data.seoul.go.kr/dataList/OA-22712/F/1/datasetView.do","sourceLicense":"공공누리 제4유형(출처표시·상업적이용금지·변경금지)","sourceBaseDate":"2026-02"}},{"type":"Feature","id":"11000UQ120PS202407010879","geometry":{"type":"Polygon","coordinates":[[[126.99964688433228,37.508660071283856],[126.99900313315477,37.50983104683937],[127.00165223490839,37.51099758641929],[127.0022193474614,37.51127626279517],[127.0027650876024,37.51158079527649],[127.00328753279874,37.511910193087616],[127.00378509972707,37.51226328526788],[127.00425586562947,37.51263881077639],[127.0053130192704,37.513594919280024],[127.00531300905298,37.513393186122],[127.00521189613131,37.51329442747469],[127.00586563041153,37.512877887032964],[127.00587553282764,37.51277718315777],[127.00275580489176,37.50972817319698],[127.00271845941296,37.509806551334485],[127.00113682829361,37.50819323093109],[127.00014352362595,37.507897777462794],[127.000346444613,37.50743830692012],[127.00023886914907,37.50739963228464],[127.00001015035483,37.50792267220135],[126.99964688433228,37.508660071283856]]]},"properties":{"projectName":"신반포2차","projectType":"신속통합기획","programTags":["fast_track_planning"],"stageName":"기획완료","districtCode":"11650","districtName":"서초구","regionName":"서울특별시 서초구","areaSquareMeters":116070.9,"noticeDate":"","bounds":[126.999003,37.5074,127.005876,37.513595],"sourceName":"서울특별시 도시계획사업 현황(서울플랜+) 공간정보 OA-22712","sourceUrl":"https://data.seoul.go.kr/dataList/OA-22712/F/1/datasetView.do","sourceLicense":"공공누리 제4유형(출처표시·상업적이용금지·변경금지)","sourceBaseDate":"2026-02"}},{"type":"Feature","id":"11000UQ120PS202411014524","geometry":{"type":"Polygon","coordinates":[[[126.83282495038154,37.53892864468913],[126.83324287519493,37.53824214459189],[126.83323754501664,37.53819726760379],[126.8322658335714,37.537151088794076],[126.83221780102436,37.5371272337593],[126.83147117831707,37.537019393542444],[126.83142461757602,37.537045094863664],[126.83101307246702,37.53885108016903],[126.8310482940868,37.5388863597908],[126.83277624521092,37.53895164049583],[126.83282495038154,37.53892864468913]]]},"properties":{"projectName":"신월5동 72 일대","projectType":"신속통합기획","programTags":["fast_track_planning"],"stageName":"대상지선정(추진중)","districtCode":"11470","districtName":"양천구","regionName":"서울특별시 양천구","areaSquareMeters":29665.0,"noticeDate":"","bounds":[126.831013,37.537019,126.833243,37.538952],"sourceName":"서울특별시 도시계획사업 현황(서울플랜+) 공간정보 OA-22712","sourceUrl":"https://data.seoul.go.kr/dataList/OA-22712/F/1/datasetView.do","sourceLicense":"공공누리 제4유형(출처표시·상업적이용금지·변경금지)","sourceBaseDate":"2026-02"}},{"type":"Feature","id":"11000UQ120PS202407010895","geometry":{"type":"Polygon","coordinates":[[[126.83132461139336,37.52449096369022],[126.83322892878145,37.524809941176706],[126.83559259713199,37.52388436048575],[126.83574551821962,37.52369041098328],[126.83583650571481,37.52372549721835],[126.83671041294026,37.52227620924589],[126.83632668706953,37.522129261633445],[126.83630800264513,37.52208670856802],[126.83639440423595,37.521943391084356],[126.83570274044453,37.520375232335326],[126.83571675056318,37.52033164386301],[126.83613448702593,37.52003048638932],[126.83595553847297,37.51984628952925],[126.83573024256349,37.51982993582215],[126.83504496365231,37.520318895948414],[126.83480287929544,37.52052641396469],[126.83458350102727,37.52079802427936],[126.83361422206711,37.522385449529054],[126.83394548502896,37.522779488658614],[126.83363763873625,37.522948258222556],[126.83328301430561,37.5225377111914],[126.83220633779284,37.52312776553695],[126.83196101524459,37.52330905404179],[126.8318259819628,37.52349275301554],[126.83160517841742,37.52398518922647],[126.83157369243882,37.524001632118555],[126.83151422724211,37.524134262958405],[126.83141942637019,37.52418503263149],[126.83132461139336,37.52449096369022]]]},"properties":{"projectName":"신월7동 1구역","projectType":"신속통합기획","programTags":["fast_track_planning"],"stageName":"기획완료","districtCode":"11470","districtName":"양천구","regionName":"서울특별시 양천구","areaSquareMeters":130483.0,"noticeDate":"","bounds":[126.831325,37.51983,126.83671,37.52481],"sourceName":"서울특별시 도시계획사업 현황(서울플랜+) 공간정보 OA-22712","sourceUrl":"https://data.seoul.go.kr/dataList/OA-22712/F/1/datasetView.do","sourceLicense":"공공누리 제4유형(출처표시·상업적이용금지·변경금지)","sourceBaseDate":"2026-02"}},{"type":"Feature","id":"11000UQ120PS202407010969","geometry":{"type":"Polygon","coordinates":[[[126.8365574429104,37.517017502178625],[126.83562421176431,37.516728327268574],[126.83540107688951,37.51660881202261],[126.83541680716128,37.51635024852156],[126.83549840471589,37.51627981530728],[126.8354525687783,37.51598485513144],[126.83485856716305,37.515802468005454],[126.83442469739988,37.51670248988931],[126.83295241091488,37.51624881928073],[126.83261122055693,37.516467904424786],[126.83180169715926,37.51680461726925],[126.83143303528699,37.5172635944903],[126.8312175654322,37.51750655268904],[126.83123559225345,37.518533712873804],[126.83118672002459,37.518735375148566],[126.83121912660278,37.51881065494002],[126.8311814092226,37.5188324046292],[126.83163095857634,37.518772595299374],[126.83223419028529,37.51923242809394],[126.83284384596598,37.519153291915345],[126.83273640782254,37.51959489615712],[126.83275185919612,37.51966546611811],[126.83278439993477,37.51973227631206],[126.83286225444198,37.519819874082955],[126.83296877749362,37.5198855284439],[126.83309459281004,37.51992363978231],[126.83327365377147,37.51992623755134],[126.83340110276923,37.51989173072193],[126.8353989021474,37.51927395209242],[126.83581949010082,37.51834561715692],[126.83640100956461,37.518453379568854],[126.83698672316451,37.51850636446978],[126.83713913333148,37.51864181599837],[126.83736663072368,37.51842625398935],[126.83751870761238,37.51819734221745],[126.83780506670406,37.517547401251136],[126.83757751441883,37.51747960112206],[126.8368912563948,37.51706292754124],[126.83658206574931,37.51696707362698],[126.8365574429104,37.517017502178625]]]},"properties":{"projectName":"신월시영","projectType":"신속통합기획","programTags":["fast_track_planning"],"stageName":"기획완료","districtCode":"11470","districtName":"양천구","regionName":"서울특별시 양천구","areaSquareMeters":146351.0,"noticeDate":"","bounds":[126.831181,37.515802,126.837805,37.519926],"sourceName":"서울특별시 도시계획사업 현황(서울플랜+) 공간정보 OA-22712","sourceUrl":"https://data.seoul.go.kr/dataList/OA-22712/F/1/datasetView.do","sourceLicense":"공공누리 제4유형(출처표시·상업적이용금지·변경금지)","sourceBaseDate":"2026-02"}},{"type":"Feature","id":"11000UQ120PS202407010864","geometry":{"type":"Polygon","coordinates":[[[126.84869653095186,37.516732092993884],[126.84898026692505,37.51664590471952],[126.84924428232131,37.51666033782765],[126.8492340387211,37.51673438733876],[126.8502700256111,37.517025367657226],[126.85029508893018,37.51706655991395],[126.8503332664442,37.51703501448282],[126.85056478315725,37.51651328198939],[126.8517744139668,37.51685266694658],[126.85198666742178,37.5163959608893],[126.85225793516935,37.516401967630394],[126.85226108727578,37.51603693691815],[126.85251405806646,37.5160388024002],[126.85253629866739,37.515614118295424],[126.8520832668546,37.51554864373806],[126.85191883594226,37.515547468839905],[126.85172803602191,37.515596831354884],[126.8508398091336,37.51554804892866],[126.84892533794878,37.5153880135261],[126.84887506150704,37.51541158798798],[126.8484936096088,37.51627708892915],[126.84849993368037,37.51651812869799],[126.84856223007495,37.51650580898204],[126.84869653095186,37.516732092993884]]]},"properties":{"projectName":"신정1-5","projectType":"신속통합기획","programTags":["fast_track_planning"],"stageName":"기획완료","districtCode":"11470","districtName":"양천구","regionName":"서울특별시 양천구","areaSquareMeters":44082.0,"noticeDate":"","bounds":[126.848494,37.515388,126.852536,37.517067],"sourceName":"서울특별시 도시계획사업 현황(서울플랜+) 공간정보 OA-22712","sourceUrl":"https://data.seoul.go.kr/dataList/OA-22712/F/1/datasetView.do","sourceLicense":"공공누리 제4유형(출처표시·상업적이용금지·변경금지)","sourceBaseDate":"2026-02"}},{"type":"Feature","id":"11000UQ120PS202505310025","geometry":{"type":"Polygon","coordinates":[[[126.85186279079807,37.52462227817734],[126.85150119866758,37.524530368567596],[126.85107015027855,37.525338912990655],[126.85109144762056,37.52538056603984],[126.85168994115415,37.52558071672448],[126.85172595424406,37.52567455587544],[126.85191893923319,37.526534054928575],[126.85140460995444,37.52660919937367],[126.8513724070766,37.526646279386796],[126.85168328001434,37.5279497813858],[126.8544775146119,37.52753739440827],[126.85405196071989,37.52572873137397],[126.85465636771504,37.52580897012968],[126.85475267970719,37.52536501421941],[126.85486977296398,37.525380542330595],[126.85491564072716,37.52535429024416],[126.854993210304,37.52496749963684],[126.85384912371678,37.524815879092756],[126.85376198483597,37.5252335610795],[126.85350819505533,37.52519990654409],[126.85346979725888,37.52516688203816],[126.85342301203804,37.5247413739713],[126.85285051966581,37.5246082086372],[126.85285568846672,37.52475013072967],[126.85224790721415,37.52476529196612],[126.8522419148088,37.52460239546593],[126.85186279079807,37.52462227817734]]]},"properties":{"projectName":"신정4동 922 일대","projectType":"신속통합기획","programTags":["fast_track_planning"],"stageName":"대상지선정(추진중)","districtCode":"11470","districtName":"양천구","regionName":"서울특별시 양천구","areaSquareMeters":84186.0,"noticeDate":"","bounds":[126.85107,37.52453,126.854993,37.52795],"sourceName":"서울특별시 도시계획사업 현황(서울플랜+) 공간정보 OA-22712","sourceUrl":"https://data.seoul.go.kr/dataList/OA-22712/F/1/datasetView.do","sourceLicense":"공공누리 제4유형(출처표시·상업적이용금지·변경금지)","sourceBaseDate":"2026-02"}},{"type":"Feature","id":"11000UQ120PS202601310030","geometry":{"type":"Polygon","coordinates":[[[126.95467759639892,37.534252832417664],[126.95476789643784,37.534266644385404],[126.9547594295675,37.5343636149528],[126.95507782780804,37.53440320409069],[126.95508746690413,37.534422236860735],[126.95521231012468,37.534434341166],[126.9552179661338,37.534454300386756],[126.95521042383011,37.534539035856135],[126.95514803669822,37.53463248042895],[126.95506552274462,37.53463288048032],[126.95504606197872,37.53461548365279],[126.95501193572242,37.53463845456011],[126.95506183742702,37.534682640893166],[126.95506384555749,37.534655476733775],[126.95517919854545,37.53477420990166],[126.95490897583657,37.53493192155778],[126.95487882640637,37.53496383184819],[126.95488985379441,37.53511549139211],[126.95551888474421,37.5351571026643],[126.9563253059095,37.53365157473858],[126.95591121777976,37.5336476674298],[126.95588148927273,37.53360306577767],[126.95532425626831,37.5335827479801],[126.95519061647191,37.53356374774127],[126.95480436880447,37.53345689093955],[126.95479261875639,37.53381141822412],[126.95477253920437,37.53380701343026],[126.95472664829666,37.533936089601454],[126.95477542215303,37.53393730723613],[126.95477535331409,37.53395696688603],[126.9547028566646,37.53409629482695],[126.95468910216441,37.53416333229475],[126.95470773369644,37.53416760137959],[126.95467759639892,37.534252832417664]]]},"properties":{"projectName":"신창동 29-1","projectType":"신속통합기획","programTags":["fast_track_planning"],"stageName":"대상지선정(추진중)","districtCode":"11170","districtName":"용산구","regionName":"서울특별시 용산구","areaSquareMeters":16024.0,"noticeDate":"","bounds":[126.954678,37.533457,126.956325,37.535157],"sourceName":"서울특별시 도시계획사업 현황(서울플랜+) 공간정보 OA-22712","sourceUrl":"https://data.seoul.go.kr/dataList/OA-22712/F/1/datasetView.do","sourceLicense":"공공누리 제4유형(출처표시·상업적이용금지·변경금지)","sourceBaseDate":"2026-02"}},{"type":"Feature","id":"11000UQ120PS202505310026","geometry":{"type":"Polygon","coordinates":[[[126.911624794519,37.49997516685542],[126.91490944907439,37.49993024594334],[126.91486143136571,37.49856035050309],[126.91383250967957,37.49868000980199],[126.91345044019444,37.4987911791496],[126.9127922604209,37.499042272538006],[126.91255186431162,37.499114568083584],[126.9123577958633,37.499152011445226],[126.91172578894582,37.49919542944489],[126.911624794519,37.49997516685542]]]},"properties":{"projectName":"신풍역 일대","projectType":"신속통합기획","programTags":["fast_track_planning"],"stageName":"대상지선정(추진중)","districtCode":"11560","districtName":"영등포구","regionName":"서울특별시 영등포구","areaSquareMeters":33897.0,"noticeDate":"","bounds":[126.911625,37.49856,126.914909,37.499975],"sourceName":"서울특별시 도시계획사업 현황(서울플랜+) 공간정보 OA-22712","sourceUrl":"https://data.seoul.go.kr/dataList/OA-22712/F/1/datasetView.do","sourceLicense":"공공누리 제4유형(출처표시·상업적이용금지·변경금지)","sourceBaseDate":"2026-02"}},{"type":"Feature","id":"11000UQ120PS202407010862","geometry":{"type":"Polygon","coordinates":[[[127.08740162067676,37.56527527560675],[127.08736792415897,37.5654325135911],[127.08713538499035,37.56540683308423],[127.08684453443344,37.56713007570487],[127.08755596465573,37.56699920444675],[127.08748992885808,37.566762103435416],[127.08812890912793,37.565923708289084],[127.08813961713723,37.56544504132716],[127.08815791695238,37.56528640888075],[127.08679726628391,37.56513425846864],[127.08678467406006,37.56520859911456],[127.08740162067676,37.56527527560675]]]},"properties":{"projectName":"신향빌라","projectType":"신속통합기획","programTags":["fast_track_planning"],"stageName":"기획완료","districtCode":"11215","districtName":"광진구","regionName":"서울특별시 광진구","areaSquareMeters":15757.8,"noticeDate":"","bounds":[127.086785,37.565134,127.088158,37.56713],"sourceName":"서울특별시 도시계획사업 현황(서울플랜+) 공간정보 OA-22712","sourceUrl":"https://data.seoul.go.kr/dataList/OA-22712/F/1/datasetView.do","sourceLicense":"공공누리 제4유형(출처표시·상업적이용금지·변경금지)","sourceBaseDate":"2026-02"}},{"type":"Feature","id":"11000UQ120PS202407010890","geometry":{"type":"Polygon","coordinates":[[[127.02583409541005,37.64702949786515],[127.02654762925118,37.64639271889955],[127.02679095837554,37.64621166090688],[127.02718561090184,37.64586433946059],[127.02731142736769,37.64572639958],[127.02767551102443,37.64539851720548],[127.0277888809583,37.645250461598465],[127.02791562879139,37.64512492729735],[127.02747288109468,37.64530116640229],[127.02709819641919,37.645379633168545],[127.02681246554384,37.645479162556256],[127.02578787810697,37.64602663076179],[127.02556270950215,37.64630931311358],[127.02536825784698,37.64662793776784],[127.02571060078286,37.64702566797242],[127.02578821680927,37.64703293822763],[127.02583409541005,37.64702949786515]]]},"properties":{"projectName":"쌍문3구역","projectType":"신속통합기획","programTags":["fast_track_planning"],"stageName":"기획완료","districtCode":"11320","districtName":"도봉구","regionName":"서울특별시 도봉구","areaSquareMeters":15035.0,"noticeDate":"","bounds":[127.025368,37.645125,127.027916,37.647033],"sourceName":"서울특별시 도시계획사업 현황(서울플랜+) 공간정보 OA-22712","sourceUrl":"https://data.seoul.go.kr/dataList/OA-22712/F/1/datasetView.do","sourceLicense":"공공누리 제4유형(출처표시·상업적이용금지·변경금지)","sourceBaseDate":"2026-02"}},{"type":"Feature","id":"11000UQ120PS202505310017","geometry":{"type":"Polygon","coordinates":[[[127.03714314612986,37.661074267660695],[127.03721206522293,37.66110118595075],[127.0374265971617,37.661557914622186],[127.03750971126232,37.661642400644695],[127.0375604979634,37.661669954940386],[127.03768959334785,37.66168757451868],[127.03778234762682,37.660620072125525],[127.03778631095837,37.66038032171621],[127.03785898006436,37.65949860607854],[127.03781770617344,37.65945402056211],[127.03762538076647,37.65944534012926],[127.0373412729794,37.659467770896775],[127.03639709522717,37.65941561710611],[127.0351087390627,37.65937103233728],[127.03502913863778,37.660284552659796],[127.03508004944108,37.660340128288375],[127.03508359641935,37.66041499822379],[127.03539645931713,37.6605641101009],[127.03549345236043,37.66052245720881],[127.03562112482743,37.66065567443192],[127.0358942029548,37.66078902943093],[127.03621760173954,37.660922639297475],[127.03637140045149,37.66093700954642],[127.0364873571534,37.66097472604301],[127.03714314612986,37.661074267660695]]]},"properties":{"projectName":"쌍문동 26 일대","projectType":"신속통합기획","programTags":["fast_track_planning"],"stageName":"대상지선정(추진중)","districtCode":"11320","districtName":"도봉구","regionName":"서울특별시 도봉구","areaSquareMeters":39500.0,"noticeDate":"","bounds":[127.035029,37.659371,127.037859,37.661688],"sourceName":"서울특별시 도시계획사업 현황(서울플랜+) 공간정보 OA-22712","sourceUrl":"https://data.seoul.go.kr/dataList/OA-22712/F/1/datasetView.do","sourceLicense":"공공누리 제4유형(출처표시·상업적이용금지·변경금지)","sourceBaseDate":"2026-02"}},{"type":"Feature","id":"11000UQ120PS202411014522","geometry":{"type":"Polygon","coordinates":[[[127.03611042048439,37.65268334807119],[127.03571630897953,37.652016302467516],[127.0363376634891,37.651791135474674],[127.0361620048979,37.651514948124465],[127.03607268540999,37.65146127618125],[127.03499703516096,37.65138085889686],[127.0349514256147,37.6517114847601],[127.03479022558399,37.65170099342036],[127.03479300479191,37.65168211269714],[127.03466864418313,37.65167063323778],[127.03466569376748,37.65168681558489],[127.03459491718915,37.65168119173758],[127.03463791974967,37.651355732935215],[127.03235279023336,37.6511721027611],[127.03219338986732,37.652458865998526],[127.0329234228569,37.65270505193624],[127.03302681413739,37.65280818603581],[127.03306191831028,37.6532848826309],[127.03330638537108,37.65336518400337],[127.03358668473733,37.65349746139926],[127.03351090785436,37.65357884002383],[127.03362062361377,37.65362728268371],[127.03468692245072,37.653250560332935],[127.03610092133859,37.652725876887125],[127.03611042048439,37.65268334807119]]]},"properties":{"projectName":"쌍문동 81 일대","projectType":"신속통합기획","programTags":["fast_track_planning"],"stageName":"기획완료","districtCode":"11320","districtName":"도봉구","regionName":"서울특별시 도봉구","areaSquareMeters":68735.0,"noticeDate":"","bounds":[127.032193,37.651172,127.036338,37.653627],"sourceName":"서울특별시 도시계획사업 현황(서울플랜+) 공간정보 OA-22712","sourceUrl":"https://data.seoul.go.kr/dataList/OA-22712/F/1/datasetView.do","sourceLicense":"공공누리 제4유형(출처표시·상업적이용금지·변경금지)","sourceBaseDate":"2026-02"}},{"type":"Feature","id":"11000UQ120PS202407010962","geometry":{"type":"Polygon","coordinates":[[[127.03129075284973,37.64701427758163],[127.03184928900713,37.6457998040874],[127.03190503588931,37.645796546229604],[127.03143435952595,37.64497560673104],[127.0303592782271,37.64513605810178],[127.03022111448436,37.64453803352637],[127.03017487508151,37.64451209664158],[127.02940193851717,37.6446367967772],[127.02899242622925,37.64489394142601],[127.02890996581543,37.64466105817861],[127.02887993674929,37.6446541276267],[127.02872689462824,37.64475417140529],[127.02891285435074,37.64512172677008],[127.02957034329663,37.64531843563747],[127.02979762915885,37.64618548099686],[127.02975344175874,37.646194681536535],[127.02966362418218,37.64629335989383],[127.0297616940171,37.64674211270797],[127.03017910096929,37.647177120463795],[127.0303451457674,37.64707271995187],[127.03050252846502,37.6470554727533],[127.03062502768003,37.64708039963736],[127.03129075284973,37.64701427758163]]]},"properties":{"projectName":"쌍문한양1차","projectType":"신속통합기획","programTags":["fast_track_planning"],"stageName":"기획완료","districtCode":"11320","districtName":"도봉구","regionName":"서울특별시 도봉구","areaSquareMeters":43499.0,"noticeDate":"","bounds":[127.028727,37.644512,127.031905,37.647177],"sourceName":"서울특별시 도시계획사업 현황(서울플랜+) 공간정보 OA-22712","sourceUrl":"https://data.seoul.go.kr/dataList/OA-22712/F/1/datasetView.do","sourceLicense":"공공누리 제4유형(출처표시·상업적이용금지·변경금지)","sourceBaseDate":"2026-02"}},{"type":"Feature","id":"11000UQ120PS202601310021","geometry":{"type":"Polygon","coordinates":[[[126.95239409851058,37.55683986473788],[126.95452067193915,37.55698182532603],[126.95458691067414,37.55626384375863],[126.95374401422106,37.55617783059459],[126.95217321134781,37.55610852916878],[126.95209668732696,37.556119840629385],[126.95205171585239,37.55619992882156],[126.95197368402427,37.556967179157475],[126.9522199284691,37.556986049842045],[126.9522071539267,37.55686143760335],[126.95239409851058,37.55683986473788]]]},"properties":{"projectName":"아현동 331-29","projectType":"신속통합기획","programTags":["fast_track_planning"],"stageName":"대상지선정(추진중)","districtCode":"11440","districtName":"마포구","regionName":"서울특별시 마포구","areaSquareMeters":18557.0,"noticeDate":"","bounds":[126.951974,37.556109,126.954587,37.556986],"sourceName":"서울특별시 도시계획사업 현황(서울플랜+) 공간정보 OA-22712","sourceUrl":"https://data.seoul.go.kr/dataList/OA-22712/F/1/datasetView.do","sourceLicense":"공공누리 제4유형(출처표시·상업적이용금지·변경금지)","sourceBaseDate":"2026-02"}},{"type":"Feature","id":"11000UQ120PS202407010875","geometry":{"type":"Polygon","coordinates":[[[127.02071340113385,37.5264113697166],[127.02168657483865,37.52719292670313],[127.02446423480053,37.530897986655994],[127.02495948696937,37.530182138819505],[127.0251186922956,37.52998278108428],[127.02546554517573,37.529600669014386],[127.02571574415556,37.52935900921138],[127.02728189145984,37.52804851596579],[127.02663263227025,37.52775430182287],[127.02553902926027,37.52719979508744],[127.02628668036941,37.52627360288056],[127.02370108140349,37.524949095817156],[127.02227491509532,37.52676830314242],[127.02092565937848,37.52608252241231],[127.02071006378986,37.526344929107935],[127.02071340113385,37.5264113697166]]]},"properties":{"projectName":"압구정2","projectType":"신속통합기획","programTags":["fast_track_planning"],"stageName":"기획완료","districtCode":"11680","districtName":"강남구","regionName":"서울특별시 강남구","areaSquareMeters":192910.0,"noticeDate":"","bounds":[127.02071,37.524949,127.027282,37.530898],"sourceName":"서울특별시 도시계획사업 현황(서울플랜+) 공간정보 OA-22712","sourceUrl":"https://data.seoul.go.kr/dataList/OA-22712/F/1/datasetView.do","sourceLicense":"공공누리 제4유형(출처표시·상업적이용금지·변경금지)","sourceBaseDate":"2026-02"}},{"type":"Feature","id":"11000UQ120PS202407010876","geometry":{"type":"Polygon","coordinates":[[[127.0247952758878,37.531346792562395],[127.02456300779535,37.53172600067213],[127.02455313726448,37.53180164553766],[127.02456452387294,37.531832787970885],[127.02528700969911,37.532714115828725],[127.02557531517917,37.53297906492749],[127.02571092312823,37.53307416774204],[127.02621730219,37.53336926718498],[127.02672176262406,37.53359263855432],[127.02745755581975,37.53380538491907],[127.02818194620748,37.53393809671511],[127.02843984021888,37.53397125513675],[127.0291376510836,37.53401034578855],[127.0296742577652,37.533978502303285],[127.03021084605551,37.53389984436473],[127.0310317991483,37.53367312687817],[127.0316915877251,37.5334811773644],[127.03221101326899,37.5331911109799],[127.03239680467232,37.53311555838166],[127.03311724502069,37.532885833378174],[127.0337542431132,37.53264102792405],[127.03394760476277,37.53254131066629],[127.03397508202092,37.53250355238181],[127.03402146924246,37.53235404584118],[127.03388554190148,37.53157264312403],[127.0318223587337,37.53109906681371],[127.03257996676359,37.52917507909655],[127.03167543924334,37.528925792169815],[127.03090267761678,37.52863795799801],[127.02870662717334,37.527524107919376],[127.02816831831665,37.52795308686521],[127.02789565855512,37.528943733720844],[127.02725850490403,37.528726437345725],[127.02628801734068,37.529554154944314],[127.02576108529517,37.53006768229038],[127.02531758770189,37.53061743024022],[127.0247952758878,37.531346792562395]]]},"properties":{"projectName":"압구정3","projectType":"신속통합기획","programTags":["fast_track_planning"],"stageName":"기획완료","districtCode":"11680","districtName":"강남구","regionName":"서울특별시 강남구","areaSquareMeters":399595.0,"noticeDate":"","bounds":[127.024553,37.527524,127.034021,37.53401],"sourceName":"서울특별시 도시계획사업 현황(서울플랜+) 공간정보 OA-22712","sourceUrl":"https://data.seoul.go.kr/dataList/OA-22712/F/1/datasetView.do","sourceLicense":"공공누리 제4유형(출처표시·상업적이용금지·변경금지)","sourceBaseDate":"2026-02"}},{"type":"Feature","id":"11000UQ120PS202407010877","geometry":{"type":"Polygon","coordinates":[[[127.03531665487684,37.5323557410603],[127.03612615673119,37.53219531533912],[127.0363362647751,37.532179961917535],[127.03644114896524,37.53218785699227],[127.03802410784992,37.531799751849995],[127.03732717830185,37.52987655839678],[127.03877321394799,37.52949273359515],[127.03858338673278,37.528877932330225],[127.0392999575794,37.528678380110264],[127.03917453170577,37.52836135755691],[127.03618281998492,37.529162964634644],[127.03552198029892,37.529282929512725],[127.03504170880139,37.52933658496665],[127.03455004834488,37.52936391009713],[127.03414685327094,37.52936576199439],[127.0340480583117,37.52945076471379],[127.03425563874313,37.53091930610218],[127.03423005487159,37.53094649347631],[127.03438019122503,37.531954821640795],[127.03444443924603,37.53212170834401],[127.03452127366296,37.53221058885604],[127.0346809520006,37.53231218613542],[127.03479580431275,37.53234711959544],[127.03531665487684,37.5323557410603]]]},"properties":{"projectName":"압구정4","projectType":"신속통합기획","programTags":["fast_track_planning"],"stageName":"기획완료","districtCode":"11680","districtName":"강남구","regionName":"서울특별시 강남구","areaSquareMeters":118860.0,"noticeDate":"","bounds":[127.034048,37.528361,127.0393,37.532356],"sourceName":"서울특별시 도시계획사업 현황(서울플랜+) 공간정보 OA-22712","sourceUrl":"https://data.seoul.go.kr/dataList/OA-22712/F/1/datasetView.do","sourceLicense":"공공누리 제4유형(출처표시·상업적이용금지·변경금지)","sourceBaseDate":"2026-02"}},{"type":"Feature","id":"11000UQ120PS202407010878","geometry":{"type":"Polygon","coordinates":[[[127.03802410784992,37.531799751849995],[127.04165849614645,37.530917139224],[127.04149332848141,37.530545728936836],[127.04083815231266,37.52866823198857],[127.0394276650305,37.528999408502216],[127.0392999575794,37.528678380110264],[127.03858338673278,37.528877932330225],[127.03877321394799,37.52949273359515],[127.03732717830185,37.52987655839678],[127.03802410784992,37.531799751849995]]]},"properties":{"projectName":"압구정5","projectType":"신속통합기획","programTags":["fast_track_planning"],"stageName":"기획완료","districtCode":"11680","districtName":"강남구","regionName":"서울특별시 강남구","areaSquareMeters":78989.0,"noticeDate":"","bounds":[127.037327,37.528668,127.041658,37.5318],"sourceName":"서울특별시 도시계획사업 현황(서울플랜+) 공간정보 OA-22712","sourceUrl":"https://data.seoul.go.kr/dataList/OA-22712/F/1/datasetView.do","sourceLicense":"공공누리 제4유형(출처표시·상업적이용금지·변경금지)","sourceBaseDate":"2026-02"}},{"type":"Feature","id":"11000UQ120PS202505310029","geometry":{"type":"Polygon","coordinates":[[[126.92311901040628,37.52018794026329],[126.92190016900744,37.51940511499235],[126.92187119163569,37.5194338011745],[126.9215918572798,37.519264838009825],[126.92108441460202,37.51947236223976],[126.9210566415408,37.51951690656261],[126.92106855608061,37.51955607194264],[126.92266682260872,37.52055856105097],[126.92274760430772,37.520555776814106],[126.92311901040628,37.52018794026329]]]},"properties":{"projectName":"여의도 광장 38(1~2동)","projectType":"신속통합기획","programTags":["fast_track_planning"],"stageName":"대상지선정(추진중)","districtCode":"11560","districtName":"영등포구","regionName":"서울특별시 영등포구","areaSquareMeters":10167.0,"noticeDate":"","bounds":[126.921057,37.519265,126.923119,37.520559],"sourceName":"서울특별시 도시계획사업 현황(서울플랜+) 공간정보 OA-22712","sourceUrl":"https://data.seoul.go.kr/dataList/OA-22712/F/1/datasetView.do","sourceLicense":"공공누리 제4유형(출처표시·상업적이용금지·변경금지)","sourceBaseDate":"2026-02"}},{"type":"Feature","id":"11000UQ120PS202407010937","geometry":{"type":"Polygon","coordinates":[[[126.92126184015837,37.52200313551489],[126.92135174543286,37.52198571726202],[126.92248851681849,37.52082861434922],[126.92250335875961,37.52077442040008],[126.92248280641097,37.52073004164008],[126.92073372440926,37.51962705810536],[126.91967432727327,37.520092368713726],[126.91920008377811,37.52034266004279],[126.91888134987386,37.520535268511956],[126.92122133367236,37.521990286824796],[126.92126184015837,37.52200313551489]]]},"properties":{"projectName":"여의도 광장(1~2동 제외)","projectType":"신속통합기획","programTags":["fast_track_planning"],"stageName":"대상지선정(추진중)","districtCode":"11560","districtName":"영등포구","regionName":"서울특별시 영등포구","areaSquareMeters":43042.0,"noticeDate":"","bounds":[126.918881,37.519627,126.922503,37.522003],"sourceName":"서울특별시 도시계획사업 현황(서울플랜+) 공간정보 OA-22712","sourceUrl":"https://data.seoul.go.kr/dataList/OA-22712/F/1/datasetView.do","sourceLicense":"공공누리 제4유형(출처표시·상업적이용금지·변경금지)","sourceBaseDate":"2026-02"}},{"type":"Feature","id":"11000UQ120PS202407010932","geometry":{"type":"Polygon","coordinates":[[[126.9321505079426,37.52278945677519],[126.9332380623592,37.52345919639716],[126.93327593002792,37.523466083863056],[126.93332662345094,37.523450886325406],[126.93518006336109,37.5215426340307],[126.93515533373424,37.521467503261846],[126.93409170347692,37.52081161599883],[126.9321505079426,37.52278945677519]]]},"properties":{"projectName":"여의도 대교","projectType":"신속통합기획","programTags":["fast_track_planning"],"stageName":"기획완료","districtCode":"11560","districtName":"영등포구","regionName":"서울특별시 영등포구","areaSquareMeters":33418.0,"noticeDate":"","bounds":[126.932151,37.520812,126.93518,37.523466],"sourceName":"서울특별시 도시계획사업 현황(서울플랜+) 공간정보 OA-22712","sourceUrl":"https://data.seoul.go.kr/dataList/OA-22712/F/1/datasetView.do","sourceLicense":"공공누리 제4유형(출처표시·상업적이용금지·변경금지)","sourceBaseDate":"2026-02"}},{"type":"Feature","id":"11000UQ120PS202407010938","geometry":{"type":"Polygon","coordinates":[[[126.93247355510539,37.526630109248096],[126.93256455082076,37.5266111153825],[126.93291115313676,37.52636602146444],[126.93354307911646,37.52587789461049],[126.93264498448107,37.525319983015486],[126.93176975819499,37.526204381279484],[126.93247355510539,37.526630109248096]]]},"properties":{"projectName":"여의도 목화","projectType":"신속통합기획","programTags":["fast_track_planning"],"stageName":"대상지선정(추진중)","districtCode":"11560","districtName":"영등포구","regionName":"서울특별시 영등포구","areaSquareMeters":11570.0,"noticeDate":"","bounds":[126.93177,37.52532,126.933543,37.52663],"sourceName":"서울특별시 도시계획사업 현황(서울플랜+) 공간정보 OA-22712","sourceUrl":"https://data.seoul.go.kr/dataList/OA-22712/F/1/datasetView.do","sourceLicense":"공공누리 제4유형(출처표시·상업적이용금지·변경금지)","sourceBaseDate":"2026-02"}},{"type":"Feature","id":"11000UQ120PS202407010904","geometry":{"type":"Polygon","coordinates":[[[126.9317593805189,37.52620362191937],[126.93384059718854,37.52408564994926],[126.9319812390535,37.52292173234098],[126.92990265917399,37.52505313802386],[126.9317593805189,37.52620362191937]]]},"properties":{"projectName":"여의도 삼부","projectType":"신속통합기획","programTags":["fast_track_planning"],"stageName":"대상지선정(추진중)","districtCode":"11560","districtName":"영등포구","regionName":"서울특별시 영등포구","areaSquareMeters":35507.9,"noticeDate":"","bounds":[126.929903,37.522922,126.933841,37.526204],"sourceName":"서울특별시 도시계획사업 현황(서울플랜+) 공간정보 OA-22712","sourceUrl":"https://data.seoul.go.kr/dataList/OA-22712/F/1/datasetView.do","sourceLicense":"공공누리 제4유형(출처표시·상업적이용금지·변경금지)","sourceBaseDate":"2026-02"}},{"type":"Feature","id":"11000UQ120PS202505310028","geometry":{"type":"Polygon","coordinates":[[[126.93117559300786,37.52768270402716],[126.92995665679553,37.526913729935],[126.92943130460432,37.52744528547067],[126.9305205927597,37.528121799106444],[126.93059880414594,37.52811773756022],[126.93062967128338,37.52810052908029],[126.93117559300786,37.52768270402716]]]},"properties":{"projectName":"여의도 삼익","projectType":"신속통합기획","programTags":["fast_track_planning"],"stageName":"대상지선정(추진중)","districtCode":"11560","districtName":"영등포구","regionName":"서울특별시 영등포구","areaSquareMeters":18565.0,"noticeDate":"","bounds":[126.929431,37.526914,126.931176,37.528122],"sourceName":"서울특별시 도시계획사업 현황(서울플랜+) 공간정보 OA-22712","sourceUrl":"https://data.seoul.go.kr/dataList/OA-22712/F/1/datasetView.do","sourceLicense":"공공누리 제4유형(출처표시·상업적이용금지·변경금지)","sourceBaseDate":"2026-02"}},{"type":"Feature","id":"11000UQ120PS202407010868","geometry":{"type":"Polygon","coordinates":[[[126.93440402104217,37.52056680420664],[126.93439459034047,37.52060080241496],[126.9377278071455,37.522678615626],[126.93777564897526,37.5226893813154],[126.93785017914344,37.52268374524306],[126.93897200032355,37.52182528173287],[126.93855057298256,37.52156089502443],[126.93886811479405,37.52123707406819],[126.93935151062124,37.521540641435315],[126.93997535480717,37.52106811585728],[126.9400098908921,37.52101249738178],[126.93999148451314,37.520931893758345],[126.93632711381167,37.5186540765185],[126.93628485649124,37.51865048524629],[126.93624840744009,37.518666701054556],[126.93440402104217,37.52056680420664]]]},"properties":{"projectName":"여의도 시범","projectType":"신속통합기획","programTags":["fast_track_planning"],"stageName":"기획완료","districtCode":"11560","districtName":"영등포구","regionName":"서울특별시 영등포구","areaSquareMeters":109046.0,"noticeDate":"","bounds":[126.934395,37.51865,126.94001,37.522689],"sourceName":"서울특별시 도시계획사업 현황(서울플랜+) 공간정보 OA-22712","sourceUrl":"https://data.seoul.go.kr/dataList/OA-22712/F/1/datasetView.do","sourceLicense":"공공누리 제4유형(출처표시·상업적이용금지·변경금지)","sourceBaseDate":"2026-02"}},{"type":"Feature","id":"11000UQ120PS202505310030","geometry":{"type":"Polygon","coordinates":[[[126.93532109215771,37.51961216737451],[126.93624844439198,37.518667133552945],[126.93628489344331,37.51865091774466],[126.93632715076401,37.51865450901684],[126.93527862982532,37.51799709076428],[126.93518585125669,37.517959836583124],[126.93503753891184,37.51796688008182],[126.93494764316998,37.518020772073285],[126.93412546295532,37.51886079072869],[126.93532109215771,37.51961216737451]]]},"properties":{"projectName":"여의도 은하","projectType":"신속통합기획","programTags":["fast_track_planning"],"stageName":"대상지선정(추진중)","districtCode":"11560","districtName":"영등포구","regionName":"서울특별시 영등포구","areaSquareMeters":18565.0,"noticeDate":"","bounds":[126.934125,37.51796,126.936327,37.519612],"sourceName":"서울특별시 도시계획사업 현황(서울플랜+) 공간정보 OA-22712","sourceUrl":"https://data.seoul.go.kr/dataList/OA-22712/F/1/datasetView.do","sourceLicense":"공공누리 제4유형(출처표시·상업적이용금지·변경금지)","sourceBaseDate":"2026-02"}},{"type":"Feature","id":"11000UQ120PS202407010869","geometry":{"type":"Polygon","coordinates":[[[126.93210638165961,37.52276909449291],[126.93405883834717,37.520776823316965],[126.93306026487245,37.52016967345087],[126.93295529608679,37.52015473352926],[126.93286274976766,37.520175939663865],[126.93280489163241,37.52020921221927],[126.93104896717003,37.5219959848826],[126.93103354037191,37.52202764475762],[126.93104681260297,37.52208456403702],[126.93108047003074,37.52212763276094],[126.93210638165961,37.52276909449291]]]},"properties":{"projectName":"여의도 한양","projectType":"신속통합기획","programTags":["fast_track_planning"],"stageName":"기획완료","districtCode":"11560","districtName":"영등포구","regionName":"서울특별시 영등포구","areaSquareMeters":36363.0,"noticeDate":"","bounds":[126.931034,37.520155,126.934059,37.522769],"sourceName":"서울특별시 도시계획사업 현황(서울플랜+) 공간정보 OA-22712","sourceUrl":"https://data.seoul.go.kr/dataList/OA-22712/F/1/datasetView.do","sourceLicense":"공공누리 제4유형(출처표시·상업적이용금지·변경금지)","sourceBaseDate":"2026-02"}},{"type":"Feature","id":"11000UQ120PS202601310033","geometry":{"type":"Polygon","coordinates":[[[126.86892484350246,37.55594924960733],[126.86896367108709,37.55600794761714],[126.86952937876222,37.55629023062769],[126.86964534612319,37.55624621171562],[126.8699334856105,37.55608101599046],[126.8705035100111,37.55664546740953],[126.87107882926875,37.5569450796643],[126.87116373455304,37.55693111799313],[126.87182930569273,37.55638754515758],[126.87095343461804,37.55545145190444],[126.87071484501485,37.55524403231688],[126.87058261949964,37.5552089994519],[126.8704502428858,37.55520861833217],[126.87021199268358,37.555150861488414],[126.8696395851265,37.555096857964266],[126.86935358149894,37.5552675099842],[126.8691093247571,37.55543237872296],[126.86892484350246,37.55594924960733]]]},"properties":{"projectName":"염창우성1,2삼천리","projectType":"신속통합기획","programTags":["fast_track_planning"],"stageName":"대상지선정(추진중)","districtCode":"11500","districtName":"강서구","regionName":"서울특별시 강서구","areaSquareMeters":28053.0,"noticeDate":"","bounds":[126.868925,37.555097,126.871829,37.556945],"sourceName":"서울특별시 도시계획사업 현황(서울플랜+) 공간정보 OA-22712","sourceUrl":"https://data.seoul.go.kr/dataList/OA-22712/F/1/datasetView.do","sourceLicense":"공공누리 제4유형(출처표시·상업적이용금지·변경금지)","sourceBaseDate":"2026-02"}},{"type":"Feature","id":"11000UQ120PS202407010971","geometry":{"type":"Polygon","coordinates":[[[126.83752676022479,37.49796070141881],[126.8373211397997,37.49772692217233],[126.8374395290903,37.49752512792273],[126.83762410951212,37.49746150335519],[126.83775026971522,37.497398049812126],[126.8380371708342,37.49745784996455],[126.83826575132272,37.497378869190925],[126.83815324244893,37.497197613038615],[126.83819226853069,37.4971401833106],[126.83819151278253,37.49707179650199],[126.83876872133384,37.496903025173154],[126.83890470365786,37.496877443865884],[126.83910092591535,37.497180719485094],[126.83898093172132,37.497238308449134],[126.83913923092095,37.4974037691897],[126.83934731509169,37.497661380072124],[126.83933901594186,37.49747251946792],[126.83939352944408,37.49720788102042],[126.83975912604639,37.496633527240476],[126.8382735838794,37.49596762839765],[126.83821073971552,37.495985147056416],[126.8381211964777,37.496096215460106],[126.83803725299958,37.49614391531847],[126.83773576414727,37.4962521581575],[126.83677005213683,37.496548532337414],[126.83637472347158,37.49670283498012],[126.83586696689014,37.49707142529424],[126.83567791218496,37.49729160728984],[126.83562524220417,37.497330348345],[126.83554657629033,37.49733229213571],[126.83552423718157,37.49735494788433],[126.83555323625582,37.49754213494454],[126.83558647339328,37.49759768311336],[126.83602860973593,37.49786562939063],[126.8359740214209,37.4979024037344],[126.83593773046529,37.49789811818682],[126.83564272352679,37.49803663826038],[126.83564626892229,37.49806979996564],[126.83588373327596,37.49817924398344],[126.83584364249911,37.49820567711189],[126.83584364850199,37.498254150813],[126.8358988678567,37.49880230529418],[126.83588425264551,37.49881453837654],[126.8361387676306,37.49903933350434],[126.83636125457832,37.49896774510635],[126.83634264789175,37.49889248576882],[126.83646748050685,37.49875043770934],[126.83647657674655,37.49877428181208],[126.8365007117262,37.49875269157499],[126.83648980480423,37.498724294905195],[126.83669732189897,37.49861997873186],[126.83687910496029,37.49838975691433],[126.83736899978894,37.49828385052844],[126.83733932302178,37.4979959404188],[126.83752676022479,37.49796070141881]]]},"properties":{"projectName":"오류동 4","projectType":"신속통합기획","programTags":["fast_track_planning"],"stageName":"기획완료","districtCode":"11530","districtName":"구로구","regionName":"서울특별시 구로구","areaSquareMeters":57166.1,"noticeDate":"","bounds":[126.835524,37.495968,126.839759,37.499039],"sourceName":"서울특별시 도시계획사업 현황(서울플랜+) 공간정보 OA-22712","sourceUrl":"https://data.seoul.go.kr/dataList/OA-22712/F/1/datasetView.do","sourceLicense":"공공누리 제4유형(출처표시·상업적이용금지·변경금지)","sourceBaseDate":"2026-02"}},{"type":"Feature","id":"11000UQ120PS202505310024","geometry":{"type":"Polygon","coordinates":[[[127.13809826365696,37.515612581639736],[127.13864937588984,37.51550517513141],[127.13776627143326,37.51455042068019],[127.13751800823037,37.51437140858921],[127.13508873681009,37.512466501484376],[127.1349275273511,37.51276662530292],[127.1338320738808,37.512444219569325],[127.13374532300078,37.51238151726871],[127.13382058770263,37.512152579939546],[127.13379484505778,37.51211440652554],[127.1340537353901,37.51134034066185],[127.13432228401847,37.511424282216105],[127.13420501815152,37.51118276675244],[127.1341065752207,37.51083977783123],[127.1339580000319,37.50996886102019],[127.13401634833937,37.50968624303741],[127.12907614549182,37.51172000434875],[127.12887680468675,37.51189176915137],[127.12877067552384,37.51207091150663],[127.12873776052973,37.512203663722154],[127.12873519827116,37.512293405716214],[127.12875895378811,37.51242843947744],[127.12883727214285,37.51258990372458],[127.13107433299825,37.51593773490253],[127.1312127718201,37.51599668830216],[127.13151194301615,37.516446226592585],[127.13151616703644,37.51659903080607],[127.13278138040076,37.51849296569739],[127.13423581281755,37.51784298419698],[127.13477208699511,37.51866625058223],[127.13490478063794,37.518606995520564],[127.13593804547911,37.520152202192484],[127.14014592279966,37.51829750545234],[127.13993095695423,37.51796691206274],[127.14032699085179,37.51779219482438],[127.14004033248736,37.517350953493434],[127.13971740499629,37.51692984607057],[127.13958295072129,37.51695072619962],[127.13942871566815,37.51648761446598],[127.13846588012339,37.51672785890747],[127.13809826365696,37.515612581639736]]]},"properties":{"projectName":"올림픽선수기자촌","projectType":"신속통합기획","programTags":["fast_track_planning"],"stageName":"대상지선정(추진중)","districtCode":"11710","districtName":"송파구","regionName":"서울특별시 송파구","areaSquareMeters":532597.0,"noticeDate":"","bounds":[127.128735,37.509686,127.140327,37.520152],"sourceName":"서울특별시 도시계획사업 현황(서울플랜+) 공간정보 OA-22712","sourceUrl":"https://data.seoul.go.kr/dataList/OA-22712/F/1/datasetView.do","sourceLicense":"공공누리 제4유형(출처표시·상업적이용금지·변경금지)","sourceBaseDate":"2026-02"}},{"type":"Feature","id":"11000UQ120PS202411014526","geometry":{"type":"Polygon","coordinates":[[[127.11996684753255,37.490278796458185],[127.1207267382831,37.48880561817903],[127.12069607841677,37.4887234779087],[127.11269861866278,37.485966464741686],[127.11216581612422,37.48594714288727],[127.10958225353403,37.48949974538764],[127.10962833102403,37.48960274789866],[127.11308620542253,37.49067464502302],[127.11392123238015,37.4909572089645],[127.11490360203618,37.49123918418548],[127.11520373793614,37.49058990566672],[127.11901739449617,37.49170011193476],[127.11941472634557,37.491154309516375],[127.11996684753255,37.490278796458185]]]},"properties":{"projectName":"올림픽훼미리타운","projectType":"신속통합기획","programTags":["fast_track_planning"],"stageName":"기획완료","districtCode":"11710","districtName":"송파구","regionName":"서울특별시 송파구","areaSquareMeters":334702.0,"noticeDate":"","bounds":[127.109582,37.485947,127.120727,37.4917],"sourceName":"서울특별시 도시계획사업 현황(서울플랜+) 공간정보 OA-22712","sourceUrl":"https://data.seoul.go.kr/dataList/OA-22712/F/1/datasetView.do","sourceLicense":"공공누리 제4유형(출처표시·상업적이용금지·변경금지)","sourceBaseDate":"2026-02"}},{"type":"Feature","id":"11000UQ120PS202407010925","geometry":{"type":"Polygon","coordinates":[[[127.043612451405,37.57660830892322],[127.04400192596687,37.57743587000677],[127.04445527709122,37.577212486513005],[127.04476872163573,37.57699984732162],[127.044619772114,37.57685254539083],[127.04456514811741,37.57639556673266],[127.04347123539992,37.57494503797184],[127.0434422044314,37.574934344556645],[127.04266372960038,37.57516684787271],[127.04265109660467,37.57518811557154],[127.04335670851026,37.57668436203908],[127.043612451405,37.57660830892322]]]},"properties":{"projectName":"용두3","projectType":"신속통합기획","programTags":["fast_track_planning"],"stageName":"기획완료","districtCode":"11230","districtName":"동대문구","regionName":"서울특별시 동대문구","areaSquareMeters":23767.0,"noticeDate":"","bounds":[127.042651,37.574934,127.044769,37.577436],"sourceName":"서울특별시 도시계획사업 현황(서울플랜+) 공간정보 OA-22712","sourceUrl":"https://data.seoul.go.kr/dataList/OA-22712/F/1/datasetView.do","sourceLicense":"공공누리 제4유형(출처표시·상업적이용금지·변경금지)","sourceBaseDate":"2026-02"}},{"type":"Feature","id":"11000UQ120PS202601310031","geometry":{"type":"Polygon","coordinates":[[[126.98298158235485,37.54589359771046],[126.9831681936698,37.54579116607912],[126.98371889377194,37.54581275703853],[126.98393421145089,37.54585715412695],[126.98399355650392,37.54583565627668],[126.98408886708592,37.54540814980522],[126.9839918329048,37.54531930666531],[126.98346854173799,37.545256014260076],[126.98369603032725,37.5447427537669],[126.98329270417884,37.5446169587938],[126.9827771615918,37.54431480254764],[126.98249964920223,37.54412981156507],[126.98244576966916,37.54419889994868],[126.98242090825516,37.54420347296998],[126.98244167441791,37.5441506601781],[126.98249868525343,37.54409364559249],[126.98244077838088,37.544114530255825],[126.98238529069143,37.54410016847714],[126.98240470605563,37.544063996793646],[126.9821744903176,37.54398195101952],[126.98194772006674,37.54375062901113],[126.98165848212867,37.54384756350475],[126.98133557927834,37.543862537308065],[126.98073489462003,37.544195025298635],[126.98067836802218,37.544174004204834],[126.98063985483557,37.5441969817068],[126.98053334225558,37.54419476440765],[126.98053262311365,37.54421710888005],[126.98060366307907,37.544294651838776],[126.98076728740718,37.54437136412611],[126.9816853235581,37.54461238403573],[126.98168946114941,37.544669913061995],[126.98166212974854,37.544728391852004],[126.9816561671382,37.545536102971454],[126.98163009535277,37.54583545308201],[126.98149942317963,37.54637598995548],[126.98148162186565,37.54650824349369],[126.98160790958379,37.54645680021348],[126.98174158791012,37.54644246086994],[126.9818577709119,37.546388546912205],[126.98184280448922,37.54637150666819],[126.98191929771122,37.54637940306467],[126.98279941531493,37.54600534600348],[126.98292740153249,37.545942296803894],[126.98298158235485,37.54589359771046]]]},"properties":{"projectName":"용산동2가 1-1351","projectType":"신속통합기획","programTags":["fast_track_planning"],"stageName":"대상지선정(추진중)","districtCode":"11170","districtName":"용산구","regionName":"서울특별시 용산구","areaSquareMeters":43017.0,"noticeDate":"","bounds":[126.980533,37.543751,126.984089,37.546508],"sourceName":"서울특별시 도시계획사업 현황(서울플랜+) 공간정보 OA-22712","sourceUrl":"https://data.seoul.go.kr/dataList/OA-22712/F/1/datasetView.do","sourceLicense":"공공누리 제4유형(출처표시·상업적이용금지·변경금지)","sourceBaseDate":"2026-02"}},{"type":"Feature","id":"11000UQ120PS202512310003","geometry":{"type":"Polygon","coordinates":[[[127.06450546835819,37.62764111113684],[127.06465736495109,37.627490296173534],[127.06620646570961,37.62615474669225],[127.0644468834282,37.626141282447996],[127.0644540862521,37.62554798374896],[127.0626442225856,37.625534159031716],[127.06266238965743,37.625586046029895],[127.06274742916958,37.62568420868391],[127.062809910026,37.62590041128061],[127.06289499009156,37.626047226681926],[127.06295961343578,37.62611296453895],[127.06319534405098,37.62624528551802],[127.06314225435493,37.62642911301272],[127.06307238187388,37.62686702535368],[127.06301133951025,37.62702382754501],[127.06296736617931,37.62727432263759],[127.06344206851168,37.627339395477115],[127.06343641416298,37.627351111171805],[127.06450546835819,37.62764111113684]]]},"properties":{"projectName":"월계삼호4차","projectType":"신속통합기획","programTags":["fast_track_planning"],"stageName":"대상지선정(추진중)","districtCode":"11350","districtName":"노원구","regionName":"서울특별시 노원구","areaSquareMeters":43243.0,"noticeDate":"","bounds":[127.062644,37.625534,127.066206,37.627641],"sourceName":"서울특별시 도시계획사업 현황(서울플랜+) 공간정보 OA-22712","sourceUrl":"https://data.seoul.go.kr/dataList/OA-22712/F/1/datasetView.do","sourceLicense":"공공누리 제4유형(출처표시·상업적이용금지·변경금지)","sourceBaseDate":"2026-02"}},{"type":"Feature","id":"11000UQ120PS202512310004","geometry":{"type":"Polygon","coordinates":[[[127.06690841170179,37.62079821607624],[127.06595625551579,37.62290189717397],[127.06425895692334,37.62385487695386],[127.0636059967844,37.62367412539355],[127.06334292718637,37.62389545399867],[127.0633135819768,37.62388736055239],[127.06322233166325,37.62408517331593],[127.06308943626263,37.624195612722815],[127.06296834163716,37.624330822770744],[127.06288111856688,37.62433086815702],[127.06281098523594,37.624450554683314],[127.06270006004439,37.624555756551175],[127.06264353843939,37.624698591088176],[127.06256545300569,37.6247914323923],[127.06249070168576,37.62480588670905],[127.06240006430677,37.62478701293545],[127.06233673240395,37.62488621639928],[127.06250134118665,37.6253500727745],[127.06261470129533,37.62545002284852],[127.0626442225856,37.625534159031716],[127.0644540862521,37.62554798374896],[127.0644468834282,37.626141282447996],[127.06620646570961,37.62615474669225],[127.06737302957387,37.62514022944871],[127.0674950389562,37.62502222309691],[127.067698142738,37.62476289759306],[127.06784469933187,37.62448044835147],[127.06812394106579,37.62373428002139],[127.06825088910061,37.623442561202296],[127.06922835905222,37.62133731561856],[127.06936014990835,37.621024149387175],[127.06927850931551,37.62105537019931],[127.06895174706258,37.62095969309241],[127.06905992587873,37.62071411416985],[127.0681292358394,37.62040047139808],[127.06856296357334,37.61953285218206],[127.06662578193853,37.61882946030503],[127.06648806965866,37.61911523706156],[127.06690841170179,37.62079821607624]]]},"properties":{"projectName":"월계시영(미륭,미성,삼호3)","projectType":"신속통합기획","programTags":["fast_track_planning"],"stageName":"대상지선정(추진중)","districtCode":"11350","districtName":"노원구","regionName":"서울특별시 노원구","areaSquareMeters":204173.0,"noticeDate":"","bounds":[127.062337,37.618829,127.06936,37.626155],"sourceName":"서울특별시 도시계획사업 현황(서울플랜+) 공간정보 OA-22712","sourceUrl":"https://data.seoul.go.kr/dataList/OA-22712/F/1/datasetView.do","sourceLicense":"공공누리 제4유형(출처표시·상업적이용금지·변경금지)","sourceBaseDate":"2026-02"}},{"type":"Feature","id":"11000UQ120PS202407010863","geometry":{"type":"Polygon","coordinates":[[[126.98967126387687,37.56755157731832],[126.99021865676868,37.56758028330835],[126.99026009843384,37.5675485103087],[126.99031836167873,37.56687180236863],[126.9902805938234,37.566833083305035],[126.9897577131819,37.56681079057629],[126.98967126387687,37.56755157731832]]]},"properties":{"projectName":"을지로3가구역 6지구","projectType":"신속통합기획","programTags":["fast_track_planning"],"stageName":"기획완료","districtCode":"11140","districtName":"중구","regionName":"서울특별시 중구","areaSquareMeters":4156.4,"noticeDate":"","bounds":[126.989671,37.566811,126.990318,37.56758],"sourceName":"서울특별시 도시계획사업 현황(서울플랜+) 공간정보 OA-22712","sourceUrl":"https://data.seoul.go.kr/dataList/OA-22712/F/1/datasetView.do","sourceLicense":"공공누리 제4유형(출처표시·상업적이용금지·변경금지)","sourceBaseDate":"2026-02"}},{"type":"Feature","id":"11000UQ120PS202505310033","geometry":{"type":"Polygon","coordinates":[[[126.92117209058736,37.58780851496405],[126.92129239557366,37.587801740292115],[126.92168627609712,37.58787031100078],[126.92183005794793,37.58787914770626],[126.92184835449109,37.58792168654834],[126.9218720076025,37.58793125295086],[126.92191016074797,37.58793362124833],[126.92192943257498,37.587910929421696],[126.92237339363368,37.58799952444916],[126.9223718107856,37.58805086151225],[126.92256714445811,37.588058254258016],[126.92263811338705,37.58734864985064],[126.92273136870016,37.585988674979355],[126.9226314358017,37.5859515777433],[126.92011488105477,37.58794818212441],[126.92018267741884,37.58790722503091],[126.92021893525772,37.587955317557025],[126.92056875229262,37.58812606036141],[126.92062456544967,37.58807857166601],[126.92065492523334,37.58814719346209],[126.9207343175882,37.588062302959464],[126.92074651665565,37.5880156853351],[126.92081128482093,37.587937316912274],[126.92117209058736,37.58780851496405]]]},"properties":{"projectName":"응암동 675","projectType":"신속통합기획","programTags":["fast_track_planning"],"stageName":"대상지선정(추진중)","districtCode":"11380","districtName":"은평구","regionName":"서울특별시 은평구","areaSquareMeters":40696.0,"noticeDate":"","bounds":[126.920115,37.585952,126.922731,37.588147],"sourceName":"서울특별시 도시계획사업 현황(서울플랜+) 공간정보 OA-22712","sourceUrl":"https://data.seoul.go.kr/dataList/OA-22712/F/1/datasetView.do","sourceLicense":"공공누리 제4유형(출처표시·상업적이용금지·변경금지)","sourceBaseDate":"2026-02"}},{"type":"Feature","id":"11000UQ120PS202411014527","geometry":{"type":"Polygon","coordinates":[[[126.95497899903572,37.52605812879956],[126.95475237317468,37.52650744279551],[126.9544500504575,37.52641358322916],[126.95439370868614,37.52652206844448],[126.95420512999559,37.52642698227434],[126.9541467698966,37.5270306702875],[126.95418349600932,37.52707760880551],[126.95441526510503,37.527166656648156],[126.95447029915718,37.527154280898365],[126.95525279032526,37.52619919246976],[126.9557306725974,37.526511446286094],[126.95678922821875,37.52547270049171],[126.95644436802493,37.52517755667145],[126.95650585853042,37.52512965620669],[126.95646581112152,37.52509300648912],[126.95657256032673,37.52501259732973],[126.95642925754557,37.52489018761353],[126.95686010735315,37.524553307133836],[126.95666453518449,37.52438387301452],[126.95565429897322,37.52516494494375],[126.95560485783265,37.52522813953081],[126.95472233646926,37.525929514916704],[126.95497899903572,37.52605812879956]]]},"properties":{"projectName":"이촌1","projectType":"신속통합기획","programTags":["fast_track_planning"],"stageName":"기획완료","districtCode":"11170","districtName":"용산구","regionName":"서울특별시 용산구","areaSquareMeters":20653.0,"noticeDate":"","bounds":[126.954147,37.524384,126.95686,37.527167],"sourceName":"서울특별시 도시계획사업 현황(서울플랜+) 공간정보 OA-22712","sourceUrl":"https://data.seoul.go.kr/dataList/OA-22712/F/1/datasetView.do","sourceLicense":"공공누리 제4유형(출처표시·상업적이용금지·변경금지)","sourceBaseDate":"2026-02"}},{"type":"Feature","id":"11000UQ120PS202505310032","geometry":{"type":"Polygon","coordinates":[[[126.99276406172345,37.53355761591058],[126.99325691639939,37.533481931908504],[126.9932938824413,37.53345048080125],[126.99340799592946,37.533438460427135],[126.9933970542332,37.53334460316955],[126.99341805324032,37.5333408744979],[126.9934403451397,37.533203393404705],[126.99367565596505,37.533266424758956],[126.99372440017221,37.5331195840396],[126.99371719699184,37.53297489298954],[126.99370034396425,37.53294161277231],[126.99391205178176,37.532898915889994],[126.99391566666156,37.53284209945975],[126.99400341516365,37.53285745800787],[126.99418145244903,37.53282819591523],[126.99417543594937,37.53280314791614],[126.99443730596244,37.532799893297984],[126.99453468533417,37.53254304380155],[126.99455318399494,37.532536296450566],[126.99465300097398,37.53221514306115],[126.99439971661543,37.532017341904776],[126.99451651918264,37.532018385029154],[126.9945088884694,37.531953873417606],[126.9943843808085,37.53195881241969],[126.99456772688227,37.531876166174825],[126.99450619578326,37.53183329325021],[126.99450612944197,37.53181683208835],[126.99460850329292,37.531732865492415],[126.99447223913106,37.53163858645227],[126.99424921128859,37.53154211253063],[126.99415791112267,37.531648775544575],[126.99400687157646,37.53178515849006],[126.99401571780047,37.53179578176999],[126.99397091463113,37.53180610430547],[126.99392386757464,37.531853592676526],[126.99384304619575,37.531819088397434],[126.99378627833393,37.5318885242919],[126.99374568722882,37.53186549222485],[126.99375210044491,37.53188131409883],[126.99355051267196,37.53209958444994],[126.99351294183344,37.5320807871784],[126.99346333129448,37.53207996390129],[126.99342816579444,37.531998196307754],[126.99319625300717,37.53193751628043],[126.99313560711256,37.53187674896666],[126.99295681885611,37.53176158011699],[126.99273490627657,37.53181596583352],[126.9927457242234,37.531798235078156],[126.99270325133485,37.531809908796575],[126.99269520538657,37.53182627925435],[126.99223324306945,37.53193688588862],[126.9922068446793,37.53214749111829],[126.99225032634675,37.53221442035818],[126.9921593941433,37.532244335192324],[126.99208479561294,37.532210587040055],[126.99202236018795,37.532259920457534],[126.99200318625452,37.53223744812918],[126.99197802575038,37.53222767932682],[126.99195935665885,37.532238886180316],[126.9918546900111,37.532176582951756],[126.99188808065479,37.53223474482897],[126.99177844069816,37.53231059050643],[126.99178923306228,37.53231790746543],[126.99173809074294,37.53234991555098],[126.99163259637677,37.53230158647193],[126.99143305368587,37.53248572372028],[126.99129602316034,37.53272055595947],[126.99129829380975,37.53282859431253],[126.99132925262293,37.532964160499006],[126.99143710871566,37.53303928379518],[126.99122794231938,37.533255866434935],[126.99110453779755,37.533365506544364],[126.99105959643072,37.53338363957508],[126.9908697890938,37.533579408526336],[126.99083728743858,37.53363568165114],[126.9909359479254,37.53369545343602],[126.99107514952921,37.53365238932287],[126.99107765367701,37.53362537775662],[126.99115579233852,37.5336742365099],[126.99120161051793,37.53361626158378],[126.99132104138967,37.5335266951721],[126.99139282872333,37.53352340371145],[126.9914302860194,37.53363062515422],[126.99147053430764,37.53368081392744],[126.99162191455667,37.53351296259239],[126.99166298165181,37.53353169768314],[126.99166344865112,37.533507920500924],[126.99181424878684,37.533532665261134],[126.9918127617039,37.533570930337056],[126.9920862602298,37.53360738867499],[126.99211367487182,37.533599750435364],[126.99216743928234,37.533504627799985],[126.99220123967501,37.53354982431013],[126.99227225606006,37.5335593714129],[126.9926777791251,37.53357904412174],[126.99270886248499,37.53354527720416],[126.99276406172345,37.53355761591058]]]},"properties":{"projectName":"이태원동 730 일대","projectType":"신속통합기획","programTags":["fast_track_planning"],"stageName":"대상지선정(추진중)","districtCode":"11170","districtName":"용산구","regionName":"서울특별시 용산구","areaSquareMeters":44034.0,"noticeDate":"","bounds":[126.990837,37.531542,126.994653,37.533695],"sourceName":"서울특별시 도시계획사업 현황(서울플랜+) 공간정보 OA-22712","sourceUrl":"https://data.seoul.go.kr/dataList/OA-22712/F/1/datasetView.do","sourceLicense":"공공누리 제4유형(출처표시·상업적이용금지·변경금지)","sourceBaseDate":"2026-02"}},{"type":"Feature","id":"11000UQ120PS202505310004","geometry":{"type":"Polygon","coordinates":[[[127.08396569451533,37.483101219188775],[127.08402772057345,37.4831625340685],[127.08460036433776,37.48324493479944],[127.08466773081288,37.48322749808946],[127.08529499254776,37.483316254111365],[127.08531017745906,37.483347057581064],[127.08568628764539,37.48340121072303],[127.08574727144959,37.48313690364304],[127.08630544265202,37.48321741432381],[127.08635965563464,37.48296662679622],[127.08669686404208,37.48301467784471],[127.08686324836539,37.482279701211795],[127.0868689215677,37.48219797630043],[127.08684402334713,37.48207689971279],[127.08678092100492,37.4819651310052],[127.08668391929847,37.481869965124744],[127.08655935716962,37.48179797473621],[127.08646514021048,37.481765336161274],[127.08439001833594,37.48146110004807],[127.08433080399092,37.4814878112052],[127.08396569451533,37.483101219188775]]]},"properties":{"projectName":"일원가람","projectType":"신속통합기획","programTags":["fast_track_planning"],"stageName":"기획완료","districtCode":"11680","districtName":"강남구","regionName":"서울특별시 강남구","areaSquareMeters":41145.0,"noticeDate":"","bounds":[127.083966,37.481461,127.086869,37.483401],"sourceName":"서울특별시 도시계획사업 현황(서울플랜+) 공간정보 OA-22712","sourceUrl":"https://data.seoul.go.kr/dataList/OA-22712/F/1/datasetView.do","sourceLicense":"공공누리 제4유형(출처표시·상업적이용금지·변경금지)","sourceBaseDate":"2026-02"}},{"type":"Feature","id":"11000UQ120PS202601310004","geometry":{"type":"Polygon","coordinates":[[[127.08104208473746,37.48084062854748],[127.08346364193521,37.48119009422167],[127.08351799850782,37.4811668106745],[127.0837617171344,37.48009931489032],[127.08359710936396,37.48000113007431],[127.08309675984381,37.479836863584204],[127.0818302946837,37.48006099938524],[127.08103857115586,37.48040562737234],[127.08104208473746,37.48084062854748]]]},"properties":{"projectName":"일원청솔","projectType":"신속통합기획","programTags":["fast_track_planning"],"stageName":"대상지선정(추진중)","districtCode":"11680","districtName":"강남구","regionName":"서울특별시 강남구","areaSquareMeters":25387.0,"noticeDate":"","bounds":[127.081039,37.479837,127.083762,37.48119],"sourceName":"서울특별시 도시계획사업 현황(서울플랜+) 공간정보 OA-22712","sourceUrl":"https://data.seoul.go.kr/dataList/OA-22712/F/1/datasetView.do","sourceLicense":"공공누리 제4유형(출처표시·상업적이용금지·변경금지)","sourceBaseDate":"2026-02"}},{"type":"Feature","id":"11000UQ120PS202601310003","geometry":{"type":"Polygon","coordinates":[[[127.07603750510303,37.48267472561221],[127.0767486965882,37.482815371725444],[127.07709697622894,37.482524576560756],[127.07722556218076,37.48244628733055],[127.07737532134158,37.48239852831148],[127.07766729877822,37.482337342712306],[127.07806693565709,37.48230059392719],[127.07846877390865,37.482316100431554],[127.07847350366008,37.482297716924904],[127.07861722248727,37.48231429175714],[127.078804037569,37.482349849360205],[127.07901767877715,37.48241467161649],[127.07975601234443,37.48255915613333],[127.07984970713954,37.48252665801082],[127.0800294454249,37.481740775477995],[127.07999252852836,37.48168439731644],[127.07654807871535,37.48118784036109],[127.07657718395856,37.48101050478386],[127.0765419775329,37.48096574736874],[127.07576498902236,37.48092506239123],[127.07576668404738,37.48080991333151],[127.07570879757725,37.48081003979244],[127.07569943760443,37.48140614825232],[127.07565479398443,37.48142167349673],[127.07577464292258,37.4823403493317],[127.07605610313315,37.482617049801355],[127.07603750510303,37.48267472561221]]]},"properties":{"projectName":"일원한솔","projectType":"신속통합기획","programTags":["fast_track_planning"],"stageName":"대상지선정(추진중)","districtCode":"11680","districtName":"강남구","regionName":"서울특별시 강남구","areaSquareMeters":47769.0,"noticeDate":"","bounds":[127.075655,37.48081,127.080029,37.482815],"sourceName":"서울특별시 도시계획사업 현황(서울플랜+) 공간정보 OA-22712","sourceUrl":"https://data.seoul.go.kr/dataList/OA-22712/F/1/datasetView.do","sourceLicense":"공공누리 제4유형(출처표시·상업적이용금지·변경금지)","sourceBaseDate":"2026-02"}},{"type":"Feature","id":"11000UQ120PS202407010917","geometry":{"type":"Polygon","coordinates":[[[127.06151930818451,37.537014275064436],[127.06303441067767,37.536608751520454],[127.06559882226891,37.535965565517955],[127.0673778881247,37.535494772949136],[127.06697990828177,37.53459937900594],[127.06678227024001,37.53427076097057],[127.06650406137788,37.5336879085815],[127.0664339618725,37.53366381852821],[127.06481250442654,37.53409504913943],[127.06494322180897,37.53418297002609],[127.06468796993192,37.53440223742525],[127.0645734326463,37.53446344004097],[127.06419901029916,37.53425370790177],[127.06292752941806,37.53459022384981],[127.06270846449806,37.53410090624593],[127.06271762702698,37.53408482777607],[127.0626888175654,37.534079950307145],[127.06267310008248,37.53404939675056],[127.06252372192355,37.5341058041137],[127.06254476699546,37.534051490368505],[127.06189538937177,37.53410911830446],[127.061790954236,37.53410072033033],[127.0617000843496,37.53412013802841],[127.06117725458628,37.534151505584084],[127.06116180949566,37.53417810170027],[127.06090183683132,37.53410809036848],[127.06058711951957,37.53447269100626],[127.06048253103506,37.53462924581339],[127.06041688787927,37.53481783844945],[127.06038926549557,37.53497030929615],[127.06039895471172,37.53516287375569],[127.06045937159679,37.53536310738418],[127.06135151004104,37.53695166910577],[127.06151930818451,37.537014275064436]]]},"properties":{"projectName":"자양4동통합구역","projectType":"신속통합기획","programTags":["fast_track_planning"],"stageName":"기획완료","districtCode":"11215","districtName":"광진구","regionName":"서울특별시 광진구","areaSquareMeters":139129.6,"noticeDate":"","bounds":[127.060389,37.533664,127.067378,37.537014],"sourceName":"서울특별시 도시계획사업 현황(서울플랜+) 공간정보 OA-22712","sourceUrl":"https://data.seoul.go.kr/dataList/OA-22712/F/1/datasetView.do","sourceLicense":"공공누리 제4유형(출처표시·상업적이용금지·변경금지)","sourceBaseDate":"2026-02"}},{"type":"Feature","id":"11000UQ120PS202502050003","geometry":{"type":"Polygon","coordinates":[[[127.07694268521145,37.5379208812529],[127.07617262568895,37.53533333136566],[127.0761198484436,37.53539364115695],[127.0759897713911,37.53543021347397],[127.07597448108622,37.535414005238174],[127.07596148586926,37.535430231306705],[127.07560249435929,37.535553262409415],[127.07546604984705,37.535558483582506],[127.07545987194328,37.5356039876029],[127.07532697516073,37.53565021960033],[127.0753936323483,37.536699005882596],[127.07428061067256,37.53690782623821],[127.07485054258973,37.53850336621351],[127.0751941647398,37.5384180986347],[127.07511057642677,37.53820386765892],[127.07580588561926,37.538035045803326],[127.07576648347325,37.53793903376543],[127.07593633036637,37.53789702168797],[127.07589122913639,37.53778180411462],[127.07664084904178,37.537596977526256],[127.07678867134945,37.53802255743612],[127.07688399575537,37.537998917662435],[127.07694268521145,37.5379208812529]]]},"properties":{"projectName":"자양동 227-147 일대","projectType":"신속통합기획","programTags":["fast_track_planning"],"stageName":"기획완료","districtCode":"11215","districtName":"광진구","regionName":"서울특별시 광진구","areaSquareMeters":40836.0,"noticeDate":"","bounds":[127.074281,37.535333,127.076943,37.538503],"sourceName":"서울특별시 도시계획사업 현황(서울플랜+) 공간정보 OA-22712","sourceUrl":"https://data.seoul.go.kr/dataList/OA-22712/F/1/datasetView.do","sourceLicense":"공공누리 제4유형(출처표시·상업적이용금지·변경금지)","sourceBaseDate":"2026-02"}},{"type":"Feature","id":"11000UQ120PS202407010936","geometry":{"type":"Polygon","coordinates":[[[127.09795204798786,37.51607451355243],[127.09771789370123,37.515962308836755],[127.09869479904194,37.514701961708006],[127.09875765298243,37.51450008683356],[127.09927205723332,37.51378904649603],[127.09930569637143,37.51365062561605],[127.09928391013187,37.513510809014996],[127.09922346463648,37.51338931461612],[127.09911428315797,37.51327831201835],[127.09901987688653,37.51322171730627],[127.09889868115647,37.513178299153815],[127.09664495707035,37.512614940506126],[127.09619206542631,37.512518717525495],[127.09569939706167,37.51245108611774],[127.09279987623677,37.51216315131458],[127.09251695044664,37.512312304346125],[127.09087670617856,37.51689719477062],[127.09101075805033,37.517095402478226],[127.09198128226805,37.517378296675496],[127.09297064303925,37.51770387549814],[127.09361773135821,37.51794357819196],[127.0945675996043,37.51833647876202],[127.09504594776139,37.51850107327221],[127.0952177594672,37.518521026604525],[127.09548849327767,37.51869914739349],[127.09506343549134,37.51925221852987],[127.09491869470808,37.51937574422672],[127.0947945312953,37.51944517394521],[127.0946799034769,37.51948273140592],[127.0945512639799,37.51948505825497],[127.09440476055845,37.51944789306429],[127.09433518338824,37.51948307126543],[127.09433001169955,37.51953061995961],[127.09442389954586,37.51964359134738],[127.0945089339925,37.51980951392231],[127.09455309242676,37.52003210520492],[127.09457847775144,37.52005604087303],[127.09461521913693,37.520061791805574],[127.09465008925488,37.52004728892473],[127.09501188151073,37.519578151217374],[127.0951296860629,37.51947209183568],[127.09564610484334,37.518802841818605],[127.09578035464753,37.518891165672834],[127.09795204798786,37.51607451355243]]]},"properties":{"projectName":"잠실주공5","projectType":"신속통합기획","programTags":["fast_track_planning"],"stageName":"기획완료","districtCode":"11710","districtName":"송파구","regionName":"서울특별시 송파구","areaSquareMeters":358077.0,"noticeDate":"","bounds":[127.090877,37.512163,127.099306,37.520062],"sourceName":"서울특별시 도시계획사업 현황(서울플랜+) 공간정보 OA-22712","sourceUrl":"https://data.seoul.go.kr/dataList/OA-22712/F/1/datasetView.do","sourceLicense":"공공누리 제4유형(출처표시·상업적이용금지·변경금지)","sourceBaseDate":"2026-02"}},{"type":"Feature","id":"11000UQ120PS202601310023","geometry":{"type":"Polygon","coordinates":[[[127.01545164198205,37.52203490351494],[127.01622525180719,37.52187596423115],[127.01595655735443,37.521131234543176],[127.01592498612645,37.52107618757255],[127.0158750912326,37.52103051317516],[127.01544290362045,37.520788764745596],[127.01528730797887,37.520978956117695],[127.01485718392121,37.52075168430097],[127.01473617219547,37.52090297505983],[127.01411757567904,37.52057571097878],[127.01402653249801,37.520684831221544],[127.01369687833343,37.52054494105872],[127.01365187001404,37.52062720658898],[127.0136613792635,37.52067153459446],[127.01549127090837,37.52222924353141],[127.01545164198205,37.52203490351494]]]},"properties":{"projectName":"잠원한강","projectType":"신속통합기획","programTags":["fast_track_planning"],"stageName":"대상지선정(추진중)","districtCode":"11650","districtName":"서초구","regionName":"서울특별시 서초구","areaSquareMeters":18182.0,"noticeDate":"","bounds":[127.013652,37.520545,127.016225,37.522229],"sourceName":"서울특별시 도시계획사업 현황(서울플랜+) 공간정보 OA-22712","sourceUrl":"https://data.seoul.go.kr/dataList/OA-22712/F/1/datasetView.do","sourceLicense":"공공누리 제4유형(출처표시·상업적이용금지·변경금지)","sourceBaseDate":"2026-02"}},{"type":"Feature","id":"11000UQ120PS202407010871","geometry":{"type":"Polygon","coordinates":[[[127.09642887904255,37.51939571740942],[127.1012145752514,37.52220332165726],[127.10155892937654,37.52239062666866],[127.10270533618605,37.52316225326787],[127.10400569055116,37.52316113211024],[127.10420551919178,37.52204372482991],[127.10304979863945,37.521671191208796],[127.10315729296352,37.52144907734703],[127.10461824905211,37.51887016358882],[127.10450122388053,37.518559954706575],[127.1023218069599,37.51771699906708],[127.09851831217809,37.516286454291865],[127.0982273017114,37.51636484079145],[127.09635633057643,37.518947692591325],[127.09624519705676,37.519171138561866],[127.09633771739549,37.51931533172771],[127.09642887904255,37.51939571740942]]]},"properties":{"projectName":"장미1·2·3차","projectType":"신속통합기획","programTags":["fast_track_planning"],"stageName":"기획완료","districtCode":"11710","districtName":"송파구","regionName":"서울특별시 송파구","areaSquareMeters":257570.0,"noticeDate":"","bounds":[127.096245,37.516286,127.104618,37.523162],"sourceName":"서울특별시 도시계획사업 현황(서울플랜+) 공간정보 OA-22712","sourceUrl":"https://data.seoul.go.kr/dataList/OA-22712/F/1/datasetView.do","sourceLicense":"공공누리 제4유형(출처표시·상업적이용금지·변경금지)","sourceBaseDate":"2026-02"}},{"type":"Feature","id":"11000UQ120PS202411014521","geometry":{"type":"Polygon","coordinates":[[[127.06980142766396,37.5743440980723],[127.06968893564809,37.57289016690439],[127.06877158686584,37.57295646510889],[127.06872375602609,37.572869790327495],[127.06844733862513,37.57298031830797],[127.06840721439195,37.572909730664605],[127.06798690879313,37.57305937427831],[127.06786023432792,37.572860076836875],[127.06766204371581,37.57294204544768],[127.0676892587922,37.57298276383799],[127.0676060577857,37.57302144478035],[127.06755037919697,37.57293622450645],[127.06744771992147,37.57300132415963],[127.06732422184348,37.573029332679084],[127.06726521224937,37.57291463381922],[127.06686128268186,37.57305471834424],[127.06699042777949,37.57328971800674],[127.06696538953018,37.57329785519121],[127.0671415107641,37.57363964607962],[127.06748859620258,37.574246339640645],[127.06721411920135,37.57433782576672],[127.0676729546575,37.575858300588536],[127.06908981201586,37.575600590724775],[127.07005639884612,37.575407105194714],[127.07008295206742,37.57537792482679],[127.07001217335583,37.57435949009309],[127.06997845150605,37.57433556141297],[127.06980142766396,37.5743440980723]]]},"properties":{"projectName":"장안동 134-15 일대","projectType":"신속통합기획","programTags":["fast_track_planning"],"stageName":"기획완료","districtCode":"11230","districtName":"동대문구","regionName":"서울특별시 동대문구","areaSquareMeters":67951.0,"noticeDate":"","bounds":[127.066861,37.57286,127.070083,37.575858],"sourceName":"서울특별시 도시계획사업 현황(서울플랜+) 공간정보 OA-22712","sourceUrl":"https://data.seoul.go.kr/dataList/OA-22712/F/1/datasetView.do","sourceLicense":"공공누리 제4유형(출처표시·상업적이용금지·변경금지)","sourceBaseDate":"2026-02"}},{"type":"Feature","id":"11000UQ120PS202505310021","geometry":{"type":"Polygon","coordinates":[[[127.04494327592985,37.616049660887384],[127.04445007269837,37.61550801844342],[127.0443035043388,37.61526111278678],[127.04405816705894,37.61450854894013],[127.04375128834222,37.61431590325296],[127.04311541294926,37.613966187999395],[127.04272412843764,37.61402493408473],[127.04087879143704,37.6143765141076],[127.04052681539137,37.614390397958154],[127.04031299469708,37.61435844756649],[127.04028678591318,37.614402009606245],[127.0404560142998,37.614672667183406],[127.04019145235961,37.614793454100074],[127.04117615684481,37.616354266015286],[127.04111648753837,37.61641556175593],[127.04114125149746,37.61650902119328],[127.0414158379162,37.61671785712053],[127.04264563115994,37.61756561009243],[127.04278575885634,37.61743654885861],[127.04284030272616,37.617406707314224],[127.04308438904008,37.61756502300694],[127.04384544354076,37.61795442662031],[127.04403360589552,37.61772702266406],[127.04409660378121,37.61775889556703],[127.0443019579616,37.61752224811852],[127.04488749315819,37.61782418996082],[127.04492266315592,37.61780577900782],[127.04491431563974,37.61727996077274],[127.04498815796788,37.617174276494595],[127.04570773846473,37.61748033277261],[127.04585389857007,37.617520461692116],[127.04600738025208,37.61760600610354],[127.04630099989988,37.61760387685709],[127.0461915498392,37.61773544348641],[127.0464933055137,37.61775705152009],[127.0464473471387,37.6178411485333],[127.04652286281538,37.61784217390802],[127.04652263335731,37.61786739244185],[127.04671062216075,37.617864896968065],[127.04678010549641,37.61797655589154],[127.0468939810335,37.61795259112979],[127.04693707393773,37.618037113558906],[127.04716622577294,37.61798302938408],[127.04710144398724,37.61786463854751],[127.04700111170028,37.617603609120216],[127.04688409654686,37.61741804313908],[127.04682187969372,37.617138510758046],[127.04683110728685,37.61709528717189],[127.04674523589804,37.6170877068236],[127.04652431672893,37.61719119683008],[127.04610087694039,37.617446082799184],[127.04600738990843,37.617356047042264],[127.04598585594513,37.61735258638234],[127.04574399756639,37.61739472332668],[127.04559097495948,37.61679418053141],[127.04543569411813,37.6166309356547],[127.04494327592985,37.616049660887384]]]},"properties":{"projectName":"장위13-1","projectType":"신속통합기획","programTags":["fast_track_planning"],"stageName":"대상지선정(추진중)","districtCode":"11290","districtName":"성북구","regionName":"서울특별시 성북구","areaSquareMeters":131226.0,"noticeDate":"","bounds":[127.040191,37.613966,127.047166,37.618037],"sourceName":"서울특별시 도시계획사업 현황(서울플랜+) 공간정보 OA-22712","sourceUrl":"https://data.seoul.go.kr/dataList/OA-22712/F/1/datasetView.do","sourceLicense":"공공누리 제4유형(출처표시·상업적이용금지·변경금지)","sourceBaseDate":"2026-02"}},{"type":"Feature","id":"11000UQ120PS202505310022","geometry":{"type":"Polygon","coordinates":[[[127.04431715371408,37.6151445929761],[127.04451777154192,37.615470963480746],[127.04553625852702,37.61664393538165],[127.04565369145477,37.61675068657524],[127.04581897547119,37.61738166071906],[127.04598585594513,37.61735258638234],[127.04600738990843,37.617356047042264],[127.04605289540652,37.61740488105039],[127.04656386802493,37.61709537145467],[127.04678577790764,37.61698063314936],[127.04686277131484,37.61705146662606],[127.04694895119918,37.617415378318206],[127.04721316359209,37.61794587280126],[127.04806292574973,37.61743467571895],[127.04814015254107,37.617365026462565],[127.04913679749745,37.61676787299214],[127.04915084310055,37.61668019288815],[127.04858241318482,37.61615059467777],[127.04850113640641,37.616057920637914],[127.04840349473164,37.616099431616114],[127.04832674744196,37.61613651041222],[127.04866375381224,37.61658449708976],[127.04875643531639,37.616525625985496],[127.04882582205124,37.616598154173865],[127.0487709782526,37.61663258460021],[127.04878814921868,37.616650444172414],[127.04881202836403,37.61663707306119],[127.04890498751175,37.61673023322193],[127.04880257650163,37.61678929754532],[127.04876918778199,37.616756497199326],[127.0479280153458,37.617285168763594],[127.04777268224957,37.61718094753901],[127.04782194415678,37.61714853796646],[127.04767424970659,37.617008808666135],[127.04763855196647,37.616849574280295],[127.04754735184326,37.61679638174503],[127.04744568782883,37.616598600215724],[127.04787685328733,37.616342246763445],[127.04790475934557,37.61633846068899],[127.04808372483323,37.61618676415119],[127.0484592089532,37.61600857258063],[127.0483756405928,37.615880709753554],[127.04828144473711,37.6156167975533],[127.04826959184544,37.61530039576276],[127.04828212093885,37.61508684929682],[127.04826375332047,37.61507450412377],[127.04755142665171,37.615101444138105],[127.04750911092368,37.61539448667771],[127.04759664693808,37.615624824348835],[127.04755539810478,37.6156754440392],[127.0475104276925,37.615785439806146],[127.04748439573089,37.6157974420035],[127.04694350983468,37.615806481038625],[127.04683447845355,37.6158005314307],[127.04643729764152,37.615558157225664],[127.04622002164432,37.615402270910444],[127.04612801682109,37.61522976786705],[127.04603451847484,37.6149736362523],[127.04627171590046,37.614931290536006],[127.04627823814582,37.614966291175385],[127.04629370913875,37.61496516809051],[127.04664656769741,37.614909551282665],[127.04685263789078,37.61451844652757],[127.04690165017308,37.614338420676454],[127.04697917656551,37.61433648075956],[127.04761512236433,37.61436031550934],[127.04757483224763,37.615055277749995],[127.04827565700317,37.61503795561899],[127.04829099646808,37.61502577728742],[127.04830930743636,37.61492602332218],[127.04842245232862,37.614652196399945],[127.04889069041397,37.61369000479546],[127.04887468386387,37.61364982745704],[127.04610818792352,37.61393798112217],[127.04325011353271,37.61396478897555],[127.0432527273873,37.61398062730049],[127.04346619322345,37.614086254734254],[127.0440579364603,37.614441741274426],[127.04411990755908,37.61455080971303],[127.04431715371408,37.6151445929761]]]},"properties":{"projectName":"장위13-2","projectType":"신속통합기획","programTags":["fast_track_planning"],"stageName":"대상지선정(추진중)","districtCode":"11290","districtName":"성북구","regionName":"서울특별시 성북구","areaSquareMeters":110641.0,"noticeDate":"","bounds":[127.04325,37.61365,127.049151,37.617946],"sourceName":"서울특별시 도시계획사업 현황(서울플랜+) 공간정보 OA-22712","sourceUrl":"https://data.seoul.go.kr/dataList/OA-22712/F/1/datasetView.do","sourceLicense":"공공누리 제4유형(출처표시·상업적이용금지·변경금지)","sourceBaseDate":"2026-02"}},{"type":"Feature","id":"11000UQ120PS202407010950","geometry":{"type":"Polygon","coordinates":[[[127.05520206143635,37.58711710267777],[127.05529364657791,37.587112473175935],[127.05532552273195,37.58703081316647],[127.0556789716853,37.58665308462605],[127.05574927660642,37.5865844783542],[127.05599211915685,37.58641074666337],[127.05595254567821,37.58632841485337],[127.05596382294944,37.58623602260953],[127.05615163986964,37.586279615609534],[127.05612104635439,37.58637026889505],[127.05619254725829,37.58638980520379],[127.05625350829023,37.58637951473051],[127.05621912313828,37.58630150533368],[127.05621391552027,37.58622476180989],[127.05611733747764,37.586159692301734],[127.05605400389034,37.586161154144015],[127.05598772406785,37.5859555654525],[127.05598367271892,37.58547794230002],[127.05602030652575,37.585457617178626],[127.05598540804138,37.585388942148434],[127.05599015000026,37.58535530617016],[127.05578792587526,37.58517233075621],[127.05577786717406,37.58504377104404],[127.05574016806105,37.585031219616624],[127.05571453389608,37.584981893416455],[127.05566080544222,37.58497232257391],[127.05555438914372,37.584810779561984],[127.0555520528133,37.58475816307032],[127.05541044070529,37.58478879824619],[127.05527927252417,37.58475773350494],[127.05518579742073,37.58472785880873],[127.05505165851203,37.58461756699107],[127.05503323915002,37.58455565960737],[127.05485979906035,37.58424887138583],[127.0548319840924,37.584267840690266],[127.05481176120841,37.584073741455505],[127.05482519002787,37.58396459898795],[127.05490882041887,37.58388258950926],[127.05487771377732,37.58382609374548],[127.05446687187857,37.58397752721305],[127.05431792044365,37.58398648665633],[127.05430392030961,37.58394655131723],[127.05421481673702,37.583956845244394],[127.05406051823394,37.58394499397843],[127.05403017345662,37.58398906568425],[127.05402393445164,37.58408461799863],[127.05413209508929,37.58409260663545],[127.05412460916104,37.584137515101],[127.05416828281645,37.58414646944892],[127.05411143923016,37.58422991705585],[127.05412864470914,37.5845147560193],[127.05398067258709,37.58451721849335],[127.05398138786971,37.58448782802249],[127.05372407733148,37.58450037569586],[127.05370573824949,37.58451942163203],[127.05360186097434,37.584517683556214],[127.05350820896619,37.5844860011319],[127.05322695534778,37.584483809128145],[127.05297185757337,37.58474896354452],[127.0523720590575,37.585483184333235],[127.05278617875797,37.58601537952167],[127.05292827790738,37.58616119627686],[127.05330504645408,37.58643712956354],[127.05344275143403,37.58649702965097],[127.0541419208251,37.586487214651875],[127.05433042299643,37.58650776303644],[127.05432584780787,37.586570284457935],[127.05520206143635,37.58711710267777]]]},"properties":{"projectName":"전농동 152-65","projectType":"신속통합기획","programTags":["fast_track_planning"],"stageName":"대상지선정(추진중)","districtCode":"11230","districtName":"동대문구","regionName":"서울특별시 동대문구","areaSquareMeters":71738.0,"noticeDate":"","bounds":[127.052372,37.583826,127.056254,37.587117],"sourceName":"서울특별시 도시계획사업 현황(서울플랜+) 공간정보 OA-22712","sourceUrl":"https://data.seoul.go.kr/dataList/OA-22712/F/1/datasetView.do","sourceLicense":"공공누리 제4유형(출처표시·상업적이용금지·변경금지)","sourceBaseDate":"2026-02"}},{"type":"Feature","id":"11000UQ120PS202505310023","geometry":{"type":"Polygon","coordinates":[[[127.00717578321,37.61089289090661],[127.00707770186112,37.611027475202164],[127.00684683535648,37.61112662987181],[127.00681851690868,37.61106657170799],[127.00678905928362,37.61107269069239],[127.00655263513025,37.61122800322068],[127.00628391636428,37.6113203019235],[127.00625713934511,37.61127214553232],[127.00621556081978,37.61124205440667],[127.00601010484296,37.61129876117708],[127.00605972462371,37.611516103077236],[127.00610618639624,37.61194381525622],[127.00560887229163,37.61197525976935],[127.00558676606516,37.6120072543876],[127.00567198575612,37.61208475385167],[127.00587094307123,37.612221353501994],[127.00708575860551,37.61260366999346],[127.00727488032558,37.61248083012163],[127.0076242967793,37.61222475362908],[127.00762846120195,37.61218211896875],[127.00769200123585,37.61207047504313],[127.00772692962578,37.61179270060014],[127.00772001319892,37.61169989986132],[127.00768323152116,37.611615930303614],[127.00766791155567,37.61152417513613],[127.00768525186035,37.61139428872118],[127.00774757495789,37.61123069421214],[127.00773693420679,37.611159481182625],[127.00784768980088,37.61091301175642],[127.0078169606166,37.610880794294104],[127.0077417463385,37.61087216687829],[127.00750431405321,37.61099298278256],[127.00736720335757,37.6111080089768],[127.00733435853765,37.61110324440638],[127.00729247090256,37.61103463670755],[127.00724304222581,37.610989058451054],[127.0072502158963,37.61090050061169],[127.00721851029141,37.61083317178345],[127.0071617040519,37.610874511553604],[127.00717578321,37.61089289090661]]]},"properties":{"projectName":"정릉2","projectType":"신속통합기획","programTags":["fast_track_planning"],"stageName":"대상지선정(추진중)","districtCode":"11290","districtName":"성북구","regionName":"서울특별시 성북구","areaSquareMeters":24137.0,"noticeDate":"","bounds":[127.005587,37.610833,127.007848,37.612604],"sourceName":"서울특별시 도시계획사업 현황(서울플랜+) 공간정보 OA-22712","sourceUrl":"https://data.seoul.go.kr/dataList/OA-22712/F/1/datasetView.do","sourceLicense":"공공누리 제4유형(출처표시·상업적이용금지·변경금지)","sourceBaseDate":"2026-02"}},{"type":"Feature","id":"11000UQ120PS202502050011","geometry":{"type":"Polygon","coordinates":[[[127.00040355899053,37.60561151083822],[127.00052196956135,37.60575695750523],[127.00052603415858,37.60583421678816],[127.00047316951502,37.60584412713847],[127.00044414352222,37.60586779568729],[127.0006864153946,37.60597834819626],[127.000657343942,37.60601722538055],[127.00057671945605,37.60621693653184],[127.0006102411043,37.60622892887107],[127.00051895935809,37.60643729833385],[127.00048805368019,37.60642654033792],[127.00044437165691,37.606540721445626],[127.00032987894376,37.60707397575191],[127.00019027527902,37.607054026513595],[127.00019312949433,37.60703708807849],[126.99994298202569,37.607020867319704],[126.9997676261108,37.60648706884698],[126.99986229225917,37.606454977221915],[126.99980398088601,37.606416675627],[126.99984530715976,37.606350120650674],[126.99984995232624,37.606263482247684],[126.99975766693768,37.60619872729898],[126.99944950310513,37.606242897463595],[126.99935836995405,37.60629141373295],[126.99916849408793,37.60635153265889],[126.99903587107848,37.606587145846156],[126.99894620078689,37.606559501785625],[126.99892315362652,37.60658312503857],[126.99892189533729,37.60661808312672],[126.99882372226139,37.60652737902948],[126.99881507221839,37.60646551738113],[126.99870482626733,37.60639614816856],[126.99863336630439,37.60638269477524],[126.99842353321448,37.60648673490336],[126.99841169689125,37.60652826988001],[126.9983451057817,37.60653393528665],[126.9982763552319,37.60645574616603],[126.99824077313694,37.60643409457593],[126.99818173617327,37.6064325162017],[126.99814543852438,37.606457796735334],[126.99813016392312,37.6066461286433],[126.99810019200734,37.606776707150594],[126.99802866181048,37.60680666271903],[126.99799517143109,37.60685531476946],[126.99798153324026,37.60691565314752],[126.99777433609327,37.60702745865832],[126.9975925827535,37.60719643197827],[126.9975017102187,37.60719831197232],[126.99743142782978,37.607179073586934],[126.99757868162416,37.60729608015359],[126.99749500649462,37.6073950862693],[126.99775287296033,37.607519385280945],[126.99778791514144,37.60747464361678],[126.99789528595122,37.60752954381031],[126.99771368669148,37.6077676767],[126.99787254169523,37.607831038783324],[126.9980391438031,37.608128683269214],[126.99763220025024,37.60823890572829],[126.99777055055506,37.608440441880525],[126.99780209838137,37.6085282255623],[126.99781025528326,37.60870190813001],[126.99817408645032,37.60857526795831],[126.99830830748417,37.60845791877229],[126.99832580867822,37.60837252416499],[126.99848429797494,37.60828279954057],[126.99834965741427,37.60815882987105],[126.99841255187651,37.608026891719604],[126.99854130577636,37.60780191979286],[126.99861500112074,37.60773870871955],[126.99892417997236,37.60735664540392],[126.99895507592595,37.607325427044344],[126.99900304915167,37.60732221157052],[126.99904028700415,37.60729419181052],[126.99902120657451,37.60722383370297],[126.99917118425631,37.60723636944637],[126.99916853333308,37.607263479950014],[126.99935703912122,37.60727455662724],[126.99947993936135,37.60726157566115],[126.99948857180885,37.607161188365154],[126.99991713195624,37.60731449709659],[127.00026209316026,37.60738856201849],[127.00042280814358,37.607363092853824],[127.00044921479811,37.60729042887743],[127.00100751260351,37.607267980144215],[127.00108594993192,37.60730995722234],[127.00104644762187,37.60736904348667],[127.00099857619507,37.607398748669574],[127.00099966313628,37.60743741883222],[127.00110041134567,37.60744068078911],[127.00137979067031,37.60742066162632],[127.00157154749485,37.607437212742155],[127.00190747296193,37.607416255270515],[127.00240079315995,37.607272554960396],[127.00241951322569,37.60724690385406],[127.00235691801609,37.60711699167975],[127.00223613524258,37.607019533219464],[127.00226376829889,37.60701240627854],[127.00223632761032,37.6070030452421],[127.00162836518359,37.60715098865893],[127.00152786649274,37.60714153740422],[127.00141527272243,37.60708277529311],[127.00123697187,37.60683986115899],[127.00122875004325,37.606803587590214],[127.00123576069203,37.60668217122635],[127.00134104951523,37.606561574943456],[127.00144608881043,37.60648027040599],[127.00156354004343,37.606420093807195],[127.00159253187434,37.606348159358014],[127.00171092263274,37.60624143785881],[127.00180891720423,37.60621966992418],[127.00200505300084,37.6061146958176],[127.00231132098304,37.60582974944718],[127.00236308582859,37.60572845162689],[127.00233444439868,37.60564885903323],[127.00241661740655,37.60564361471931],[127.00233976492605,37.605453021433746],[127.00220269982609,37.60535809478454],[127.00212579341208,37.60539567518679],[127.00213202166148,37.60534760773523],[127.00185071320759,37.60524513110147],[127.00153280052194,37.60538936175429],[127.0014555415612,37.60539899774582],[127.00133887800561,37.60536965622662],[127.00133071291742,37.60533249068321],[127.00132995402224,37.605385144102705],[127.00131120005531,37.60541767855101],[127.0012802493784,37.60540925430536],[127.00119228938414,37.60545718636546],[127.00120185876386,37.60547814324558],[127.00115435108425,37.60549163982639],[127.00089689129098,37.60565031078076],[127.00086035777898,37.60560084664203],[127.00082838880664,37.60548817859363],[127.00058981903085,37.60557793283446],[127.00040355899053,37.60561151083822]]]},"properties":{"projectName":"정릉동 898-16 일대","projectType":"신속통합기획","programTags":["fast_track_planning"],"stageName":"대상지선정(추진중)","districtCode":"11290","districtName":"성북구","regionName":"서울특별시 성북구","areaSquareMeters":53971.0,"noticeDate":"","bounds":[126.997431,37.605245,127.00242,37.608702],"sourceName":"서울특별시 도시계획사업 현황(서울플랜+) 공간정보 OA-22712","sourceUrl":"https://data.seoul.go.kr/dataList/OA-22712/F/1/datasetView.do","sourceLicense":"공공누리 제4유형(출처표시·상업적이용금지·변경금지)","sourceBaseDate":"2026-02"}},{"type":"Feature","id":"11000UQ120PS202407010926","geometry":{"type":"Polygon","coordinates":[[[127.04014451461542,37.59553649021439],[127.04000024106602,37.59504640200495],[127.0398932975012,37.59506160308582],[127.03992830502487,37.595201565885034],[127.03990635664397,37.59534828026065],[127.03987472270354,37.59550917025501],[127.03976324356356,37.595750255689545],[127.03956984584354,37.59607140184916],[127.03950402034808,37.59608853273539],[127.03915190762966,37.59658236668192],[127.03902496691511,37.59673109645095],[127.038994027108,37.596745648157125],[127.03914998948378,37.59709066633077],[127.03926925532612,37.59730477407126],[127.03929080993036,37.59738352216548],[127.03960876966384,37.59810347714476],[127.03971570460413,37.59824664492589],[127.03999421629572,37.5983658356896],[127.0400898272701,37.598309006479525],[127.04034932330575,37.59820275849996],[127.0404887637226,37.59818140428344],[127.0404739477211,37.597282002206875],[127.04040998497702,37.59685478579493],[127.04014451461542,37.59553649021439]]]},"properties":{"projectName":"종암8구역","projectType":"신속통합기획","programTags":["fast_track_planning"],"stageName":"기획완료","districtCode":"11290","districtName":"성북구","regionName":"서울특별시 성북구","areaSquareMeters":26712.0,"noticeDate":"","bounds":[127.038994,37.595046,127.040489,37.598366],"sourceName":"서울특별시 도시계획사업 현황(서울플랜+) 공간정보 OA-22712","sourceUrl":"https://data.seoul.go.kr/dataList/OA-22712/F/1/datasetView.do","sourceLicense":"공공누리 제4유형(출처표시·상업적이용금지·변경금지)","sourceBaseDate":"2026-02"}},{"type":"Feature","id":"11000UQ120PS202407010939","geometry":{"type":"Polygon","coordinates":[[[127.02928317489814,37.5995529577771],[127.02931576052579,37.599053498930914],[127.02930899645786,37.59843448878101],[127.02927889929322,37.598285752478],[127.02930285440138,37.59802623652199],[127.02946072831651,37.59787226619431],[127.02954556973106,37.5978088186301],[127.02962347278839,37.59778394016497],[127.02981154684682,37.597633133630154],[127.0298309802943,37.59704091233723],[127.0296809324157,37.59704182218577],[127.0294281877374,37.597154334005005],[127.02937122955663,37.59727400711593],[127.02804294715746,37.597625229118094],[127.0271846215119,37.59775952939505],[127.02721627352825,37.59799706685921],[127.02715711223395,37.59834156181214],[127.02703268832265,37.59857754736789],[127.0269556389233,37.59863687574608],[127.0273222892305,37.59843313783351],[127.02760620511656,37.59838778298111],[127.02763677592306,37.59850793139427],[127.02768942494401,37.5986187857634],[127.02782453198022,37.59882040486216],[127.02801186071281,37.599009100996035],[127.02821991305673,37.59916607752148],[127.02840554155054,37.59928204601808],[127.0289576005427,37.59952122919372],[127.02923248758985,37.599579602758986],[127.02925951703189,37.59957754216746],[127.02928317489814,37.5995529577771]]]},"properties":{"projectName":"종암9구역","projectType":"신속통합기획","programTags":["fast_track_planning"],"stageName":"대상지선정(추진중)","districtCode":"11290","districtName":"성북구","regionName":"서울특별시 성북구","areaSquareMeters":32740.0,"noticeDate":"","bounds":[127.026956,37.597041,127.029831,37.59958],"sourceName":"서울특별시 도시계획사업 현황(서울플랜+) 공간정보 OA-22712","sourceUrl":"https://data.seoul.go.kr/dataList/OA-22712/F/1/datasetView.do","sourceLicense":"공공누리 제4유형(출처표시·상업적이용금지·변경금지)","sourceBaseDate":"2026-02"}},{"type":"Feature","id":"11000UQ120PS202505310011","geometry":{"type":"Polygon","coordinates":[[[127.07662861747572,37.564047209037554],[127.07769163356625,37.56375940993743],[127.07956747328855,37.56311067121969],[127.07961185547812,37.56303739147865],[127.07837639162045,37.560795667437446],[127.07531330903885,37.5618634917224],[127.07652637343965,37.56400970280483],[127.07662861747572,37.564047209037554]]]},"properties":{"projectName":"중곡동 254-15 일대","projectType":"신속통합기획","programTags":["fast_track_planning"],"stageName":"대상지선정(추진중)","districtCode":"11215","districtName":"광진구","regionName":"서울특별시 광진구","areaSquareMeters":81343.0,"noticeDate":"","bounds":[127.075313,37.560796,127.079612,37.564047],"sourceName":"서울특별시 도시계획사업 현황(서울플랜+) 공간정보 OA-22712","sourceUrl":"https://data.seoul.go.kr/dataList/OA-22712/F/1/datasetView.do","sourceLicense":"공공누리 제4유형(출처표시·상업적이용금지·변경금지)","sourceBaseDate":"2026-02"}},{"type":"Feature","id":"11000UQ120PS202502050022","geometry":{"type":"Polygon","coordinates":[[[127.07690519916237,37.604488610285344],[127.07713438529352,37.603356090732014],[127.07580594541483,37.6032106507635],[127.074391261212,37.60301623565494],[127.07426660583023,37.60362520567265],[127.0739957024144,37.60475971839951],[127.07484382019022,37.604863809433624],[127.07486385020857,37.60476689452164],[127.07545875773147,37.60484604945603],[127.0754686831073,37.604792672640386],[127.07561653236074,37.604809266109555],[127.07560728317725,37.60485807813585],[127.07608212474811,37.60489942252449],[127.07631694528578,37.604931120071356],[127.07631390944518,37.60494614497646],[127.07669539590036,37.60499256449147],[127.0767938306551,37.604475644147996],[127.07690519916237,37.604488610285344]]]},"properties":{"projectName":"중화6구역","projectType":"신속통합기획","programTags":["fast_track_planning"],"stageName":"기획완료","districtCode":"11260","districtName":"중랑구","regionName":"서울특별시 중랑구","areaSquareMeters":45566.4,"noticeDate":"","bounds":[127.073996,37.603016,127.077134,37.604993],"sourceName":"서울특별시 도시계획사업 현황(서울플랜+) 공간정보 OA-22712","sourceUrl":"https://data.seoul.go.kr/dataList/OA-22712/F/1/datasetView.do","sourceLicense":"공공누리 제4유형(출처표시·상업적이용금지·변경금지)","sourceBaseDate":"2026-02"}},{"type":"Feature","id":"11000UQ120PS202407010961","geometry":{"type":"Polygon","coordinates":[[[127.0433425786747,37.65364685139185],[127.04315733656746,37.65330932154178],[127.0431104091648,37.653286723618244],[127.0430679684898,37.653181324480364],[127.0429848944025,37.65316315400859],[127.04273033575937,37.65329460537643],[127.0426365243752,37.653327613797245],[127.04204638720377,37.653396742584185],[127.04173674754126,37.65351983164267],[127.04152611295433,37.65357450234644],[127.04157721905385,37.65357124149527],[127.04159445214773,37.653586642317],[127.04156443659804,37.6536137718588],[127.04155187786853,37.653650896294295],[127.04154987614521,37.65372180371193],[127.04129145128921,37.65383667533423],[127.04121111292362,37.65384913584511],[127.04119534842681,37.65382508511368],[127.04109688319855,37.653846201001784],[127.04103129373301,37.654104892917786],[127.04128175698447,37.65414553284194],[127.0413144414679,37.654234988639345],[127.04142104113893,37.65437856804687],[127.04165596148302,37.65459472235021],[127.04181307022586,37.654675125858795],[127.04186748975162,37.65472051639633],[127.04217118406656,37.65470014020921],[127.0424564488294,37.65475671289415],[127.04260494483407,37.65462890303172],[127.0430043395413,37.65450650097103],[127.04317684180883,37.65455175922811],[127.04316827977338,37.65423633091657],[127.04349461021994,37.65416981340875],[127.04351849869714,37.65412989261579],[127.0433425786747,37.65364685139185]]]},"properties":{"projectName":"창동상아1차","projectType":"신속통합기획","programTags":["fast_track_planning"],"stageName":"기획완료","districtCode":"11320","districtName":"도봉구","regionName":"서울특별시 도봉구","areaSquareMeters":24145.0,"noticeDate":"","bounds":[127.041031,37.653163,127.043518,37.654757],"sourceName":"서울특별시 도시계획사업 현황(서울플랜+) 공간정보 OA-22712","sourceUrl":"https://data.seoul.go.kr/dataList/OA-22712/F/1/datasetView.do","sourceLicense":"공공누리 제4유형(출처표시·상업적이용금지·변경금지)","sourceBaseDate":"2026-02"}},{"type":"Feature","id":"11000UQ120PS202407010940","geometry":{"type":"Polygon","coordinates":[[[127.00874087613438,37.577489333324465],[127.00888197091301,37.57755442090826],[127.00928727299026,37.5775772619805],[127.00929572718604,37.577555277345134],[127.00928219789594,37.57754384471261],[127.00930232380031,37.57752367930201],[127.00932225959723,37.57752606560111],[127.00946808894845,37.57739687237746],[127.00952446214137,37.577261062817215],[127.00954352531633,37.57704428407537],[127.00979728402989,37.5768229210948],[127.00982950633137,37.576759047865814],[127.00987814772398,37.576735267385864],[127.01001160560415,37.57674342080269],[127.0101650403746,37.576719028958244],[127.01034894496696,37.57655852253642],[127.0103428858677,37.57653593524558],[127.0103829892904,37.576494802184996],[127.01043084695414,37.57635696558937],[127.0104283683069,37.57626632648153],[127.01037066984074,37.57618402565559],[127.01037803895221,37.57598905150271],[127.01041245015435,37.57587144217022],[127.01038452154583,37.575860091833405],[127.01042366996398,37.575787784672144],[127.01052185215839,37.57570248077572],[127.01056854201111,37.57555589560951],[127.0104089642536,37.57549693812501],[127.01024795782017,37.57551291563158],[127.01024350935843,37.57561344810573],[127.01021122506732,37.57562367669112],[127.01021061930288,37.5757686725932],[127.01011397272983,37.57578410997415],[127.01001496534649,37.575825187736896],[127.0098961201593,37.57558380376035],[127.00993948864291,37.57538674577457],[127.00991733646342,37.575199116771444],[127.01028726084665,37.57511832538351],[127.01038833095696,37.575145221311736],[127.01055881797106,37.57536930191418],[127.01055219729608,37.57510201646144],[127.0107291328094,37.5751062365296],[127.01072476478127,37.57502707613326],[127.01077640922014,37.574949037590905],[127.01081912157404,37.57477712586671],[127.01095611882496,37.57478171003026],[127.01097472424456,37.574384526313324],[127.01094978032837,37.57424941895097],[127.01113412825799,37.57425171691547],[127.01111993143068,37.57415234817588],[127.01109377789389,37.574119797626516],[127.01110114497408,37.574013615667006],[127.01111135131497,37.57397972870272],[127.01119609301755,37.57389092046966],[127.0112233325782,37.57383111068988],[127.01122344604228,37.573745904300736],[127.01119254332295,37.57357792673967],[127.01138873753544,37.57320607296971],[127.01167096322135,37.57293516713903],[127.01175660137243,37.572793074006285],[127.01196924327385,37.572537057772344],[127.01201253346935,37.57255965070168],[127.01213617234384,37.572505733558984],[127.01210428792308,37.572450650039215],[127.01192187043317,37.57246029781151],[127.0119325175401,37.572425527760544],[127.01181623220931,37.57242336387711],[127.01181517282033,37.572399751786776],[127.01173629604511,37.57239717280486],[127.01173715715939,37.57232023739623],[127.01160825773864,37.57231354513411],[127.01162330947119,37.57220314583009],[127.0115081416504,37.57220018237138],[127.0115244423514,37.57203259728411],[127.01137248148078,37.571998345503026],[127.01135837521555,37.57215629882931],[127.0113393653394,37.57221219768661],[127.01121801970068,37.57223070499444],[127.01119940829925,37.572480108909254],[127.01123681142641,37.57258601692975],[127.01121544533807,37.5727177791116],[127.01094942801801,37.57271224156695],[127.01090478022925,37.57269408121525],[127.01084762650274,37.57269576158204],[127.01084721686419,37.57267873294907],[127.01080250452938,37.572687385954254],[127.01078404549028,37.572534003275955],[127.0107632510592,37.57253476173563],[127.01076280837586,37.572433382643766],[127.01073457098096,37.57229459671617],[127.01069696902788,37.57222188093207],[127.01048922166231,37.57197690934087],[127.01034785779436,37.571952314023065],[127.01029281331118,37.57188492424644],[127.00998590967811,37.57205745876941],[127.00999122430916,37.57210747221414],[127.00984084604201,37.57215057715008],[127.00970817753472,37.572143288427],[127.0096745995083,37.572110359651994],[127.0095136038768,37.57237245896226],[127.00938138034883,37.57250965221739],[127.0092548104826,37.57270044470244],[127.0092213012491,37.572786410118006],[127.00925525864827,37.57287456953075],[127.00927771943512,37.57300436432265],[127.00922823266235,37.57359059507548],[127.00921954669232,37.57388604743818],[127.0092886993868,37.57441749931125],[127.00929159267726,37.574699436065764],[127.00927110857799,37.57486057898459],[127.00916197593972,37.57513321582597],[127.0091300953567,37.57566147567206],[127.00906167591259,37.57577827502334],[127.00900593045183,37.57610938862216],[127.00902441212574,37.57614361054096],[127.00898295044017,37.57619217637155],[127.00883468526423,37.576517550085185],[127.00881330294226,37.57665383469965],[127.00880228492936,37.57673707756591],[127.00898460245557,37.5769783234513],[127.00878461726924,37.577356552207554],[127.00874087613438,37.577489333324465]]]},"properties":{"projectName":"창신10구역","projectType":"신속통합기획","programTags":["fast_track_planning"],"stageName":"기획완료","districtCode":"11110","districtName":"종로구","regionName":"서울특별시 종로구","areaSquareMeters":92247.0,"noticeDate":"","bounds":[127.008741,37.571885,127.012136,37.577577],"sourceName":"서울특별시 도시계획사업 현황(서울플랜+) 공간정보 OA-22712","sourceUrl":"https://data.seoul.go.kr/dataList/OA-22712/F/1/datasetView.do","sourceLicense":"공공누리 제4유형(출처표시·상업적이용금지·변경금지)","sourceBaseDate":"2026-02"}},{"type":"Feature","id":"11000UQ120PS202407010915","geometry":{"type":"Polygon","coordinates":[[[127.01002802803308,37.579696682945276],[127.01018150933926,37.57933767369867],[127.01035978214306,37.57907788803184],[127.01043055547251,37.57894571698461],[127.01053647366865,37.578952358223034],[127.0106196930144,37.57886053228991],[127.01061045089824,37.57910405166458],[127.01052330082432,37.57936633553648],[127.01079754726958,37.579445862403254],[127.01076067635229,37.57927214607709],[127.01077076565264,37.578834247777024],[127.01173642502562,37.577732720892016],[127.01199278751508,37.577137200175365],[127.01206821572315,37.577053753062096],[127.01257104766782,37.57749586637003],[127.01279123372291,37.57735086775686],[127.01253895711305,37.57713407809156],[127.01242284609383,37.57692587079658],[127.01245791217734,37.576893026578894],[127.01259461379532,37.57655624292645],[127.01265080387233,37.576145270432185],[127.0127532416424,37.57569110827702],[127.01274158554688,37.57556569197698],[127.01294332031384,37.575539030437945],[127.01290439743585,37.57551443724893],[127.0129166686118,37.57544011363455],[127.01289766552915,37.57538968721608],[127.01317799623217,37.575210057079765],[127.01311168410419,37.57515594130883],[127.0132462137236,37.575076929463556],[127.01331620615679,37.57514586603154],[127.01333743192622,37.57514808033712],[127.01334359887832,37.575131825910425],[127.01278101676246,37.574568495391695],[127.01248415158464,37.574288757765984],[127.01233329838588,37.5741757419171],[127.01223891088118,37.574139244319575],[127.01207749049198,37.57412627293555],[127.01189179352049,37.57399360278871],[127.01181592126042,37.57390585325879],[127.01154246286116,37.57379390207794],[127.0113867730619,37.57376021826427],[127.011260862274,37.57368658020709],[127.01120195172102,37.5736768633991],[127.01122772693657,37.57376077024122],[127.0112233325782,37.57383111068988],[127.01119609301755,37.57389092046966],[127.01111135131497,37.57397972870272],[127.01110114497408,37.574013615667006],[127.01109377789389,37.574119797626516],[127.01111710066772,37.57414654604747],[127.01113412825799,37.57425171691547],[127.01094978032837,37.57424941895097],[127.01097472424456,37.574384526313324],[127.01095611882496,37.57478171003026],[127.01081912157404,37.57477712586671],[127.01077640922014,37.574949037590905],[127.01072476478127,37.57502707613326],[127.0107291328094,37.5751062365296],[127.01055219729608,37.57510201646144],[127.01055201853163,37.575496431723195],[127.01056605510047,37.575585258971046],[127.01052185215839,37.57570248077572],[127.01042366996398,37.575787784672144],[127.01038452154583,37.575860091833405],[127.01041245015435,37.57587144217022],[127.01037803895221,37.57598905150271],[127.01037066984074,37.57618402565559],[127.0104283683069,37.57626632648153],[127.01043084695414,37.57635696558937],[127.0103829892904,37.576494802184996],[127.0103428858677,37.57653593524558],[127.01034894496696,37.57655852253642],[127.0101650403746,37.576719028958244],[127.01001160560415,37.57674342080269],[127.00987814772398,37.576735267385864],[127.00982950633137,37.576759047865814],[127.00979127352707,37.57682898515827],[127.00954352531633,37.57704428407537],[127.00953819009824,37.57722504042991],[127.00951730138794,37.57730922105117],[127.0094936189669,37.57731083541977],[127.00946808894845,37.57739687237746],[127.00932225959723,37.57752606560111],[127.00930232380031,37.57752367930201],[127.00928219789594,37.57754384471261],[127.00929572718604,37.577555277345134],[127.00928727299026,37.5775772619805],[127.00888197091301,37.57755442090826],[127.00874598194338,37.57749169359756],[127.00867651659672,37.57770447487919],[127.00847776407093,37.57774147227037],[127.0084914563524,37.57792354287376],[127.00844935972461,37.578098003420045],[127.00819914252175,37.578391532290674],[127.00821341800147,37.57839218019247],[127.00812315356829,37.57859905182084],[127.00812598667285,37.57876020213695],[127.00818426115222,37.579086815522984],[127.00821244582282,37.579166677380094],[127.00833102251251,37.57931609021151],[127.00856637008944,37.57953851195601],[127.00870193155042,37.57970986241168],[127.00893079082871,37.57966615041956],[127.00897190783996,37.57977444640867],[127.00907055649061,37.57975578070939],[127.00908767882471,37.57980617178748],[127.009293376818,37.579883399992],[127.00946583839914,37.579654988432225],[127.01002802803308,37.579696682945276]]]},"properties":{"projectName":"창신9구역","projectType":"신속통합기획","programTags":["fast_track_planning"],"stageName":"기획완료","districtCode":"11110","districtName":"종로구","regionName":"서울특별시 종로구","areaSquareMeters":143148.0,"noticeDate":"","bounds":[127.008123,37.573677,127.013344,37.579883],"sourceName":"서울특별시 도시계획사업 현황(서울플랜+) 공간정보 OA-22712","sourceUrl":"https://data.seoul.go.kr/dataList/OA-22712/F/1/datasetView.do","sourceLicense":"공공누리 제4유형(출처표시·상업적이용금지·변경금지)","sourceBaseDate":"2026-02"}},{"type":"Feature","id":"11000UQ120PS202407010912","geometry":{"type":"MultiPolygon","coordinates":[[[[127.0139330557056,37.57923287843223],[127.01443710147883,37.57927863952072],[127.014457268516,37.57923982281074],[127.01455802651913,37.57925413741169],[127.01461030349687,37.579174124018046],[127.01469408186226,37.57919794579315],[127.01474054122797,37.5791262851359],[127.01472442027143,37.5791257193187],[127.01488104043123,37.57872617719763],[127.01483683007235,37.57871063116362],[127.01489527384142,37.578490964005375],[127.01494688525437,37.57849210239939],[127.01507334442084,37.578341199705214],[127.01509993900547,37.57835354917664],[127.01510330642819,37.57838201996918],[127.01518459994895,37.57837915445916],[127.01520541565591,37.57800974117966],[127.01500862113522,37.578011896465924],[127.01500516679928,37.57806615428319],[127.0148662690051,37.57823096054361],[127.01479042063664,37.57829620954327],[127.01452356864968,37.57835882177737],[127.01423514748552,37.57833863505455],[127.01429677714923,37.57820457959543],[127.01436485182559,37.57789479494078],[127.01436877373828,37.577857845045955],[127.0143204619028,37.57775264206643],[127.01433452275373,37.57769033730313],[127.01455313601276,37.57769596255668],[127.01449472802294,37.577602113193855],[127.01438095232545,37.57751471190169],[127.01438883066703,37.577444380009965],[127.01442534484218,37.57740967902006],[127.0144202442843,37.577373144560426],[127.01473166505637,37.577392742621306],[127.01476128807397,37.57737637738087],[127.01478561021746,37.577088761617404],[127.01457449092418,37.5770718285795],[127.01461424669098,37.576931783779564],[127.01475605839144,37.57693105618457],[127.01477180059642,37.57690508797508],[127.01491930329945,37.57688677228002],[127.01492331069427,37.57694960665366],[127.01494838911167,37.57696919125932],[127.01509644645124,37.577012394667015],[127.01529192750894,37.57700455145695],[127.01531479743852,37.576772697818534],[127.01439145726596,37.57665651171905],[127.01431729991123,37.57660747906047],[127.01426324860495,37.57643060314117],[127.0139681771167,37.576469845579645],[127.0137446079164,37.57645673255285],[127.0134552325798,37.57622701047456],[127.01328906628537,37.576047271231054],[127.01350352574688,37.57594691573466],[127.01354932053819,37.57590138419954],[127.01354720569371,37.57584380142894],[127.01349623431915,37.5757985229994],[127.01343394668007,37.575707232278184],[127.01311066502406,37.57566550370949],[127.01302706084032,37.575641131176994],[127.01287752018713,37.57568164232755],[127.01293044334064,37.57579769607698],[127.01275626091767,37.57584277745675],[127.01273985117834,37.57622895468885],[127.01266410214441,37.57680763878088],[127.01253032721286,37.576955458241244],[127.01250928466128,37.577047820371185],[127.01253895711305,37.57713407809156],[127.01279123372291,37.57735086775686],[127.01257104766782,37.57749586637003],[127.01240626678549,37.577583736907705],[127.0123681446242,37.57762230265344],[127.0122840231532,37.5776354827814],[127.01210673379946,37.57773360726872],[127.01205441331022,37.57778181384244],[127.01218469956824,37.57877025755993],[127.01246909482504,37.57899767839078],[127.01292393250128,37.579201283525265],[127.01302276601153,37.5792181674343],[127.01317302330735,37.57919111408977],[127.0131013549941,37.579143206676186],[127.01303038322922,37.578986459968796],[127.01313686052174,37.57909227942513],[127.0130903289155,37.57892637632064],[127.0130112905876,37.578801633431965],[127.01295260883703,37.57861325182966],[127.01293228366596,37.57843590357724],[127.01323659102638,37.57839701420911],[127.01343685662552,37.57841040985402],[127.01376527591349,37.57837340875848],[127.01386724649971,37.578403265846056],[127.0138779506957,37.578440286269476],[127.01386016643546,37.57851248419357],[127.0139330557056,37.57923287843223]]],[[[127.0154824353033,37.578069126113164],[127.01547659346039,37.57885555303926],[127.01540592804106,37.58006891093578],[127.01539341472697,37.58035433589643],[127.01540421579051,37.58035874045004],[127.01557405546228,37.58030828313285],[127.01562328640934,37.579866397470134],[127.01569793469767,37.57973655637532],[127.01574945897916,37.57969168104803],[127.01588851251665,37.57962640575165],[127.01644884829005,37.57949501743264],[127.01655079292853,37.57949549102892],[127.0167562651314,37.57954217182931],[127.01708176322218,37.579704793473944],[127.01716220706427,37.57985484214169],[127.01717230186006,37.58005453544315],[127.01729002362565,37.580192004899565],[127.01753541875576,37.579722878666544],[127.01770058642245,37.57967589852836],[127.0179617270837,37.57952710056175],[127.01810867410423,37.579331592953366],[127.0183005181118,37.579032312155874],[127.01818826212711,37.57865675898987],[127.01794950868317,37.57876564065757],[127.01786018921183,37.57866851768394],[127.01781793364863,37.57869064274781],[127.01766650317333,37.57856733650256],[127.01755789623667,37.57853441123476],[127.01754180393169,37.578561397970944],[127.01731097210268,37.578659492463366],[127.01736174006443,37.57873979961183],[127.01727551573639,37.57882180994579],[127.01729201232858,37.57883231324705],[127.0172929684895,37.578857036192495],[127.0174797458791,37.57894319946902],[127.01733159682075,37.57891913603303],[127.01725172524073,37.57895691606323],[127.01708491117377,37.57883820615848],[127.01697343591701,37.5787858014015],[127.01696289797871,37.57879404680832],[127.01675050268602,37.57859680337411],[127.01676432363588,37.57858855756209],[127.01672014771117,37.578521169455016],[127.01669722979032,37.578441975673755],[127.0167456528325,37.5782963609765],[127.01678402005803,37.57830307738264],[127.01683894047562,37.578265850507094],[127.01703183098543,37.57825221140905],[127.01704804811598,37.57817157997445],[127.01730304616065,37.578009206364285],[127.01736546037216,37.57755527274611],[127.0165584966674,37.57760925641628],[127.0164666962535,37.577600771769504],[127.01648258660654,37.5775253931982],[127.01636824254123,37.577494332599784],[127.01580764672211,37.578023695487104],[127.0157204093106,37.57808114391914],[127.0154824353033,37.578069126113164]]]]},"properties":{"projectName":"창신동 23","projectType":"신속통합기획","programTags":["fast_track_planning"],"stageName":"기획완료","districtCode":"11110","districtName":"종로구","regionName":"서울특별시 종로구","areaSquareMeters":64822.0,"noticeDate":"","bounds":[127.012054,37.575641,127.018301,37.580359],"sourceName":"서울특별시 도시계획사업 현황(서울플랜+) 공간정보 OA-22712","sourceUrl":"https://data.seoul.go.kr/dataList/OA-22712/F/1/datasetView.do","sourceLicense":"공공누리 제4유형(출처표시·상업적이용금지·변경금지)","sourceBaseDate":"2026-02"}},{"type":"Feature","id":"11000UQ120PS202407010861","geometry":{"type":"Polygon","coordinates":[[[127.13394850713975,37.5439410441537],[127.13424546905115,37.543671836900394],[127.13432635896288,37.54363114728356],[127.13428404662619,37.54359067727482],[127.13428887940496,37.54346366808327],[127.13443298250154,37.543451576854395],[127.13443083998631,37.54342388278751],[127.13435889682751,37.54342403581635],[127.1343237301129,37.54325269777578],[127.13427191792388,37.54327878567639],[127.1342173769695,37.54324005929095],[127.13416893382968,37.54312399392753],[127.13416417247925,37.542946521960026],[127.13425938512583,37.542719752523965],[127.13429510847578,37.54270750392816],[127.1343235268967,37.5426150122142],[127.13409219668733,37.542576502466446],[127.13345631804184,37.54242620750212],[127.13315094861798,37.542455947632696],[127.13272548327362,37.542669155145134],[127.13240553934455,37.54277061045255],[127.13221612046974,37.5428805700272],[127.1320825694012,37.54299308942748],[127.13189945152669,37.543070200381706],[127.13199097965446,37.54319250800717],[127.13210202663186,37.543139343894495],[127.13218844217725,37.543256061860944],[127.13233640181625,37.54319104467969],[127.13239013730377,37.54311263491664],[127.13244212065398,37.543097409103964],[127.13248835211715,37.5431758296996],[127.13276822320086,37.54345136744461],[127.13272352779715,37.54349686222131],[127.13269495498342,37.543560675150744],[127.13273044460504,37.54362129948002],[127.13280729784246,37.54365282985448],[127.13285213634487,37.54365663624043],[127.13290290745485,37.543636532705456],[127.13309581959246,37.54369164780824],[127.13319934190068,37.54373507733643],[127.13328038394009,37.54379975921642],[127.1334031977127,37.54384223000771],[127.13347684752274,37.54383430009768],[127.13361777478165,37.54386237060051],[127.13363613512074,37.54393024877469],[127.13384627757495,37.543925202193016],[127.13394850713975,37.5439410441537]]]},"properties":{"projectName":"천호3-1","projectType":"신속통합기획","programTags":["fast_track_planning"],"stageName":"기획완료","districtCode":"11740","districtName":"강동구","regionName":"서울특별시 강동구","areaSquareMeters":26630.0,"noticeDate":"","bounds":[127.131899,37.542426,127.134433,37.543941],"sourceName":"서울특별시 도시계획사업 현황(서울플랜+) 공간정보 OA-22712","sourceUrl":"https://data.seoul.go.kr/dataList/OA-22712/F/1/datasetView.do","sourceLicense":"공공누리 제4유형(출처표시·상업적이용금지·변경금지)","sourceBaseDate":"2026-02"}},{"type":"Feature","id":"11000UQ120PS202407010859","geometry":{"type":"Polygon","coordinates":[[[127.13317323021725,37.5419460245684],[127.132289941577,37.540104937097425],[127.13227875563753,37.540126960718396],[127.1318922820215,37.54024130492814],[127.13150613224244,37.54051876220143],[127.13182273591471,37.54081286736805],[127.13171789203541,37.54088119710172],[127.13208357211657,37.54121000679703],[127.13202229038968,37.5412169400917],[127.13207658397103,37.54140082657388],[127.13200815332168,37.54150002932602],[127.13192734099395,37.54148072023895],[127.1318423405333,37.541616530467024],[127.13181939636054,37.541715754980245],[127.13170959470807,37.54185279979873],[127.13107077554655,37.542154802973315],[127.13114214965873,37.54227763794078],[127.13129714292683,37.5421845304195],[127.13136513824912,37.542237938544396],[127.13144306898035,37.54212666775267],[127.13168830912477,37.5421446995346],[127.13169056410605,37.54216609560211],[127.13279840570624,37.54207660811226],[127.13289120808075,37.54213178976263],[127.13302777063717,37.542021770836826],[127.13308758724861,37.54200497279391],[127.13312450177602,37.541968810903406],[127.13316342468421,37.54196802870751],[127.13317323021725,37.5419460245684]]]},"properties":{"projectName":"천호3-2","projectType":"신속통합기획","programTags":["fast_track_planning"],"stageName":"기획완료","districtCode":"11740","districtName":"강동구","regionName":"서울특별시 강동구","areaSquareMeters":19291.9,"noticeDate":"","bounds":[127.131071,37.540105,127.133173,37.542278],"sourceName":"서울특별시 도시계획사업 현황(서울플랜+) 공간정보 OA-22712","sourceUrl":"https://data.seoul.go.kr/dataList/OA-22712/F/1/datasetView.do","sourceLicense":"공공누리 제4유형(출처표시·상업적이용금지·변경금지)","sourceBaseDate":"2026-02"}},{"type":"Feature","id":"11000UQ120PS202407010860","geometry":{"type":"Polygon","coordinates":[[[127.13088942873168,37.54111093248286],[127.13176437893549,37.54092295186525],[127.13171789203541,37.54088119710172],[127.13182273591471,37.54081286736805],[127.13150619093318,37.540518677443586],[127.13189228315298,37.54024130492689],[127.13227875563753,37.540126960718396],[127.132289941577,37.540104937097425],[127.13206485808529,37.539662087242164],[127.1316667068322,37.539783304683986],[127.13156861576375,37.53971673032064],[127.13117821672319,37.539865598034616],[127.13121390278228,37.539917239753606],[127.13110780898276,37.53996642424721],[127.13102640094336,37.53984691766561],[127.13099639494764,37.539876978830854],[127.13088099185086,37.53992786719229],[127.13074721091058,37.53996431462983],[127.1307029983006,37.53995467733729],[127.13054619475817,37.54000029479837],[127.1305677426077,37.540180046195005],[127.13053146132292,37.540130810581786],[127.1303452125386,37.54016068356812],[127.13032985461528,37.54017834174439],[127.13026192684612,37.5400968940569],[127.13003964127176,37.54014727638081],[127.13001539036895,37.540092765722015],[127.12976114920244,37.540155138451794],[127.12978433070575,37.540206361702936],[127.12980861886557,37.54022325595092],[127.12981369238035,37.54029187900131],[127.1297304645716,37.54031458428714],[127.12965356608485,37.540313361309266],[127.12964442123591,37.54033181453754],[127.1294932883505,37.540398561718646],[127.12957159578099,37.54044287772018],[127.12948256440232,37.54055239069118],[127.1293034194497,37.54048913681474],[127.129211711537,37.540648360203875],[127.12990099417114,37.54093611050914],[127.1300899549508,37.541061061721884],[127.13012977083807,37.54100071497961],[127.13023813770654,37.54093641025],[127.13035111047826,37.54100414075988],[127.13028846731379,37.541055016014965],[127.13055146378433,37.54125229845091],[127.13053059670571,37.54127080960178],[127.13060281169643,37.54133107912296],[127.13067651483273,37.54128316488109],[127.1307765694089,37.54125350287824],[127.13075787049583,37.54120391473143],[127.13070742555811,37.54115011764204],[127.1307938091543,37.54109363003045],[127.1308883130332,37.54108733672777],[127.13088942873168,37.54111093248286]]]},"properties":{"projectName":"천호3-3","projectType":"신속통합기획","programTags":["fast_track_planning"],"stageName":"기획완료","districtCode":"11740","districtName":"강동구","regionName":"서울특별시 강동구","areaSquareMeters":24620.0,"noticeDate":"","bounds":[127.129212,37.539662,127.13229,37.541331],"sourceName":"서울특별시 도시계획사업 현황(서울플랜+) 공간정보 OA-22712","sourceUrl":"https://data.seoul.go.kr/dataList/OA-22712/F/1/datasetView.do","sourceLicense":"공공누리 제4유형(출처표시·상업적이용금지·변경금지)","sourceBaseDate":"2026-02"}},{"type":"Feature","id":"11000UQ120PS202407010903","geometry":{"type":"Polygon","coordinates":[[[127.12300472452911,37.541619789796165],[127.12308903714757,37.54159404278359],[127.12245082584876,37.54021882023059],[127.1223818599008,37.54011979972214],[127.12234221982106,37.54011036184748],[127.12196729245161,37.53981727368253],[127.12205015396015,37.53974161391924],[127.1217551168233,37.53955005739648],[127.12132321128595,37.539800287410216],[127.12088226265192,37.54010045795962],[127.12081231334233,37.540121458685896],[127.12062928581909,37.540286723201156],[127.12060892449854,37.54027600390996],[127.12042049273904,37.54040531675582],[127.12046637163944,37.540438868549195],[127.12049165878258,37.5404163633247],[127.12063100272658,37.540497544605216],[127.12057561173737,37.540556121696085],[127.12073172890375,37.5406369994291],[127.1207169106131,37.54065395303697],[127.1207895290858,37.540717129358455],[127.12084572400583,37.54069514965283],[127.1210489087016,37.5408439871741],[127.12102438252931,37.54090797431869],[127.12103244975887,37.54092899530788],[127.1219228324184,37.54183794043642],[127.1221042468603,37.541720866958364],[127.12237559305868,37.54157898068431],[127.12239596539767,37.54157512160826],[127.12242546075419,37.54160676668458],[127.12249484269066,37.54158558899426],[127.1224988416287,37.541567483970844],[127.12288839375135,37.54145240601011],[127.12294248395376,37.54151064458261],[127.12300472452911,37.541619789796165]]]},"properties":{"projectName":"천호A1-2구역","projectType":"신속통합기획","programTags":["fast_track_planning"],"stageName":"기획완료","districtCode":"11740","districtName":"강동구","regionName":"서울특별시 강동구","areaSquareMeters":30154.0,"noticeDate":"","bounds":[127.12042,37.53955,127.123089,37.541838],"sourceName":"서울특별시 도시계획사업 현황(서울플랜+) 공간정보 OA-22712","sourceUrl":"https://data.seoul.go.kr/dataList/OA-22712/F/1/datasetView.do","sourceLicense":"공공누리 제4유형(출처표시·상업적이용금지·변경금지)","sourceBaseDate":"2026-02"}},{"type":"Feature","id":"11000UQ120PS202407010913","geometry":{"type":"Polygon","coordinates":[[[127.04880999681228,37.587038195493136],[127.04855378194249,37.58722215291734],[127.04876528929174,37.587150665370515],[127.0488050338045,37.58715722664941],[127.04883058831088,37.587104598868976],[127.04885923447505,37.58710683984778],[127.04887993107334,37.58707097233103],[127.0490488980294,37.587137487233505],[127.04901540186282,37.58716435007722],[127.04910772162627,37.58723522043798],[127.0492699031138,37.587313000073216],[127.049297619823,37.58727803062992],[127.04944405410566,37.587340499648334],[127.04957245936937,37.5873607196164],[127.04955653381145,37.58742073171606],[127.04960829521283,37.58741582730106],[127.04974797351922,37.58697368386804],[127.0498856599003,37.587007711809456],[127.04988870516037,37.58699665186796],[127.04996061323534,37.587008387447995],[127.04994805904093,37.587048059378226],[127.05025988490992,37.58705722920745],[127.05039787134027,37.58709934727494],[127.05042297675708,37.58703695265484],[127.0504237674021,37.58718981349219],[127.05053270164554,37.58721445530904],[127.05056289267574,37.58715524803667],[127.05063445133081,37.58716035390128],[127.05063942284507,37.58714485488576],[127.0508302204965,37.58717712071062],[127.05084388408103,37.58712242519529],[127.05094951669311,37.587136544499145],[127.0509901673494,37.58702364302242],[127.05114922175524,37.58707879764781],[127.0520266407817,37.58722324987004],[127.05212057427352,37.587164843816055],[127.05206665682931,37.587111834921956],[127.05218990011724,37.587032657556385],[127.05214101776853,37.58697485329179],[127.05208385462178,37.587010845124624],[127.0520201201244,37.58693958645007],[127.05205730854284,37.58691636115307],[127.0517502871358,37.58654179941893],[127.05163567908055,37.586615359527514],[127.05153509767563,37.58650121129971],[127.05145052398258,37.586553882668746],[127.05139912532937,37.58652444217618],[127.05134602728093,37.586527257655106],[127.0514705459563,37.58612046417678],[127.05148516785309,37.58611152021307],[127.05146591885138,37.586108825402704],[127.05128335751121,37.586199902033776],[127.05115433863327,37.58610580337419],[127.05119498932797,37.58611353474975],[127.0512663959775,37.58606178811463],[127.05107604639461,37.586018260481545],[127.05110260353844,37.58594400812739],[127.05115792798273,37.585884609933736],[127.04870891718654,37.58645170348686],[127.04868887749036,37.58659365994228],[127.0487107399999,37.58663102587972],[127.04885336209267,37.58670150602107],[127.04886446458832,37.58684836308183],[127.04889175279193,37.586948307446825],[127.04880999681228,37.587038195493136]]]},"properties":{"projectName":"청량리동 19 일대","projectType":"신속통합기획","programTags":["fast_track_planning"],"stageName":"기획완료","districtCode":"11230","districtName":"동대문구","regionName":"서울특별시 동대문구","areaSquareMeters":27981.0,"noticeDate":"","bounds":[127.048554,37.585885,127.05219,37.587421],"sourceName":"서울특별시 도시계획사업 현황(서울플랜+) 공간정보 OA-22712","sourceUrl":"https://data.seoul.go.kr/dataList/OA-22712/F/1/datasetView.do","sourceLicense":"공공누리 제4유형(출처표시·상업적이용금지·변경금지)","sourceBaseDate":"2026-02"}},{"type":"Feature","id":"11000UQ120PS202407010885","geometry":{"type":"Polygon","coordinates":[[[126.96503381402172,37.548156458036026],[126.96480811450698,37.548223836297204],[126.96472118995429,37.54823441391056],[126.96463931527931,37.54822992125484],[126.96443198788113,37.548261210821614],[126.96383311612077,37.548302466823856],[126.96352740978529,37.54841436208378],[126.96350396965026,37.548445168441305],[126.96352193738569,37.54869507315234],[126.96354594008753,37.54870203472325],[126.96363904060719,37.54965981009589],[126.96364346624033,37.54990622716075],[126.96378050869136,37.54980365446369],[126.96390657637016,37.5497749620801],[126.96396891909225,37.549660655164985],[126.96414029612903,37.54954340950688],[126.96427773977037,37.54957569940252],[126.96458396580115,37.549748110119985],[126.96463279597722,37.54983999042982],[126.96491003482318,37.55000506617943],[126.96510225927325,37.550099728769716],[126.96519376565998,37.55018018031064],[126.96528605216301,37.55030460758646],[126.96524392621987,37.55037782810022],[126.96528448127586,37.55041715889551],[126.96544220468171,37.55034920128961],[126.96550502482303,37.55034420194514],[126.96635682002723,37.55033480903472],[126.96637855558527,37.55031790390418],[126.96638125928122,37.55012703877803],[126.96679176083549,37.55013189041308],[126.96681662120564,37.55011146324535],[126.9668251529782,37.54928304951393],[126.96704360736348,37.5492982411329],[126.96778713442123,37.54942377471355],[126.96799233692958,37.54961819495026],[126.96807697001472,37.54967329653266],[126.96811660884134,37.549678713697816],[126.9688479520005,37.54939334015891],[126.96920983646478,37.54944665225936],[126.96935467304921,37.549370422899116],[126.96951043379988,37.549257859348955],[126.96962122096681,37.54920352352012],[126.96980463714011,37.5491463239426],[126.96984705013355,37.548813074903094],[126.96964099316068,37.54878546714764],[126.96959303367701,37.54880172789485],[126.96955101576921,37.54877690322973],[126.96946538091947,37.54881478471721],[126.9692651830042,37.54885954460919],[126.96912223275862,37.548867434201696],[126.96899329031682,37.54886617431054],[126.96869218944023,37.54881034666873],[126.9685186092146,37.54863162271995],[126.96841081396686,37.54847133323402],[126.96841546078599,37.548199181109894],[126.96830937744642,37.54795710901622],[126.96825741332694,37.547881915673585],[126.96813269905745,37.547906261306856],[126.96773706766447,37.54805186612215],[126.96775176670937,37.54812846359811],[126.96773106468228,37.54818927459004],[126.9677483659611,37.54819173023527],[126.96781442212185,37.54833406068147],[126.96787188561096,37.54829631472149],[126.96796669034121,37.54827569097524],[126.96799036040893,37.54828313988608],[126.96801153448632,37.54833025873028],[126.96806233873117,37.54829157555894],[126.96816278593865,37.548255041747424],[126.96816948904889,37.54827158584073],[126.9681989156597,37.54826125076722],[126.96822262337166,37.54833676052399],[126.96827548410587,37.54833019818009],[126.96829113339216,37.54830689393989],[126.9683229008592,37.548300136429575],[126.96830802333379,37.548522433822704],[126.96837295351449,37.54855285151009],[126.96822179474067,37.54864780049242],[126.96811638064044,37.548554328921],[126.96799279111553,37.54854088714871],[126.96800000211064,37.54850985905697],[126.96802373299695,37.54850800974837],[126.96803526842403,37.54847326178688],[126.96779789177856,37.54844138925073],[126.96778274346255,37.54840728240469],[126.96770638991732,37.54840203661999],[126.96762284084696,37.548355872905056],[126.96757208831396,37.54835478614684],[126.96751799673156,37.54824329814128],[126.96752860149529,37.54821501006743],[126.96751193164354,37.54805564873696],[126.96697621681828,37.548058964770746],[126.96698493704555,37.54836555754093],[126.96505081055984,37.548380091124606],[126.96503381402172,37.548156458036026]]]},"properties":{"projectName":"청파 2구역","projectType":"신속통합기획","programTags":["fast_track_planning"],"stageName":"기획완료","districtCode":"11170","districtName":"용산구","regionName":"서울특별시 용산구","areaSquareMeters":82360.0,"noticeDate":"","bounds":[126.963504,37.547882,126.969847,37.550417],"sourceName":"서울특별시 도시계획사업 현황(서울플랜+) 공간정보 OA-22712","sourceUrl":"https://data.seoul.go.kr/dataList/OA-22712/F/1/datasetView.do","sourceLicense":"공공누리 제4유형(출처표시·상업적이용금지·변경금지)","sourceBaseDate":"2026-02"}},{"type":"Feature","id":"11000UQ120PS202505310031","geometry":{"type":"Polygon","coordinates":[[[126.96511106933322,37.54832162186962],[126.96527562439832,37.54833115091606],[126.96525561104558,37.54794716029808],[126.96576138699318,37.54789462455425],[126.96578844764852,37.54807621853746],[126.96562463894207,37.54809237769457],[126.96563747230581,37.548326657350984],[126.96690942597215,37.54831527904222],[126.9669267452846,37.5483032018237],[126.96687715532741,37.54742829765576],[126.96645057685961,37.547448326928524],[126.96644335801183,37.54730174248971],[126.96641632100584,37.54730825763411],[126.96636772881385,37.54716628296801],[126.96661358374362,37.547085509928785],[126.96686302538959,37.54707788892714],[126.96686974663076,37.54720111049179],[126.96693595313161,37.54720845495918],[126.96696996240331,37.54717374971304],[126.967079152135,37.547120803309],[126.96708612377762,37.547241655326],[126.96707297351256,37.547293170181725],[126.96694008925374,37.54729393322879],[126.96697426371657,37.54800487949216],[126.96699093511555,37.548023435779214],[126.96766620491579,37.548016927910666],[126.96812983413633,37.54784719600876],[126.9681303438664,37.54782068898711],[126.96803850465848,37.5477146072913],[126.96800148615473,37.54762160546957],[126.96773352741236,37.547709601020024],[126.96767855161306,37.54768969138935],[126.96761991498339,37.547632542708236],[126.96776973573311,37.54744038613389],[126.96776837943477,37.54738657853851],[126.96801641961726,37.54740237417076],[126.9680694643861,37.547615651170965],[126.96833140626987,37.54756966639503],[126.96834381933058,37.547468984093],[126.96839427517544,37.54742317383294],[126.9683928986328,37.54738853032653],[126.9682270745835,37.5473863393353],[126.96820601365218,37.5472378229771],[126.9684802466307,37.54723557545954],[126.968462130783,37.54707938351962],[126.96832514346276,37.547070571239374],[126.96832658569508,37.54700801400421],[126.96852361226414,37.546638869924834],[126.96847973656295,37.54610925480451],[126.96815990018584,37.54612210313036],[126.96815422025976,37.54609531504478],[126.9680236996826,37.546103819497674],[126.96789956218416,37.546059743752274],[126.96786446330195,37.54610385531503],[126.96786537073936,37.546149373670296],[126.9677120930109,37.54613475184642],[126.96751513555942,37.546146516308994],[126.96743196082275,37.54620355212929],[126.96747431483375,37.54625595700866],[126.96768303595339,37.54623046487348],[126.96775187920359,37.54623573735924],[126.96775408812171,37.54625566792507],[126.96798580205697,37.54623217301796],[126.96801943711318,37.546374187849096],[126.96814501867205,37.54637862925479],[126.968158615903,37.546464794921064],[126.96811976919403,37.54653926891343],[126.96794883916637,37.546521651111895],[126.96788690183644,37.54655896156912],[126.96779455719906,37.54654915947564],[126.96757763753232,37.546598124785106],[126.96716483599882,37.5459141122517],[126.96702481530077,37.545960995081046],[126.96702390881525,37.54598820476384],[126.96683641765546,37.545987032619564],[126.96683802115288,37.54589654649942],[126.96669876093601,37.54588940570627],[126.96666649517495,37.54597182791411],[126.96667013172858,37.54613302539963],[126.96661845042871,37.54625843717904],[126.9666202928477,37.54628714331572],[126.96648272916022,37.5462803091066],[126.96639424057446,37.546301411073344],[126.9663771066606,37.54637735956645],[126.96618705893518,37.546348426079675],[126.96613192181582,37.54636157305755],[126.96595934356475,37.54633759989144],[126.96593746065734,37.54640487034128],[126.96594320578217,37.546435713013615],[126.96582699345646,37.54650321627486],[126.96596665168596,37.54712802393455],[126.96537771216991,37.54717298483503],[126.9654253347433,37.54746799300418],[126.9650652683257,37.54749421838349],[126.96514800725186,37.54813126280218],[126.96513521910848,37.54813313292479],[126.9651119743644,37.54825235393894],[126.96511106933322,37.54832162186962]]]},"properties":{"projectName":"청파3","projectType":"신속통합기획","programTags":["fast_track_planning"],"stageName":"대상지선정(추진중)","districtCode":"11170","districtName":"용산구","regionName":"서울특별시 용산구","areaSquareMeters":49210.0,"noticeDate":"","bounds":[126.965065,37.545889,126.968524,37.548331],"sourceName":"서울특별시 도시계획사업 현황(서울플랜+) 공간정보 OA-22712","sourceUrl":"https://data.seoul.go.kr/dataList/OA-22712/F/1/datasetView.do","sourceLicense":"공공누리 제4유형(출처표시·상업적이용금지·변경금지)","sourceBaseDate":"2026-02"}},{"type":"Feature","id":"11000UQ120PS202502050020","geometry":{"type":"Polygon","coordinates":[[[126.99364925301003,37.52861078157337],[126.99332381327119,37.529066338214896],[126.99303708365125,37.52962291618069],[126.99393853281941,37.53016060068225],[126.99457755147134,37.530254298297066],[126.99453683635053,37.53071914666978],[126.9944889168083,37.53091265031362],[126.99437254707973,37.5308990293117],[126.99439663250146,37.53091050942996],[126.99439696948293,37.53093601659051],[126.99444592739765,37.53101104530203],[126.99463598513195,37.53111896857787],[126.99487512840605,37.53115168835057],[126.99497280560415,37.531199536583124],[126.99511355976999,37.5313093033823],[126.99514393685523,37.5313083499719],[126.99525958016484,37.53122395104248],[126.99532870095554,37.531149947040404],[126.99601413726236,37.530639270533705],[126.99641138287102,37.53039901938669],[126.99623270459462,37.530146787237065],[126.99602607468009,37.52970576820002],[126.99573163029274,37.52929118868075],[126.99521426409372,37.52940304766909],[126.99513081259907,37.529323566483725],[126.99501677456041,37.52906302875899],[126.99492330714705,37.52890370976507],[126.99486091935643,37.52885098007794],[126.99489535604722,37.52885962254925],[126.99477969327009,37.52869334651331],[126.9946163278124,37.52872420514723],[126.99430628833346,37.528500487745404],[126.99406186307314,37.5286562995446],[126.99386672500178,37.528513920946246],[126.99381167207832,37.52854329879377],[126.99358059079871,37.52820698733359],[126.99359638572824,37.52818992355955],[126.99355016878782,37.52811012838431],[126.99334622134702,37.5281648048128],[126.99364925301003,37.52861078157337]]]},"properties":{"projectName":"청화","projectType":"신속통합기획","programTags":["fast_track_planning"],"stageName":"대상지선정(추진중)","districtCode":"11170","districtName":"용산구","regionName":"서울특별시 용산구","areaSquareMeters":47872.0,"noticeDate":"","bounds":[126.993037,37.52811,126.996411,37.531309],"sourceName":"서울특별시 도시계획사업 현황(서울플랜+) 공간정보 OA-22712","sourceUrl":"https://data.seoul.go.kr/dataList/OA-22712/F/1/datasetView.do","sourceLicense":"공공누리 제4유형(출처표시·상업적이용금지·변경금지)","sourceBaseDate":"2026-02"}},{"type":"Feature","id":"11000UQ120PS202601310037","geometry":{"type":"Polygon","coordinates":[[[127.00415557422282,37.573570123462225],[127.00240408591773,37.57345854607223],[127.00233934724989,37.573479629646556],[127.00217278518839,37.573479648706325],[127.00222549068123,37.57464639101186],[127.0022327816756,37.57473217396666],[127.00225325991418,37.57473900332458],[127.00223201247664,37.57479215269363],[127.00224359481383,37.57497819747976],[127.00225404336592,37.57497910741224],[127.00224343642684,37.57498808131064],[127.00225038910247,37.57519998445085],[127.00229056514985,37.576020594268286],[127.00348550297086,37.57595899794442],[127.0038804345223,37.575915004515814],[127.00428513283562,37.57581095874709],[127.00451939200548,37.575720629067895],[127.00480681947037,37.575571742299665],[127.00493316085436,37.5754763962534],[127.0054957597681,37.574911973231174],[127.0064003144063,37.57392754758096],[127.00633950300293,37.57374956902702],[127.00613055309447,37.57366655138237],[127.0056734495435,37.57363133073409],[127.00415557422282,37.573570123462225]]]},"properties":{"projectName":"충신동 91-6","projectType":"신속통합기획","programTags":["fast_track_planning"],"stageName":"대상지선정(추진중)","districtCode":"11110","districtName":"종로구","regionName":"서울특별시 종로구","areaSquareMeters":78000.0,"noticeDate":"","bounds":[127.002173,37.573459,127.0064,37.576021],"sourceName":"서울특별시 도시계획사업 현황(서울플랜+) 공간정보 OA-22712","sourceUrl":"https://data.seoul.go.kr/dataList/OA-22712/F/1/datasetView.do","sourceLicense":"공공누리 제4유형(출처표시·상업적이용금지·변경금지)","sourceBaseDate":"2026-02"}},{"type":"Feature","id":"11000UQ120PS202512310002","geometry":{"type":"Polygon","coordinates":[[[127.08046852648513,37.62479102377945],[127.0804661840951,37.624825478797476],[127.08049425546645,37.62488015847133],[127.08127343181224,37.6252161592331],[127.08180166506081,37.625443091091434],[127.08196361703945,37.62548309239776],[127.08211141610117,37.62549784869962],[127.08220427357378,37.62515481847486],[127.08311318980344,37.625068429301514],[127.0833859863176,37.62417042342416],[127.08328107626753,37.624155810192555],[127.08327063352787,37.62413635627113],[127.0832657815859,37.62415365843776],[127.08236090601761,37.62402778427586],[127.08093914323533,37.62399766589765],[127.08046852648513,37.62479102377945]]]},"properties":{"projectName":"태릉우성","projectType":"신속통합기획","programTags":["fast_track_planning"],"stageName":"대상지선정(추진중)","districtCode":"11350","districtName":"노원구","regionName":"서울특별시 노원구","areaSquareMeters":27419.0,"noticeDate":"","bounds":[127.080466,37.623998,127.083386,37.625498],"sourceName":"서울특별시 도시계획사업 현황(서울플랜+) 공간정보 OA-22712","sourceUrl":"https://data.seoul.go.kr/dataList/OA-22712/F/1/datasetView.do","sourceLicense":"공공누리 제4유형(출처표시·상업적이용금지·변경금지)","sourceBaseDate":"2026-02"}},{"type":"Feature","id":"11000UQ120PS202407010914","geometry":{"type":"Polygon","coordinates":[[[126.90733558405428,37.59623938537363],[126.90735854093153,37.59626291936181],[126.90744211633027,37.59607621209537],[126.90768661059053,37.59587810020433],[126.90777634959922,37.595831860946646],[126.90780972249885,37.5958565743993],[126.90798429949437,37.595879868148494],[126.90815958627853,37.59587892573977],[126.90818498872551,37.59584840248188],[126.90843467721119,37.5957506627249],[126.90846076080899,37.59571860827176],[126.90876139681178,37.59561708780542],[126.90783138860401,37.59383874818813],[126.90777382032537,37.59387636361267],[126.90757627770375,37.59384079788928],[126.90731507347299,37.593826083873985],[126.90709003657527,37.59386401568472],[126.9067949455871,37.593962977582756],[126.90665569199321,37.59394709853182],[126.90580053449904,37.59397794261055],[126.90578468888913,37.593795930997246],[126.90576487312156,37.593796275317715],[126.9057649406518,37.593743567808936],[126.90578735356308,37.59371343906383],[126.90581830832149,37.593715320191805],[126.90586303333862,37.5936276006022],[126.905874623392,37.59359589535658],[126.90584106178396,37.59354298039525],[126.9054383162388,37.59370843431466],[126.90544929918077,37.59379682978371],[126.90542823440276,37.59379987598303],[126.90545508398922,37.594141370757825],[126.9054472040188,37.594633932239894],[126.90541925033827,37.59471067330888],[126.9053735625557,37.59475370313102],[126.90539555618386,37.59482102453591],[126.90536053090243,37.59484946709677],[126.90528125160786,37.595038428888486],[126.90490795525174,37.59518993970909],[126.90490827759422,37.59520336463104],[126.90476065545687,37.59526523139549],[126.90475632975517,37.595282887131056],[126.90477803541859,37.595309934435214],[126.90500772345807,37.595401139838366],[126.90582030746977,37.59577956589363],[126.9058622052992,37.595778428576445],[126.90587728873895,37.59576015083033],[126.90596935016636,37.595846629724576],[126.90729366357887,37.5963481006391],[126.90733558405428,37.59623938537363]]]},"properties":{"projectName":"편백마을","projectType":"신속통합기획","programTags":["fast_track_planning"],"stageName":"기획완료","districtCode":"11380","districtName":"은평구","regionName":"서울특별시 은평구","areaSquareMeters":63496.0,"noticeDate":"","bounds":[126.904756,37.593543,126.908761,37.596348],"sourceName":"서울특별시 도시계획사업 현황(서울플랜+) 공간정보 OA-22712","sourceUrl":"https://data.seoul.go.kr/dataList/OA-22712/F/1/datasetView.do","sourceLicense":"공공누리 제4유형(출처표시·상업적이용금지·변경금지)","sourceBaseDate":"2026-02"}},{"type":"Feature","id":"11000UQ120PS202502050015","geometry":{"type":"Polygon","coordinates":[[[127.11733652010986,37.52757492071096],[127.1169143721756,37.526895486092855],[127.11762424420418,37.52658211207671],[127.11743722131371,37.52627604783261],[127.11773890020154,37.526159144687746],[127.11770915131243,37.52611053828495],[127.11740761961211,37.52622742319038],[127.11725983988552,37.52598556102943],[127.11683229827435,37.52618563955753],[127.11576231378469,37.526633581522],[127.11634519244697,37.5274708507561],[127.11655255493474,37.527379189063744],[127.11662228397302,37.52747949187259],[127.11669060206656,37.52744928702081],[127.11690898490433,37.52776287208215],[127.11733652010986,37.52757492071096]]]},"properties":{"projectName":"풍납극동","projectType":"신속통합기획","programTags":["fast_track_planning"],"stageName":"기획완료","districtCode":"11710","districtName":"송파구","regionName":"서울특별시 송파구","areaSquareMeters":16044.0,"noticeDate":"","bounds":[127.115762,37.525986,127.117739,37.527763],"sourceName":"서울특별시 도시계획사업 현황(서울플랜+) 공간정보 OA-22712","sourceUrl":"https://data.seoul.go.kr/dataList/OA-22712/F/1/datasetView.do","sourceLicense":"공공누리 제4유형(출처표시·상업적이용금지·변경금지)","sourceBaseDate":"2026-02"}},{"type":"Feature","id":"11000UQ120PS202502050012","geometry":{"type":"Polygon","coordinates":[[[127.11377620106717,37.535050820182995],[127.11388687387384,37.535132263805885],[127.11478311410382,37.5348627676125],[127.11372884989514,37.53318456610447],[127.11277422845505,37.533586879731985],[127.11280982472286,37.533733320654164],[127.11297949665389,37.5340655009736],[127.11309021666463,37.534195382702265],[127.1132058666651,37.53427751603906],[127.1134190296993,37.53452422239836],[127.11355690126513,37.534802885953724],[127.11377620106717,37.535050820182995]]]},"properties":{"projectName":"풍납미성","projectType":"신속통합기획","programTags":["fast_track_planning"],"stageName":"기획완료","districtCode":"11710","districtName":"송파구","regionName":"서울특별시 송파구","areaSquareMeters":19505.0,"noticeDate":"","bounds":[127.112774,37.533185,127.114783,37.535132],"sourceName":"서울특별시 도시계획사업 현황(서울플랜+) 공간정보 OA-22712","sourceUrl":"https://data.seoul.go.kr/dataList/OA-22712/F/1/datasetView.do","sourceLicense":"공공누리 제4유형(출처표시·상업적이용금지·변경금지)","sourceBaseDate":"2026-02"}},{"type":"Feature","id":"11000UQ120PS202505310016","geometry":{"type":"Polygon","coordinates":[[[127.06629925216906,37.634520642335886],[127.06632401002786,37.634589913944616],[127.0673255086691,37.635225990637466],[127.06766722922568,37.63538536273863],[127.06799846565056,37.63560168154755],[127.06812384659648,37.63556205791763],[127.06827343570576,37.63522825120984],[127.06843703862917,37.634983813351646],[127.06864530600411,37.63451888056141],[127.06866557334844,37.63437966793827],[127.06879525849953,37.63409038014095],[127.0688931432493,37.63396580913187],[127.06952029505415,37.63256596006715],[127.06743842612329,37.63197871252461],[127.06629925216906,37.634520642335886]]]},"properties":{"projectName":"하계장미","projectType":"신속통합기획","programTags":["fast_track_planning"],"stageName":"대상지선정(추진중)","districtCode":"11350","districtName":"노원구","regionName":"서울특별시 노원구","areaSquareMeters":65069.0,"noticeDate":"","bounds":[127.066299,37.631979,127.06952,37.635602],"sourceName":"서울특별시 도시계획사업 현황(서울플랜+) 공간정보 OA-22712","sourceUrl":"https://data.seoul.go.kr/dataList/OA-22712/F/1/datasetView.do","sourceLicense":"공공누리 제4유형(출처표시·상업적이용금지·변경금지)","sourceBaseDate":"2026-02"}},{"type":"Feature","id":"11000UQ120PS202407010888","geometry":{"type":"Polygon","coordinates":[[[127.03451532441342,37.61002508534593],[127.03470493210632,37.60965930563714],[127.03478384285945,37.60964808602036],[127.03503751150889,37.60972650599066],[127.03510856539953,37.60972192682226],[127.03561924382116,37.609478308048885],[127.03567615993067,37.60949110355336],[127.03604218189263,37.60833455965828],[127.0360640667982,37.60833943657766],[127.0360721025933,37.608303854443456],[127.03605602346852,37.6082999506894],[127.0361297336475,37.60805267978971],[127.03649653469381,37.60694049834325],[127.03661224702243,37.6065159211291],[127.03655799577275,37.606602656797264],[127.03645448675623,37.606581388258085],[127.0359590908327,37.606418618222946],[127.03600166153014,37.60634538295634],[127.03603441999851,37.60635991523674],[127.03604625059886,37.60635131640467],[127.03600992214056,37.606331081952376],[127.03601460625397,37.60632152116045],[127.03569783368017,37.60616256469721],[127.03560820142252,37.606102932969726],[127.03513408274405,37.60589387885212],[127.03479612179737,37.60632253771699],[127.03435020615585,37.60693488369595],[127.03362656696682,37.6081290157211],[127.0333630709951,37.608492966738496],[127.03307366422236,37.60902753402338],[127.03295206281148,37.60939103700129],[127.03410891478447,37.60975377748883],[127.03420684852765,37.60983698310924],[127.03438023047994,37.60988891260496],[127.03437010329313,37.60990450781575],[127.03440160420391,37.609920386957164],[127.03437338829082,37.609936783674335],[127.03451532441342,37.61002508534593]],[[127.03387782847597,37.60784184013745],[127.03407709106818,37.60752110776397],[127.03437896578382,37.60755465777086],[127.03455821528739,37.607518424285225],[127.03454131111837,37.607604887266916],[127.03443719441937,37.60785126289461],[127.0343115232985,37.60806762368692],[127.03387782847597,37.60784184013745]]]},"properties":{"projectName":"하월곡동1","projectType":"신속통합기획","programTags":["fast_track_planning"],"stageName":"기획완료","districtCode":"11290","districtName":"성북구","regionName":"서울특별시 성북구","areaSquareMeters":79756.0,"noticeDate":"","bounds":[127.032952,37.605894,127.036612,37.610025],"sourceName":"서울특별시 도시계획사업 현황(서울플랜+) 공간정보 OA-22712","sourceUrl":"https://data.seoul.go.kr/dataList/OA-22712/F/1/datasetView.do","sourceLicense":"공공누리 제4유형(출처표시·상업적이용금지·변경금지)","sourceBaseDate":"2026-02"}},{"type":"Feature","id":"11000UQ120PS202407010893","geometry":{"type":"Polygon","coordinates":[[[126.9488074407237,37.59991543427383],[126.94893372299514,37.60030541813603],[126.94894181910968,37.600386690429104],[126.9489619759041,37.600386699406336],[126.94902853397006,37.60063513910126],[126.9491761854519,37.60102770897008],[126.94922802170643,37.60111671303844],[126.94948436837214,37.601406888823185],[126.94974799244278,37.60138714528239],[126.94974992808055,37.60131475394389],[126.94974035567589,37.60122171423207],[126.94957480018711,37.60093919229318],[126.94947416832431,37.60067093428864],[126.9494449309201,37.60050645592257],[126.94956622671658,37.60046848788417],[126.94988954375293,37.60044651061679],[126.95029918059853,37.600429264076695],[126.9503301513624,37.60044654936075],[126.95040008659844,37.60038344777668],[126.95041914137352,37.600256237195914],[126.95051943163351,37.600216186818585],[126.9508762826034,37.60025382137345],[126.9509778849592,37.60024908971263],[126.95104927686356,37.60020778315013],[126.95112135965867,37.600199750150644],[126.95122294462766,37.6002392205095],[126.9513392599284,37.59997697576946],[126.95128904871233,37.59996113314537],[126.95124375580177,37.599973484362],[126.95119472885857,37.59986384083144],[126.95136880892717,37.59985183273883],[126.95138379423526,37.599761929980374],[126.95137833550254,37.599627807283305],[126.95151832855363,37.599533299458614],[126.95155005873613,37.59953244795198],[126.95166037133986,37.59947203861834],[126.95164700462784,37.59939395375242],[126.95159718726192,37.59936537151937],[126.95154842403731,37.599284523665105],[126.95147171777899,37.59921436762747],[126.95144661368887,37.599212987485465],[126.95141641928726,37.5991697364786],[126.95128231711736,37.59909296975009],[126.95127175222936,37.59904205968948],[126.95130585077727,37.59897099471659],[126.95132895810411,37.598977861028644],[126.95141499350936,37.59888111393989],[126.9513289659889,37.59883125300504],[126.95137611511169,37.59875168016506],[126.95140363753956,37.598760215157725],[126.95142659782691,37.59873296114428],[126.95141798292624,37.59864477823432],[126.95145790353106,37.598570788388294],[126.95151296974366,37.59853886285568],[126.95135757776808,37.59827979118506],[126.95126885158295,37.59798381638196],[126.95139140095057,37.597825205278674],[126.95145948213775,37.59776948130609],[126.95145978528586,37.59773954174873],[126.95143603556946,37.597728665811225],[126.95145118653025,37.59762906309182],[126.95143040806616,37.59715377276954],[126.95145192670275,37.597063476300264],[126.95143782480744,37.59705267653262],[126.95149472023223,37.596908453161525],[126.95147831408775,37.596906013551106],[126.95151939371496,37.5968245279684],[126.95166531405668,37.59676514278099],[126.95180944551777,37.59665399514017],[126.95183161841565,37.59660061217597],[126.95190941505479,37.59662811589557],[126.95221536769886,37.59663974965348],[126.9526794942709,37.596726581211286],[126.95270326553857,37.596471977525134],[126.95235502496399,37.59627099017549],[126.95205066040221,37.59603499443991],[126.95178082864477,37.59597714599717],[126.95154169740428,37.59594950191081],[126.95130651404816,37.59596173656705],[126.95114920922411,37.596113674536426],[126.95096041236219,37.59638419531059],[126.95085858186772,37.59668142224813],[126.95083297425944,37.596889439398126],[126.95025737788254,37.597813005434155],[126.95013432273252,37.597929710392556],[126.94975871401805,37.598194849899684],[126.94954771304383,37.598301487692424],[126.9490046687965,37.59851590665648],[126.94847465690097,37.59861615634494],[126.94758513453264,37.598718204067104],[126.94755507828428,37.59873790384745],[126.94753430762087,37.598770023419455],[126.94761047063963,37.598947011377874],[126.94786616358272,37.59916650833444],[126.94793699378535,37.599198849774545],[126.94803592781648,37.59921827479825],[126.94837264671825,37.59926086411239],[126.94841795080241,37.599280652078306],[126.94851089290572,37.59936650351194],[126.94862062315921,37.59952398156283],[126.94870769035056,37.59975166299927],[126.94872156413196,37.599748912197164],[126.94876410333323,37.59986808625962],[126.9488074407237,37.59991543427383]]]},"properties":{"projectName":"홍은동 8-400 일대","projectType":"신속통합기획","programTags":["fast_track_planning"],"stageName":"기획완료","districtCode":"11410","districtName":"서대문구","regionName":"서울특별시 서대문구","areaSquareMeters":87976.0,"noticeDate":"","bounds":[126.947534,37.59595,126.952703,37.601407],"sourceName":"서울특별시 도시계획사업 현황(서울플랜+) 공간정보 OA-22712","sourceUrl":"https://data.seoul.go.kr/dataList/OA-22712/F/1/datasetView.do","sourceLicense":"공공누리 제4유형(출처표시·상업적이용금지·변경금지)","sourceBaseDate":"2026-02"}},{"type":"Feature","id":"11000UQ120PS202407010943","geometry":{"type":"Polygon","coordinates":[[[126.9468819237404,37.591156829768885],[126.94687463920926,37.591193370333144],[126.9471434047399,37.591536138887015],[126.94748076831596,37.5923768312655],[126.94752195439104,37.59238567075089],[126.9477911271992,37.59232948204928],[126.9478542013805,37.59233682673555],[126.94786867926037,37.59227932347931],[126.94778020391281,37.59227773353981],[126.94778001792768,37.59218995053897],[126.94775956032541,37.59210748312449],[126.94779085135727,37.59208316178046],[126.94786162480479,37.59209053699679],[126.94789157953052,37.592050682045944],[126.94790745762639,37.59187208710024],[126.9480817821091,37.59187300406207],[126.94834320222184,37.59182478429901],[126.94852807605739,37.5918304175027],[126.94855863170632,37.591820718602676],[126.94856768742099,37.59177627709833],[126.94926858687128,37.59150214052574],[126.94933437426353,37.591157984498274],[126.94929103126306,37.591141648497086],[126.94928389652677,37.591078945818886],[126.94922147716004,37.5910756295868],[126.94919708048128,37.59095726543112],[126.94919276731052,37.59097237303203],[126.94891018815905,37.590940983261795],[126.94890029619044,37.59072622014392],[126.94887344985652,37.590726919951614],[126.9488081184342,37.590405987067506],[126.94900945201098,37.5903790292381],[126.9489939222949,37.5903399826594],[126.94906536585698,37.590342203821045],[126.94908807254079,37.59012520271605],[126.94885280468388,37.590089977594914],[126.94869714433487,37.590104332808636],[126.94843588148746,37.59021093725628],[126.94844356342546,37.59021944600685],[126.94830955038414,37.59031470085263],[126.94791027774316,37.59057655358922],[126.9468819237404,37.591156829768885]]]},"properties":{"projectName":"홍제동 267-1","projectType":"신속통합기획","programTags":["fast_track_planning"],"stageName":"기획완료","districtCode":"11410","districtName":"서대문구","regionName":"서울특별시 서대문구","areaSquareMeters":28044.0,"noticeDate":"","bounds":[126.946875,37.59009,126.949334,37.592386],"sourceName":"서울특별시 도시계획사업 현황(서울플랜+) 공간정보 OA-22712","sourceUrl":"https://data.seoul.go.kr/dataList/OA-22712/F/1/datasetView.do","sourceLicense":"공공누리 제4유형(출처표시·상업적이용금지·변경금지)","sourceBaseDate":"2026-02"}},{"type":"Feature","id":"11000UQ120PS202502050007","geometry":{"type":"Polygon","coordinates":[[[126.94867384702167,37.59772859669855],[126.94822926105735,37.596835341782835],[126.94818572991569,37.596824492296726],[126.9478004480878,37.59694988768466],[126.94753588207014,37.597064029737616],[126.9476730082278,37.597271003280255],[126.94784903749844,37.597469939558366],[126.9479459453044,37.59754834213082],[126.94787240591913,37.59766408512704],[126.94775412562984,37.59773391159857],[126.94773844904255,37.59778759407017],[126.94744274390808,37.59794310388074],[126.94730062755161,37.597769466898555],[126.9472289119433,37.59781248022801],[126.94714935795193,37.59783534661293],[126.94715736892513,37.597843837568234],[126.94713813294456,37.59785538832683],[126.94715058789563,37.59787243166423],[126.94700319003773,37.59796243500671],[126.94710255205939,37.59812239643025],[126.94708999935733,37.59813068870095],[126.94721887462065,37.59828624880873],[126.94737378290827,37.598396050754666],[126.94743329052018,37.59840984506574],[126.94790598616048,37.59842953097509],[126.94809219048304,37.59840261293063],[126.94810125296745,37.598413572991895],[126.94825298387936,37.59839202696847],[126.94827085764916,37.598353364820596],[126.94838294675348,37.598296094762276],[126.94839397982025,37.59830674034415],[126.94859470330013,37.598260132540105],[126.94879837956475,37.598168854948796],[126.94884884861766,37.598234135719004],[126.9488953723826,37.598209640708056],[126.94887489637239,37.598068861906135],[126.94884564679172,37.59800528446572],[126.94874523694867,37.5978007163383],[126.94867384702167,37.59772859669855]]]},"properties":{"projectName":"홍제동 287-118 일대","projectType":"신속통합기획","programTags":["fast_track_planning"],"stageName":"대상지선정(추진중)","districtCode":"11410","districtName":"서대문구","regionName":"서울특별시 서대문구","areaSquareMeters":15345.0,"noticeDate":"","bounds":[126.947003,37.596824,126.948895,37.59843],"sourceName":"서울특별시 도시계획사업 현황(서울플랜+) 공간정보 OA-22712","sourceUrl":"https://data.seoul.go.kr/dataList/OA-22712/F/1/datasetView.do","sourceLicense":"공공누리 제4유형(출처표시·상업적이용금지·변경금지)","sourceBaseDate":"2026-02"}},{"type":"Feature","id":"11000UQ120PS202502050006","geometry":{"type":"Polygon","coordinates":[[[126.95207148613252,37.593310886738635],[126.95180008726206,37.59327462524389],[126.95136973353083,37.59315902709793],[126.95096771982318,37.59309750759205],[126.95085194297779,37.59306377014791],[126.95145038113706,37.592559167913876],[126.95177267317119,37.59211962376331],[126.95249951912211,37.59223756038072],[126.95248355802406,37.59195523025773],[126.9525744007253,37.59192044490823],[126.95276784285339,37.59146289687937],[126.95286567439766,37.591387984334304],[126.95282644335138,37.591350081754655],[126.95284035806506,37.59131662492497],[126.95282745137841,37.59126270468161],[126.95324400123309,37.590806283772835],[126.95339741649988,37.590797832109594],[126.95361618532674,37.59064867297362],[126.95442512448152,37.59079539948804],[126.9544297963215,37.5904788673954],[126.9549014401078,37.59047373879174],[126.9548913419107,37.590271661937834],[126.95446859861383,37.59024514038776],[126.95451983121761,37.58974372669893],[126.95391292561096,37.58960237124412],[126.95330236693393,37.589598699686476],[126.95306085234766,37.58964528982499],[126.9530172010062,37.58970290789991],[126.95311432977107,37.589765142754075],[126.95299188664653,37.58990820491503],[126.95247469163981,37.58998907979795],[126.95211195740754,37.59013758201543],[126.95192572833264,37.59038860837993],[126.95235816647364,37.59077231144162],[126.95208246137769,37.59097782803147],[126.95217973057042,37.59105164135307],[126.95195524947712,37.59135689100332],[126.95156842038469,37.591155294811486],[126.951360072673,37.591627250316996],[126.95121544502281,37.59158059885935],[126.9505238377815,37.591421566636285],[126.95048830146128,37.5913802050954],[126.95039130517998,37.59135616089268],[126.9502276283111,37.59128469586401],[126.94990506293645,37.59125951689855],[126.94983929266081,37.59136970556935],[126.94988024383458,37.59137398514839],[126.94988322503431,37.591352768265104],[126.94996586425414,37.59136001226282],[126.95011098631672,37.591558571469506],[126.949940710236,37.59159892436705],[126.94992774087312,37.59162236231772],[126.94990124028405,37.591630225337354],[126.949891617961,37.591578171250745],[126.94986083196198,37.591577518082794],[126.9498524742343,37.5916125447049],[126.94985699065936,37.591647243597194],[126.95004847129796,37.59197303315608],[126.95000996186636,37.59213832899372],[126.95012930478967,37.59226911385866],[126.95005406082078,37.592554260672564],[126.95008131801718,37.592829478238734],[126.95005784567671,37.59282943196852],[126.95006609812441,37.59306252022036],[126.95011619570738,37.59310476217343],[126.9500249403585,37.59325812398994],[126.94999423715304,37.59336630979689],[126.9496554409969,37.59361282388833],[126.94933559071188,37.593528368811675],[126.9493645611171,37.59345464506258],[126.9488062659062,37.593315294098375],[126.94856905664253,37.59322544989185],[126.94839231252097,37.5932151983623],[126.94837764894532,37.593199757900294],[126.94836494639965,37.59321313179796],[126.94807310240148,37.59318995283766],[126.94783995213601,37.59306286230992],[126.94777679130885,37.59309643127583],[126.94771561718986,37.593044065227865],[126.94768291278321,37.59298643236766],[126.94762835377841,37.593006147137295],[126.94771562395489,37.593144768249424],[126.94833803694279,37.59438173225484],[126.94840879657194,37.59442762420625],[126.94853711854297,37.594591859199824],[126.94892790478154,37.594815577122645],[126.94962897537404,37.59492121243936],[126.95022048268588,37.59504576173962],[126.95064802494538,37.595162921531966],[126.95127974672297,37.59538569010065],[126.95130129813725,37.59533037885425],[126.95127704011443,37.5950325032135],[126.95131808595168,37.59494954004633],[126.95127269541463,37.59492636544262],[126.9512708441327,37.59481680499162],[126.95113947237854,37.594850355699535],[126.95122494913574,37.5947020901709],[126.95151672123063,37.59453840170519],[126.95230608884778,37.59428106550393],[126.95236922213077,37.59418450630578],[126.95269887990727,37.59411995244789],[126.95288310001136,37.59430418966335],[126.95289013312166,37.59439070956472],[126.95300298554046,37.59434478328727],[126.95299315723572,37.594309640864935],[126.95317725306927,37.594337737011905],[126.95323325282112,37.59423946256056],[126.95327220694062,37.5942354240604],[126.95326795680276,37.594153883254684],[126.95313753250254,37.5941263498502],[126.95304286158927,37.59396692690261],[126.95316792184822,37.59388417774662],[126.95313285192863,37.593835420128904],[126.95319968588356,37.59379220026317],[126.95314538286249,37.593718657706724],[126.95305770917592,37.59377015804329],[126.95307105657909,37.593791426750585],[126.952991883176,37.59383040684528],[126.95300079212,37.59388627152994],[126.95285343725195,37.59395054114263],[126.95282380650852,37.59389574908179],[126.95274409828909,37.5938863459361],[126.95260731388245,37.593422012145005],[126.95207148613252,37.593310886738635]]]},"properties":{"projectName":"홍제동 9-81 일대","projectType":"신속통합기획","programTags":["fast_track_planning"],"stageName":"대상지선정(추진중)","districtCode":"11410","districtName":"서대문구","regionName":"서울특별시 서대문구","areaSquareMeters":119733.8,"noticeDate":"","bounds":[126.947628,37.589599,126.954901,37.595386],"sourceName":"서울특별시 도시계획사업 현황(서울플랜+) 공간정보 OA-22712","sourceUrl":"https://data.seoul.go.kr/dataList/OA-22712/F/1/datasetView.do","sourceLicense":"공공누리 제4유형(출처표시·상업적이용금지·변경금지)","sourceBaseDate":"2026-02"}},{"type":"Feature","id":"11000UQ120PS202601310017","geometry":{"type":"Polygon","coordinates":[[[126.95793715003826,37.507018959098055],[126.9577914419108,37.50719747396835],[126.95763366828244,37.5071197674938],[126.95764563465278,37.506983703281215],[126.95760319347744,37.50697522714469],[126.95759250848386,37.50698961210409],[126.95748916697472,37.506975013513205],[126.95746357702092,37.5070830155655],[126.95717531557052,37.50709158432472],[126.957016403291,37.50695201410162],[126.95713661608546,37.50676149832634],[126.95725541256331,37.506650954444325],[126.95697848137071,37.5065518126983],[126.95648819344561,37.506335162140566],[126.9559518733746,37.50703716703335],[126.95540196183129,37.50722118963311],[126.95524777850183,37.50743245831954],[126.95546030468131,37.50772678012465],[126.95532235068286,37.50810282061805],[126.95555255198947,37.50844187464448],[126.955486752965,37.508675829028114],[126.95561813197095,37.50878670281885],[126.9556872321369,37.50892459124566],[126.95554535361708,37.50924331796474],[126.95586597662563,37.50939246724634],[126.95612812070762,37.50923380353494],[126.95623773358372,37.509094236073366],[126.95635436117013,37.50915468988287],[126.95643647211774,37.509046162786966],[126.95650388861964,37.50899598492573],[126.95653611658108,37.50894974000024],[126.95651939673121,37.50893647095238],[126.95662499335693,37.50885351125584],[126.95658547041864,37.50882424985687],[126.95675975413738,37.50870247414818],[126.95686956203508,37.508706939597566],[126.95712150803749,37.50889729815615],[126.95711075952322,37.50865551148264],[126.95713571818274,37.508660404267694],[126.95718377073315,37.508610443987756],[126.9572071842458,37.508607966019476],[126.95715461837248,37.50854422775761],[126.95716191940728,37.508495882980306],[126.95738525544547,37.50829389994051],[126.95752443148385,37.50795770862018],[126.95753049625701,37.507741273265296],[126.95764195848446,37.50762222086574],[126.95778210760041,37.5075332362598],[126.95784806838773,37.50745413505807],[126.95795202361896,37.50738700407344],[126.95799983326805,37.50738295819593],[126.95802458642768,37.50733204293014],[126.9581146859839,37.507246481298665],[126.95825075663932,37.50714762870864],[126.95835902401636,37.50699522852835],[126.95840909405031,37.506954152308786],[126.95845481398327,37.50694502385764],[126.95835439771793,37.50693722962179],[126.95826721704881,37.50700270026283],[126.9582351575886,37.50705423459412],[126.95810955512833,37.50702492410713],[126.95804960131349,37.507083241656815],[126.95793715003826,37.507018959098055]]]},"properties":{"projectName":"흑석10","projectType":"신속통합기획","programTags":["fast_track_planning"],"stageName":"대상지선정(추진중)","districtCode":"11590","districtName":"동작구","regionName":"서울특별시 동작구","areaSquareMeters":45882.0,"noticeDate":"","bounds":[126.955248,37.506335,126.958455,37.509392],"sourceName":"서울특별시 도시계획사업 현황(서울플랜+) 공간정보 OA-22712","sourceUrl":"https://data.seoul.go.kr/dataList/OA-22712/F/1/datasetView.do","sourceLicense":"공공누리 제4유형(출처표시·상업적이용금지·변경금지)","sourceBaseDate":"2026-02"}},{"type":"Feature","id":"11000UQ120PS202407010942","geometry":{"type":"Polygon","coordinates":[[[126.97112836508273,37.50552605767251],[126.97148936229729,37.5055473234316],[126.9720403632184,37.50553886307531],[126.9724019734573,37.505499695370226],[126.97246402255564,37.50551833427221],[126.97254632267125,37.50540277447478],[126.97259414460882,37.50536155652876],[126.97230236610287,37.50498449819044],[126.97211301865403,37.504988992243796],[126.97210513705343,37.5049570859441],[126.97204181962216,37.50497283762765],[126.97195187156383,37.50474723679326],[126.97193432517139,37.504751879748405],[126.97184910212873,37.50457664760191],[126.97180793265632,37.50458339474097],[126.9717415668635,37.50452967855065],[126.97160870647481,37.50446234043686],[126.97138796101852,37.504420478036614],[126.97111667649722,37.50434337320547],[126.97103411920808,37.504337855844085],[126.97052982468651,37.50438030671417],[126.97052029423985,37.50436092734995],[126.97015019306386,37.50427237868481],[126.97002267347558,37.50420306701688],[126.96933252966171,37.50402787114796],[126.96925950734162,37.503994667471815],[126.96914580636661,37.50414413447925],[126.96909379673097,37.50408551029123],[126.9688597722181,37.5040274215538],[126.96880634558926,37.50404189302019],[126.96880692029161,37.50400518381388],[126.96875105452912,37.50399823064719],[126.96876080326763,37.50394651605948],[126.96862239499845,37.50390187819535],[126.96859929269547,37.50397251001218],[126.96842874898644,37.503965524683764],[126.96840732585022,37.50381865598878],[126.96822716032207,37.5038323005293],[126.96821968040327,37.50386761754768],[126.96821159010395,37.50385379846097],[126.96811048872256,37.503842327239155],[126.96784426432036,37.50384225165756],[126.96758694690745,37.50365296842608],[126.96741808728082,37.50367490416269],[126.96706381431737,37.50380941049702],[126.96688634951924,37.50385188572013],[126.96659356911466,37.50404902801694],[126.96656608489717,37.504053705078995],[126.96660905074279,37.50421890226428],[126.96671971398915,37.504426625773085],[126.96664585733193,37.504452780691224],[126.96660223405878,37.504385012754874],[126.96647279665474,37.5045056180651],[126.96642949251316,37.50448118816515],[126.96613184774661,37.50491285762245],[126.96607641051799,37.50495545820749],[126.96615067694184,37.505176977289615],[126.966302980745,37.50538138082229],[126.96628506574068,37.505425701873385],[126.96623109939897,37.50544231818731],[126.96629035760192,37.505524272618054],[126.96635538114664,37.50553972608263],[126.9666127704779,37.50543597862478],[126.966666033766,37.50547181982715],[126.96685309979452,37.50539048772681],[126.96721968132952,37.50469648393228],[126.96727166587428,37.50473347597023],[126.96737582544166,37.50493590630135],[126.96731111246942,37.50508324579496],[126.96746494766603,37.50562774524073],[126.96757229731409,37.505982336796684],[126.96776817355523,37.50645461485071],[126.96852628912055,37.5061594819362],[126.96981387656943,37.505702938506346],[126.9702438021262,37.50560051954417],[126.97052871383936,37.50555212093797],[126.97070843258413,37.50553387768657],[126.97112836508273,37.50552605767251]],[[126.9693041227323,37.50439328389535],[126.96937900676342,37.504303048613004],[126.96993787014614,37.504267862179645],[126.9701060102564,37.504399092321506],[126.9701294048258,37.504383673452935],[126.9702190241662,37.50445868729639],[126.97021907468415,37.504418944286414],[126.97050018411234,37.50439532217718],[126.97050251289703,37.504479714769715],[126.97048653962976,37.50454449233321],[126.97046368716607,37.50456178549044],[126.97042387319254,37.50457222659531],[126.97023003217717,37.50456064264376],[126.96931311793215,37.50441001968333],[126.9693041227323,37.50439328389535]]]},"properties":{"projectName":"흑석11","projectType":"신속통합기획","programTags":["fast_track_planning"],"stageName":"기획완료","districtCode":"11590","districtName":"동작구","regionName":"서울특별시 동작구","areaSquareMeters":89333.0,"noticeDate":"","bounds":[126.966076,37.503653,126.972594,37.506455],"sourceName":"서울특별시 도시계획사업 현황(서울플랜+) 공간정보 OA-22712","sourceUrl":"https://data.seoul.go.kr/dataList/OA-22712/F/1/datasetView.do","sourceLicense":"공공누리 제4유형(출처표시·상업적이용금지·변경금지)","sourceBaseDate":"2026-02"}}]}